{
 "type": "FeatureCollection",
 "features": [
  {
   "type": "Feature",
   "properties": {
    "code": "AAKKOSMRAT",
    "firstWaypoint": "AAKKO",
    "secondWaypoint": "SMRAT",
    "nameEn": "Ako-Shomrat",
    "nameHe": "עכו-שמרת",
    "military": "CIVIL",
    "byRequest": "OPEN",
    "curved": null,
    "mapSheet": "N",
    "lengthNm": 2.004355,
    "magneticTrack": "166",
    "backTrack": "X",
    "altitudeNorthRaw": "1500",
    "altitudeSouthRaw": "2000",
    "altitudeWestRaw": "X",
    "altitudeEastRaw": "X",
    "altitudeNorthFt": 1500,
    "altitudeSouthFt": 2000,
    "altitudeWestFt": null,
    "altitudeEastFt": null
   },
   "geometry": {
    "coordinates": [
     [
      [
       35.09,
       32.9516667
      ],
      [
       35.0963889,
       32.9186111
      ]
     ]
    ],
    "type": "MultiLineString"
   }
  },
  {
   "type": "Feature",
   "properties": {
    "code": "AFULATAVOR",
    "firstWaypoint": "AFULA",
    "secondWaypoint": "TAVOR",
    "nameEn": "Tzomet Afula-Kfar Tavor",
    "nameHe": "צומת עפולה-כפר תבור",
    "military": "CIVIL",
    "byRequest": "OPEN",
    "curved": "V",
    "mapSheet": "N",
    "lengthNm": 9.15544,
    "magneticTrack": "X",
    "backTrack": "X",
    "altitudeNorthRaw": "2500",
    "altitudeSouthRaw": "3000",
    "altitudeWestRaw": "X",
    "altitudeEastRaw": "X",
    "altitudeNorthFt": 2500,
    "altitudeSouthFt": 3000,
    "altitudeWestFt": null,
    "altitudeEastFt": null
   },
   "geometry": {
    "coordinates": [
     [
      [
       35.42,
       32.6902778
      ],
      [
       35.4182748,
       32.6897727
      ],
      [
       35.4187793,
       32.6884451
      ],
      [
       35.4190023,
       32.6874106
      ],
      [
       35.4190139,
       32.6871464
      ],
      [
       35.4187391,
       32.6849168
      ],
      [
       35.4187081,
       32.6847734
      ],
      [
       35.4186699,
       32.6846311
      ],
      [
       35.4186247,
       32.6844904
      ],
      [
       35.4185726,
       32.6843514
      ],
      [
       35.4185137,
       32.6842143
      ],
      [
       35.418448,
       32.6840795
      ],
      [
       35.4183758,
       32.6839471
      ],
      [
       35.418297,
       32.6838174
      ],
      [
       35.4182118,
       32.6836906
      ],
      [
       35.4181205,
       32.6835669
      ],
      [
       35.4180231,
       32.6834465
      ],
      [
       35.4179198,
       32.6833297
      ],
      [
       35.4167463,
       32.6822865
      ],
      [
       35.4127308,
       32.6789502
      ],
      [
       35.4125975,
       32.6788274
      ],
      [
       35.4124586,
       32.678709
      ],
      [
       35.4123145,
       32.6785953
      ],
      [
       35.4121653,
       32.6784863
      ],
      [
       35.4120113,
       32.6783823
      ],
      [
       35.4118526,
       32.6782833
      ],
      [
       35.4116896,
       32.6781895
      ],
      [
       35.4115225,
       32.6781011
      ],
      [
       35.4108184,
       32.6778814
      ],
      [
       35.4102351,
       32.6777513
      ],
      [
       35.4092919,
       32.6776053
      ],
      [
       35.4091523,
       32.6775821
      ],
      [
       35.4090146,
       32.6775521
      ],
      [
       35.408879,
       32.6775156
      ],
      [
       35.4087462,
       32.6774726
      ],
      [
       35.4086164,
       32.6774232
      ],
      [
       35.4084902,
       32.6773678
      ],
      [
       35.4083679,
       32.6773063
      ],
      [
       35.4082499,
       32.677239
      ],
      [
       35.4081367,
       32.6771662
      ],
      [
       35.4080285,
       32.6770881
      ],
      [
       35.4079258,
       32.6770049
      ],
      [
       35.4078288,
       32.6769168
      ],
      [
       35.4077379,
       32.6768243
      ],
      [
       35.4076534,
       32.6767275
      ],
      [
       35.4061892,
       32.6745338
      ],
      [
       35.4028021,
       32.669465
      ],
      [
       35.4019127,
       32.6683566
      ],
      [
       35.4004632,
       32.6670628
      ],
      [
       35.398466,
       32.6654904
      ],
      [
       35.3983497,
       32.6653912
      ],
      [
       35.398228,
       32.6652967
      ],
      [
       35.3981012,
       32.6652071
      ],
      [
       35.3979695,
       32.6651228
      ],
      [
       35.3978332,
       32.6650438
      ],
      [
       35.3976927,
       32.6649704
      ],
      [
       35.3975482,
       32.6649027
      ],
      [
       35.3974001,
       32.6648408
      ],
      [
       35.3972487,
       32.664785
      ],
      [
       35.3970943,
       32.6647352
      ],
      [
       35.3969373,
       32.6646918
      ],
      [
       35.3967781,
       32.6646546
      ],
      [
       35.3955407,
       32.664467
      ],
      [
       35.395374,
       32.6644359
      ],
      [
       35.3952091,
       32.6643986
      ],
      [
       35.3950463,
       32.6643551
      ],
      [
       35.394886,
       32.6643055
      ],
      [
       35.3947284,
       32.6642499
      ],
      [
       35.3945739,
       32.6641885
      ],
      [
       35.3944229,
       32.6641213
      ],
      [
       35.3942755,
       32.6640485
      ],
      [
       35.394132,
       32.6639702
      ],
      [
       35.3939929,
       32.6638866
      ],
      [
       35.3938583,
       32.6637978
      ],
      [
       35.3937284,
       32.663704
      ],
      [
       35.3917707,
       32.6619884
      ],
      [
       35.3847886,
       32.6568429
      ],
      [
       35.3845766,
       32.6566806
      ],
      [
       35.3843592,
       32.6565234
      ],
      [
       35.3841367,
       32.6563715
      ],
      [
       35.3839092,
       32.656225
      ],
      [
       35.3836769,
       32.6560839
      ],
      [
       35.38344,
       32.6559485
      ],
      [
       35.3831987,
       32.6558188
      ],
      [
       35.3829531,
       32.6556949
      ],
      [
       35.3827035,
       32.6555768
      ],
      [
       35.3819799,
       32.6553051
      ],
      [
       35.380569,
       32.6547718
      ],
      [
       35.3762824,
       32.6531926
      ],
      [
       35.3761079,
       32.6531284
      ],
      [
       35.3759366,
       32.6530583
      ],
      [
       35.3757689,
       32.6529823
      ],
      [
       35.3756051,
       32.6529005
      ],
      [
       35.3754453,
       32.6528131
      ],
      [
       35.3752899,
       32.6527203
      ],
      [
       35.3745543,
       32.6520307
      ],
      [
       35.3720307,
       32.6494014
      ],
      [
       35.3719127,
       32.6492764
      ],
      [
       35.3717885,
       32.6491558
      ],
      [
       35.3716584,
       32.6490398
      ],
      [
       35.3715226,
       32.6489285
      ],
      [
       35.3713812,
       32.6488223
      ],
      [
       35.3712347,
       32.6487212
      ],
      [
       35.3710832,
       32.6486255
      ],
      [
       35.3709271,
       32.6485354
      ],
      [
       35.3707665,
       32.6484509
      ],
      [
       35.3706018,
       32.6483723
      ],
      [
       35.3704334,
       32.6482997
      ],
      [
       35.3702614,
       32.6482333
      ],
      [
       35.3700863,
       32.6481731
      ],
      [
       35.3699082,
       32.6481192
      ],
      [
       35.3697277,
       32.6480718
      ],
      [
       35.3663109,
       32.6475727
      ],
      [
       35.3601245,
       32.646726
      ],
      [
       35.3597993,
       32.6466842
      ],
      [
       35.3594752,
       32.6466363
      ],
      [
       35.3591525,
       32.6465822
      ],
      [
       35.3588312,
       32.646522
      ],
      [
       35.3585117,
       32.6464556
      ],
      [
       35.358194,
       32.6463833
      ],
      [
       35.3578784,
       32.6463049
      ],
      [
       35.3575648,
       32.6462205
      ],
      [
       35.3572536,
       32.6461301
      ],
      [
       35.3569449,
       32.6460339
      ],
      [
       35.3566388,
       32.6459318
      ],
      [
       35.3563356,
       32.645824
      ],
      [
       35.3560352,
       32.6457104
      ],
      [
       35.3517101,
       32.6436074
      ],
      [
       35.3472433,
       32.6415745
      ],
      [
       35.3447162,
       32.6401262
      ],
      [
       35.3409699,
       32.6380346
      ],
      [
       35.3394209,
       32.6370943
      ],
      [
       35.3391713,
       32.6369025
      ],
      [
       35.3389269,
       32.6367061
      ],
      [
       35.3386877,
       32.6365049
      ],
      [
       35.3384541,
       32.6362993
      ],
      [
       35.3382259,
       32.6360893
      ],
      [
       35.3380034,
       32.6358749
      ],
      [
       35.3377867,
       32.6356564
      ],
      [
       35.3375759,
       32.6354338
      ],
      [
       35.3373711,
       32.6352072
      ],
      [
       35.3371723,
       32.6349767
      ],
      [
       35.3369798,
       32.6347426
      ],
      [
       35.3362385,
       32.6335802
      ],
      [
       35.3350102,
       32.6315063
      ],
      [
       35.3349686,
       32.631399
      ],
      [
       35.3349197,
       32.6312939
      ],
      [
       35.3348635,
       32.6311915
      ],
      [
       35.3348002,
       32.6310921
      ],
      [
       35.3347301,
       32.630996
      ],
      [
       35.3346533,
       32.6309036
      ],
      [
       35.3345703,
       32.6308152
      ],
      [
       35.3344812,
       32.6307311
      ],
      [
       35.3343864,
       32.6306516
      ],
      [
       35.3342862,
       32.630577
      ],
      [
       35.3341635,
       32.6304767
      ],
      [
       35.3340354,
       32.6303814
      ],
      [
       35.333902,
       32.6302913
      ],
      [
       35.3337638,
       32.6302067
      ],
      [
       35.333621,
       32.6301278
      ],
      [
       35.3334739,
       32.6300546
      ],
      [
       35.3333228,
       32.6299875
      ],
      [
       35.3331682,
       32.6299264
      ],
      [
       35.3330104,
       32.6298717
      ],
      [
       35.3328496,
       32.6298233
      ],
      [
       35.3326863,
       32.6297815
      ],
      [
       35.3325209,
       32.6297463
      ],
      [
       35.3323536,
       32.6297177
      ],
      [
       35.332185,
       32.6296959
      ],
      [
       35.3320153,
       32.6296808
      ],
      [
       35.3311541,
       32.6296631
      ],
      [
       35.3297614,
       32.6296401
      ],
      [
       35.3295095,
       32.6296535
      ],
      [
       35.3292572,
       32.6296603
      ],
      [
       35.3290048,
       32.6296607
      ],
      [
       35.3287525,
       32.6296546
      ],
      [
       35.3285006,
       32.629642
      ],
      [
       35.3282492,
       32.6296229
      ],
      [
       35.3279986,
       32.6295974
      ],
      [
       35.3277491,
       32.6295654
      ],
      [
       35.3275008,
       32.6295271
      ],
      [
       35.327254,
       32.6294824
      ],
      [
       35.3270089,
       32.6294314
      ],
      [
       35.3267657,
       32.6293741
      ],
      [
       35.3259426,
       32.6291346
      ],
      [
       35.3241433,
       32.6285648
      ],
      [
       35.3240102,
       32.6285076
      ],
      [
       35.3238807,
       32.6284448
      ],
      [
       35.3237551,
       32.6283766
      ],
      [
       35.3236336,
       32.6283031
      ],
      [
       35.3235166,
       32.6282247
      ],
      [
       35.3234045,
       32.6281413
      ],
      [
       35.3232973,
       32.6280534
      ],
      [
       35.3231956,
       32.627961
      ],
      [
       35.3230994,
       32.6278644
      ],
      [
       35.323009,
       32.6277639
      ],
      [
       35.3229247,
       32.6276597
      ],
      [
       35.3228466,
       32.627552
      ],
      [
       35.322775,
       32.6274412
      ],
      [
       35.32271,
       32.6273275
      ],
      [
       35.3226518,
       32.6272111
      ],
      [
       35.3225852,
       32.6270891
      ],
      [
       35.3225113,
       32.6269701
      ],
      [
       35.3224304,
       32.6268545
      ],
      [
       35.3223426,
       32.6267425
      ],
      [
       35.3222481,
       32.6266344
      ],
      [
       35.3221473,
       32.6265306
      ],
      [
       35.3220403,
       32.6264312
      ],
      [
       35.3219275,
       32.6263366
      ],
      [
       35.3218092,
       32.6262469
      ],
      [
       35.3216856,
       32.6261625
      ],
      [
       35.321557,
       32.6260835
      ],
      [
       35.3214239,
       32.6260102
      ],
      [
       35.3210542,
       32.6258536
      ],
      [
       35.3197703,
       32.6254264
      ],
      [
       35.3195918,
       32.6253483
      ],
      [
       35.3194171,
       32.6252643
      ],
      [
       35.3192465,
       32.6251745
      ],
      [
       35.3190803,
       32.6250789
      ],
      [
       35.3189187,
       32.6249779
      ],
      [
       35.318762,
       32.6248715
      ],
      [
       35.3186105,
       32.6247599
      ],
      [
       35.3184643,
       32.6246433
      ],
      [
       35.3183237,
       32.6245218
      ],
      [
       35.3181889,
       32.6243957
      ],
      [
       35.3170733,
       32.6231767
      ],
      [
       35.3169696,
       32.6230589
      ],
      [
       35.3168593,
       32.6229455
      ],
      [
       35.3167427,
       32.6228367
      ],
      [
       35.3166201,
       32.6227328
      ],
      [
       35.3164918,
       32.6226339
      ],
      [
       35.316358,
       32.6225404
      ],
      [
       35.316219,
       32.6224523
      ],
      [
       35.3160753,
       32.62237
      ],
      [
       35.315927,
       32.6222937
      ],
      [
       35.3157746,
       32.6222234
      ],
      [
       35.3156184,
       32.6221593
      ],
      [
       35.3140932,
       32.6214448
      ],
      [
       35.3088854,
       32.6191942
      ],
      [
       35.303463,
       32.6170686
      ],
      [
       35.3024122,
       32.6166391
      ],
      [
       35.3017507,
       32.6162843
      ],
      [
       35.2995336,
       32.6149985
      ],
      [
       35.2819444,
       32.6036111
      ]
     ]
    ],
    "type": "MultiLineString"
   }
  },
  {
   "type": "Feature",
   "properties": {
    "code": "AHIUDAAKKO",
    "firstWaypoint": "AHIUD",
    "secondWaypoint": "AAKKO",
    "nameEn": "Ahihud-Ako",
    "nameHe": "אחיהוד-עכו",
    "military": "CIVIL",
    "byRequest": "OPEN",
    "curved": null,
    "mapSheet": "N",
    "lengthNm": 4.295261,
    "magneticTrack": "270",
    "backTrack": "X",
    "altitudeNorthRaw": "X",
    "altitudeSouthRaw": "X",
    "altitudeWestRaw": "2000",
    "altitudeEastRaw": "X",
    "altitudeNorthFt": null,
    "altitudeSouthFt": null,
    "altitudeWestFt": 2000,
    "altitudeEastFt": null
   },
   "geometry": {
    "coordinates": [
     [
      [
       35.1811111,
       32.9119444
      ],
      [
       35.0963889,
       32.9186111
      ]
     ]
    ],
    "type": "MultiLineString"
   }
  },
  {
   "type": "Feature",
   "properties": {
    "code": "ALLONFAZEL",
    "firstWaypoint": "ALLON",
    "secondWaypoint": "FAZEL",
    "nameEn": "Alon-Tzomet Fazael",
    "nameHe": "אלון-צומת פצאל",
    "military": "CIVIL",
    "byRequest": "OPEN",
    "curved": null,
    "mapSheet": "N",
    "lengthNm": 4.929576,
    "magneticTrack": "80",
    "backTrack": "260",
    "altitudeNorthRaw": "X",
    "altitudeSouthRaw": "X",
    "altitudeWestRaw": "3500",
    "altitudeEastRaw": "4000",
    "altitudeNorthFt": null,
    "altitudeSouthFt": null,
    "altitudeWestFt": 3500,
    "altitudeEastFt": 4000
   },
   "geometry": {
    "coordinates": [
     [
      [
       35.3666667,
       32.0413889
      ],
      [
       35.4630556,
       32.0480556
      ]
     ]
    ],
    "type": "MultiLineString"
   }
  },
  {
   "type": "Feature",
   "properties": {
    "code": "ALMOGNAAMA",
    "firstWaypoint": "ALMOG",
    "secondWaypoint": "NAAMA",
    "nameEn": "Almog-Naama",
    "nameHe": "אלמוג-נעמה",
    "military": "CIVIL",
    "byRequest": "OPEN",
    "curved": "V",
    "mapSheet": "N",
    "lengthNm": 11.394983,
    "magneticTrack": "X",
    "backTrack": "X",
    "altitudeNorthRaw": "4000",
    "altitudeSouthRaw": "3500",
    "altitudeWestRaw": "X",
    "altitudeEastRaw": "X",
    "altitudeNorthFt": 4000,
    "altitudeSouthFt": 3500,
    "altitudeWestFt": null,
    "altitudeEastFt": null
   },
   "geometry": {
    "coordinates": [
     [
      [
       35.4625,
       31.9086111
      ],
      [
       35.5143855,
       31.8881764
      ],
      [
       35.5266095,
       31.8290126
      ],
      [
       35.4967165,
       31.7894072
      ],
      [
       35.4563889,
       31.7897222
      ]
     ]
    ],
    "type": "MultiLineString"
   }
  },
  {
   "type": "Feature",
   "properties": {
    "code": "ALMOGYRIHO",
    "firstWaypoint": "ALMOG",
    "secondWaypoint": "YRIHO",
    "nameEn": "Almog-mizpe yeriho",
    "nameHe": "אלמוג-מצפה יריחו",
    "military": "CIVIL",
    "byRequest": "OPEN",
    "curved": null,
    "mapSheet": "N",
    "lengthNm": 3.944581,
    "magneticTrack": "286",
    "backTrack": "66",
    "altitudeNorthRaw": "X",
    "altitudeSouthRaw": "X",
    "altitudeWestRaw": "4000",
    "altitudeEastRaw": "3500",
    "altitudeNorthFt": null,
    "altitudeSouthFt": null,
    "altitudeWestFt": 4000,
    "altitudeEastFt": 3500
   },
   "geometry": {
    "coordinates": [
     [
      [
       35.4563889,
       31.7897222
      ],
      [
       35.3875,
       31.8194444
      ]
     ]
    ],
    "type": "MultiLineString"
   }
  },
  {
   "type": "Feature",
   "properties": {
    "code": "ALUMTDESHE",
    "firstWaypoint": "ALUMT",
    "secondWaypoint": "DESHE",
    "nameEn": "Alumot-Karey Deshe",
    "nameHe": "אלומות-כרי דשא",
    "military": "CIVIL",
    "byRequest": "OPEN",
    "curved": null,
    "mapSheet": "N",
    "lengthNm": 9.354325,
    "magneticTrack": "351",
    "backTrack": "171",
    "altitudeNorthRaw": "2500/3500",
    "altitudeSouthRaw": "3000",
    "altitudeWestRaw": "X",
    "altitudeEastRaw": "X",
    "altitudeNorthFt": null,
    "altitudeSouthFt": 3000,
    "altitudeWestFt": null,
    "altitudeEastFt": null
   },
   "geometry": {
    "coordinates": [
     [
      [
       35.5463889,
       32.7141667
      ],
      [
       35.5325,
       32.87
      ]
     ]
    ],
    "type": "MultiLineString"
   }
  },
  {
   "type": "Feature",
   "properties": {
    "code": "ALUMTHAROV",
    "firstWaypoint": "ALUMT",
    "secondWaypoint": "HAROV",
    "nameEn": "Alumot-Kfar Haroov",
    "nameHe": "אלומות-כפר חרוב",
    "military": "CIVIL",
    "byRequest": "BR",
    "curved": null,
    "mapSheet": "N",
    "lengthNm": 6.731887,
    "magneticTrack": "61",
    "backTrack": "241",
    "altitudeNorthRaw": "2500",
    "altitudeSouthRaw": "3000",
    "altitudeWestRaw": "X",
    "altitudeEastRaw": "X",
    "altitudeNorthFt": 2500,
    "altitudeSouthFt": 3000,
    "altitudeWestFt": null,
    "altitudeEastFt": null
   },
   "geometry": {
    "coordinates": [
     [
      [
       35.5463889,
       32.7141667
      ],
      [
       35.6683333,
       32.7591667
      ]
     ]
    ],
    "type": "MultiLineString"
   }
  },
  {
   "type": "Feature",
   "properties": {
    "code": "AMIOZZMGEN",
    "firstWaypoint": "AMIOZ",
    "secondWaypoint": "ZMGEN",
    "nameEn": "Amioz-Tzomet Magen",
    "nameHe": "עמיעוז-צומת מגן",
    "military": "MIL",
    "byRequest": "BR",
    "curved": null,
    "mapSheet": "S",
    "lengthNm": 2.691746,
    "magneticTrack": "30",
    "backTrack": "210",
    "altitudeNorthRaw": "2500",
    "altitudeSouthRaw": "2000",
    "altitudeWestRaw": "X",
    "altitudeEastRaw": "X",
    "altitudeNorthFt": 2500,
    "altitudeSouthFt": 2000,
    "altitudeWestFt": null,
    "altitudeEastFt": null
   },
   "geometry": {
    "coordinates": [
     [
      [
       34.4027778,
       31.2566667
      ],
      [
       34.4322222,
       31.2938889
      ]
     ]
    ],
    "type": "MultiLineString"
   }
  },
  {
   "type": "Feature",
   "properties": {
    "code": "AMNONLLIB",
    "firstWaypoint": "AMNON",
    "secondWaypoint": "LLIB",
    "nameEn": "Amnon-Rosh Pina",
    "nameHe": "אמנון-ראש פינה",
    "military": "CIVIL",
    "byRequest": "OPEN",
    "curved": null,
    "mapSheet": "N",
    "lengthNm": 4.494472,
    "magneticTrack": "357",
    "backTrack": "177",
    "altitudeNorthRaw": "2500",
    "altitudeSouthRaw": "3000",
    "altitudeWestRaw": "X",
    "altitudeEastRaw": "X",
    "altitudeNorthFt": 2500,
    "altitudeSouthFt": 3000,
    "altitudeWestFt": null,
    "altitudeEastFt": null
   },
   "geometry": {
    "coordinates": [
     [
      [
       35.5666667,
       32.9055556
      ],
      [
       35.5708333,
       32.9805556
      ]
     ]
    ],
    "type": "MultiLineString"
   }
  },
  {
   "type": "Feature",
   "properties": {
    "code": "ANATAHNINA",
    "firstWaypoint": "ANATA",
    "secondWaypoint": "HNINA",
    "nameEn": "Anata-Beit Hanina",
    "nameHe": "ענאתא-בית חנינא",
    "military": "CIVIL",
    "byRequest": "OPEN",
    "curved": null,
    "mapSheet": "N",
    "lengthNm": 3.309939,
    "magneticTrack": "280",
    "backTrack": "100",
    "altitudeNorthRaw": "X",
    "altitudeSouthRaw": "X",
    "altitudeWestRaw": "5000",
    "altitudeEastRaw": "4500",
    "altitudeNorthFt": null,
    "altitudeSouthFt": null,
    "altitudeWestFt": 5000,
    "altitudeEastFt": 4500
   },
   "geometry": {
    "coordinates": [
     [
      [
       35.2713889,
       31.8211111
      ],
      [
       35.2075,
       31.8302778
      ]
     ]
    ],
    "type": "MultiLineString"
   }
  },
  {
   "type": "Feature",
   "properties": {
    "code": "APOLNARENA",
    "firstWaypoint": "APOLN",
    "secondWaypoint": "ARENA",
    "nameEn": "Tel Arshaf -APOLN",
    "nameHe": "אפלון - ארנה",
    "military": "CIVIL",
    "byRequest": "OPEN",
    "curved": null,
    "mapSheet": "N",
    "lengthNm": 1.680138,
    "magneticTrack": "195",
    "backTrack": "15",
    "altitudeNorthRaw": "1600",
    "altitudeSouthRaw": "800",
    "altitudeWestRaw": "X",
    "altitudeEastRaw": "X",
    "altitudeNorthFt": 1600,
    "altitudeSouthFt": 800,
    "altitudeWestFt": null,
    "altitudeEastFt": null
   },
   "geometry": {
    "coordinates": [
     [
      [
       34.7972222,
       32.1911111
      ],
      [
       34.7856333,
       32.1648167
      ]
     ]
    ],
    "type": "MultiLineString"
   }
  },
  {
   "type": "Feature",
   "properties": {
    "code": "ARAVAZAFIT",
    "firstWaypoint": "ARAVA",
    "secondWaypoint": "ZAFIT",
    "nameEn": "Tzomet Haarava-Tzomet Tzafit",
    "nameHe": "צומת הערבה-צומת צפית",
    "military": "MIL",
    "byRequest": "BR",
    "curved": null,
    "mapSheet": "S",
    "lengthNm": 6.472044,
    "magneticTrack": "294",
    "backTrack": "114",
    "altitudeNorthRaw": "X",
    "altitudeSouthRaw": "X",
    "altitudeWestRaw": "4000",
    "altitudeEastRaw": "3500",
    "altitudeNorthFt": null,
    "altitudeSouthFt": null,
    "altitudeWestFt": 4000,
    "altitudeEastFt": 3500
   },
   "geometry": {
    "coordinates": [
     [
      [
       35.1997222,
       31.0425
      ],
      [
       35.3091667,
       30.9894444
      ]
     ]
    ],
    "type": "MultiLineString"
   }
  },
  {
   "type": "Feature",
   "properties": {
    "code": "ARAVAZOHAR",
    "firstWaypoint": "ARAVA",
    "secondWaypoint": "ZOHAR",
    "nameEn": "Tzomet Haarava-Neve Zohar",
    "nameHe": "צומת הערבה-נווה זוהר",
    "military": "CIVIL",
    "byRequest": "OPEN",
    "curved": null,
    "mapSheet": "S",
    "lengthNm": 10.193129,
    "magneticTrack": "14",
    "backTrack": "194",
    "altitudeNorthRaw": "4000",
    "altitudeSouthRaw": "3500",
    "altitudeWestRaw": "X",
    "altitudeEastRaw": "X",
    "altitudeNorthFt": 4000,
    "altitudeSouthFt": 3500,
    "altitudeWestFt": null,
    "altitudeEastFt": null
   },
   "geometry": {
    "coordinates": [
     [
      [
       35.3091667,
       30.9894444
      ],
      [
       35.3725,
       31.1508333
      ]
     ]
    ],
    "type": "MultiLineString"
   }
  },
  {
   "type": "Feature",
   "properties": {
    "code": "ARGMNTIRAT",
    "firstWaypoint": "ARGMN",
    "secondWaypoint": "TIRAT",
    "nameEn": "Argaman-Tirat Zvi",
    "nameHe": "ארגמן-טירת צבי",
    "military": "CIVIL",
    "byRequest": "OPEN",
    "curved": "V",
    "mapSheet": "N",
    "lengthNm": 15.284277,
    "magneticTrack": "X",
    "backTrack": "X",
    "altitudeNorthRaw": "3500",
    "altitudeSouthRaw": "3000",
    "altitudeWestRaw": "X",
    "altitudeEastRaw": "X",
    "altitudeNorthFt": 3500,
    "altitudeSouthFt": 3000,
    "altitudeWestFt": null,
    "altitudeEastFt": null
   },
   "geometry": {
    "coordinates": [
     [
      [
       35.5266667,
       32.4244444
      ],
      [
       35.5289725,
       32.3847304
      ],
      [
       35.542812,
       32.3255619
      ],
      [
       35.5490859,
       32.2884574
      ],
      [
       35.5489158,
       32.212697
      ],
      [
       35.5325,
       32.1730556
      ]
     ]
    ],
    "type": "MultiLineString"
   }
  },
  {
   "type": "Feature",
   "properties": {
    "code": "ARRADLLMZ",
    "firstWaypoint": "ARRAD",
    "secondWaypoint": "LLMZ",
    "nameEn": "Tzomet Arad-Metzada",
    "nameHe": "צומת ערד-מצדה",
    "military": "CIVIL",
    "byRequest": "OPEN",
    "curved": null,
    "mapSheet": "S",
    "lengthNm": 10.209131,
    "magneticTrack": "59",
    "backTrack": "X",
    "altitudeNorthRaw": "X",
    "altitudeSouthRaw": "X",
    "altitudeWestRaw": "X",
    "altitudeEastRaw": "4000",
    "altitudeNorthFt": null,
    "altitudeSouthFt": null,
    "altitudeWestFt": null,
    "altitudeEastFt": 4000
   },
   "geometry": {
    "coordinates": [
     [
      [
       35.2097222,
       31.2544444
      ],
      [
       35.3883333,
       31.3291667
      ]
     ]
    ],
    "type": "MultiLineString"
   }
  },
  {
   "type": "Feature",
   "properties": {
    "code": "ARRADTARAD",
    "firstWaypoint": "ARRAD",
    "secondWaypoint": "TARAD",
    "nameEn": "Tzomet Arad-Tel Arad",
    "nameHe": "צומת ערד-תל ערד",
    "military": "CIVIL",
    "byRequest": "OPEN",
    "curved": null,
    "mapSheet": "N/S",
    "lengthNm": 4.540441,
    "magneticTrack": "283",
    "backTrack": "103",
    "altitudeNorthRaw": "X",
    "altitudeSouthRaw": "X",
    "altitudeWestRaw": "4000",
    "altitudeEastRaw": "3500",
    "altitudeNorthFt": null,
    "altitudeSouthFt": null,
    "altitudeWestFt": 4000,
    "altitudeEastFt": 3500
   },
   "geometry": {
    "coordinates": [
     [
      [
       35.1255556,
       31.2775
      ],
      [
       35.2097222,
       31.2544444
      ]
     ]
    ],
    "type": "MultiLineString"
   }
  },
  {
   "type": "Feature",
   "properties": {
    "code": "ASKLNNITZA",
    "firstWaypoint": "ASKLN",
    "secondWaypoint": "NITZA",
    "nameEn": "Tel Ashkelon-Nitzan",
    "nameHe": "תל אשקלון-ניצן",
    "military": "CIVIL",
    "byRequest": "BR",
    "curved": null,
    "mapSheet": "N",
    "lengthNm": 3.811075,
    "magneticTrack": "20",
    "backTrack": "200",
    "altitudeNorthRaw": "1200",
    "altitudeSouthRaw": "800",
    "altitudeWestRaw": "X",
    "altitudeEastRaw": "X",
    "altitudeNorthFt": 1200,
    "altitudeSouthFt": 800,
    "altitudeWestFt": null,
    "altitudeEastFt": null
   },
   "geometry": {
    "coordinates": [
     [
      [
       34.5391667,
       31.6663889
      ],
      [
       34.5705556,
       31.7241667
      ]
     ]
    ],
    "type": "MultiLineString"
   }
  },
  {
   "type": "Feature",
   "properties": {
    "code": "ASKLNOSNAT",
    "firstWaypoint": "ASKLN",
    "secondWaypoint": "OSNAT",
    "nameEn": "Tel Ashkelon-Osnat",
    "nameHe": "תל אשקלון-אסנת",
    "military": "MIL",
    "byRequest": "BR",
    "curved": null,
    "mapSheet": "N",
    "lengthNm": 9.986616,
    "magneticTrack": "351",
    "backTrack": "171",
    "altitudeNorthRaw": "2000",
    "altitudeSouthRaw": "1500",
    "altitudeWestRaw": "X",
    "altitudeEastRaw": "X",
    "altitudeNorthFt": 2000,
    "altitudeSouthFt": 1500,
    "altitudeWestFt": null,
    "altitudeEastFt": null
   },
   "geometry": {
    "coordinates": [
     [
      [
       34.5391667,
       31.6663889
      ],
      [
       34.5233333,
       31.8327778
      ]
     ]
    ],
    "type": "MultiLineString"
   }
  },
  {
   "type": "Feature",
   "properties": {
    "code": "ASKLNYASDD",
    "firstWaypoint": "ASKLN",
    "secondWaypoint": "YASDD",
    "nameEn": "Tel Ashkelon-Yam Ashdod",
    "nameHe": "תל אשקלון-ים אשדוד",
    "military": "MIL",
    "byRequest": "BR",
    "curved": null,
    "mapSheet": "N",
    "lengthNm": 9.591701,
    "magneticTrack": "329",
    "backTrack": "149",
    "altitudeNorthRaw": "1000",
    "altitudeSouthRaw": "500",
    "altitudeWestRaw": "X",
    "altitudeEastRaw": "X",
    "altitudeNorthFt": 1000,
    "altitudeSouthFt": 500,
    "altitudeWestFt": null,
    "altitudeEastFt": null
   },
   "geometry": {
    "coordinates": [
     [
      [
       34.4563889,
       31.8102778
      ],
      [
       34.5391667,
       31.6663889
      ]
     ]
    ],
    "type": "MultiLineString"
   }
  },
  {
   "type": "Feature",
   "properties": {
    "code": "AYLONLLBG",
    "firstWaypoint": "AYLON",
    "secondWaypoint": "LLBG",
    "nameEn": "Ayalon-Ben Gurion",
    "nameHe": "איילון-בן גוריון",
    "military": "CIVIL",
    "byRequest": "BR",
    "curved": null,
    "mapSheet": "N",
    "lengthNm": 8.759612,
    "magneticTrack": "335",
    "backTrack": "155",
    "altitudeNorthRaw": "3000",
    "altitudeSouthRaw": "2500",
    "altitudeWestRaw": "X",
    "altitudeEastRaw": "X",
    "altitudeNorthFt": 3000,
    "altitudeSouthFt": 2500,
    "altitudeWestFt": null,
    "altitudeEastFt": null
   },
   "geometry": {
    "coordinates": [
     [
      [
       34.9436111,
       31.8716667
      ],
      [
       34.8855556,
       32.0094444
      ]
     ]
    ],
    "type": "MultiLineString"
   }
  },
  {
   "type": "Feature",
   "properties": {
    "code": "AYLONNSHRM",
    "firstWaypoint": "AYLON",
    "secondWaypoint": "NSHRM",
    "nameEn": "Ayalon-Nesharim",
    "nameHe": "איילון-נשרים",
    "military": "CIVIL",
    "byRequest": "OPEN",
    "curved": null,
    "mapSheet": "N",
    "lengthNm": 3.513079,
    "magneticTrack": "290",
    "backTrack": "117",
    "altitudeNorthRaw": "1200",
    "altitudeSouthRaw": "800",
    "altitudeWestRaw": "X",
    "altitudeEastRaw": "X",
    "altitudeNorthFt": 1200,
    "altitudeSouthFt": 800,
    "altitudeWestFt": null,
    "altitudeEastFt": null
   },
   "geometry": {
    "coordinates": [
     [
      [
       34.8916667,
       31.9091667
      ],
      [
       34.9143341,
       31.8971659
      ],
      [
       34.930662,
       31.8860365
      ],
      [
       34.9436111,
       31.8716667
      ]
     ]
    ],
    "type": "MultiLineString"
   }
  },
  {
   "type": "Feature",
   "properties": {
    "code": "AZOOZLLKZ",
    "firstWaypoint": "AZOOZ",
    "secondWaypoint": "LLKZ",
    "nameEn": "Ezuz-Kzioth",
    "nameHe": "עזוז-קציעות",
    "military": "MIL",
    "byRequest": "BR",
    "curved": null,
    "mapSheet": "S",
    "lengthNm": 3.776537,
    "magneticTrack": "332.399414",
    "backTrack": "152.3994",
    "altitudeNorthRaw": "3500",
    "altitudeSouthRaw": "3000",
    "altitudeWestRaw": "X",
    "altitudeEastRaw": "X",
    "altitudeNorthFt": 3500,
    "altitudeSouthFt": 3000,
    "altitudeWestFt": null,
    "altitudeEastFt": null
   },
   "geometry": {
    "coordinates": [
     [
      [
       34.4708462,
       30.8002867
      ],
      [
       34.4436111,
       30.8588889
      ]
     ]
    ],
    "type": "MultiLineString"
   }
  },
  {
   "type": "Feature",
   "properties": {
    "code": "BASANLLKS",
    "firstWaypoint": "BASAN",
    "secondWaypoint": "LLKS",
    "nameEn": "Lehavot Habashan- Kiryat Shmona",
    "nameHe": "להבות הבשן-קרית שמונה",
    "military": "CIVIL",
    "byRequest": "OPEN",
    "curved": null,
    "mapSheet": "N",
    "lengthNm": 4.449818,
    "magneticTrack": "327",
    "backTrack": "147",
    "altitudeNorthRaw": "2500",
    "altitudeSouthRaw": "3000",
    "altitudeWestRaw": "X",
    "altitudeEastRaw": "X",
    "altitudeNorthFt": 2500,
    "altitudeSouthFt": 3000,
    "altitudeWestFt": null,
    "altitudeEastFt": null
   },
   "geometry": {
    "coordinates": [
     [
      [
       35.6380556,
       33.1461111
      ],
      [
       35.5963889,
       33.2116667
      ]
     ]
    ],
    "type": "MultiLineString"
   }
  },
  {
   "type": "Feature",
   "properties": {
    "code": "BAZRADEROR",
    "firstWaypoint": "BAZRA",
    "secondWaypoint": "DEROR",
    "nameEn": "Bazra-Bney Dror",
    "nameHe": "בצרה-בני דרור",
    "military": "CIVIL",
    "byRequest": "OPEN",
    "curved": null,
    "mapSheet": "N",
    "lengthNm": 2.351421,
    "magneticTrack": "6",
    "backTrack": "186",
    "altitudeNorthRaw": "800",
    "altitudeSouthRaw": "2000",
    "altitudeWestRaw": "X",
    "altitudeEastRaw": "X",
    "altitudeNorthFt": 800,
    "altitudeSouthFt": 2000,
    "altitudeWestFt": null,
    "altitudeEastFt": null
   },
   "geometry": {
    "coordinates": [
     [
      [
       34.8825,
       32.2186111
      ],
      [
       34.8911111,
       32.2572222
      ]
     ]
    ],
    "type": "MultiLineString"
   }
  },
  {
   "type": "Feature",
   "properties": {
    "code": "BERECLLOV",
    "firstWaypoint": "BEREC",
    "secondWaypoint": "LLOV",
    "nameEn": "HarBarch-Ovda",
    "nameHe": "הר ברך עובדה",
    "military": "MIL",
    "byRequest": "OPEN",
    "curved": "V",
    "mapSheet": "S",
    "lengthNm": 8.63153,
    "magneticTrack": "X",
    "backTrack": "X",
    "altitudeNorthRaw": "4500",
    "altitudeSouthRaw": "4000",
    "altitudeWestRaw": "X",
    "altitudeEastRaw": "X",
    "altitudeNorthFt": 4500,
    "altitudeSouthFt": 4000,
    "altitudeWestFt": null,
    "altitudeEastFt": null
   },
   "geometry": {
    "coordinates": [
     [
      [
       34.9408333,
       29.935
      ],
      [
       34.9102581,
       29.7931781
      ]
     ]
    ],
    "type": "MultiLineString"
   }
  },
  {
   "type": "Feature",
   "properties": {
    "code": "BEZRALLHS",
    "firstWaypoint": "BEZRA",
    "secondWaypoint": "LLHS",
    "nameEn": "Beit Ezra-Hatzor",
    "nameHe": "בית עזרא-חצור",
    "military": "MIL",
    "byRequest": "OPEN",
    "curved": null,
    "mapSheet": "N",
    "lengthNm": 4.067209,
    "magneticTrack": "70",
    "backTrack": "250",
    "altitudeNorthRaw": "2000",
    "altitudeSouthRaw": "1500",
    "altitudeWestRaw": "X",
    "altitudeEastRaw": "X",
    "altitudeNorthFt": 2000,
    "altitudeSouthFt": 1500,
    "altitudeWestFt": null,
    "altitudeEastFt": null
   },
   "geometry": {
    "coordinates": [
     [
      [
       34.6458333,
       31.7414167
      ],
      [
       34.7230556,
       31.7577778
      ]
     ]
    ],
    "type": "MultiLineString"
   }
  },
  {
   "type": "Feature",
   "properties": {
    "code": "BEZRAZASHD",
    "firstWaypoint": "BEZRA",
    "secondWaypoint": "ZASHD",
    "nameEn": "Beit Ezra-Tzomet Ashdod",
    "nameHe": "בית עזרא-צומת אשדוד",
    "military": "MIL",
    "byRequest": "OPEN",
    "curved": null,
    "mapSheet": "N",
    "lengthNm": 5.98952,
    "magneticTrack": "26",
    "backTrack": "206",
    "altitudeNorthRaw": "1200",
    "altitudeSouthRaw": "800",
    "altitudeWestRaw": "X",
    "altitudeEastRaw": "X",
    "altitudeNorthFt": 1200,
    "altitudeSouthFt": 800,
    "altitudeWestFt": null,
    "altitudeEastFt": null
   },
   "geometry": {
    "coordinates": [
     [
      [
       34.6458333,
       31.7414167
      ],
      [
       34.7083333,
       31.8261111
      ]
     ]
    ],
    "type": "MultiLineString"
   }
  },
  {
   "type": "Feature",
   "properties": {
    "code": "BEZRAZDAFA",
    "firstWaypoint": "BEZRA",
    "secondWaypoint": "ZDAFA",
    "nameEn": "Beit Ezra - Tzdafa",
    "nameHe": "בית עזרא-צדפה",
    "military": "MIL",
    "byRequest": "BR",
    "curved": null,
    "mapSheet": "N",
    "lengthNm": 3.36797,
    "magneticTrack": "310",
    "backTrack": "130",
    "altitudeNorthRaw": "X",
    "altitudeSouthRaw": "X",
    "altitudeWestRaw": "1600",
    "altitudeEastRaw": "2000",
    "altitudeNorthFt": null,
    "altitudeSouthFt": null,
    "altitudeWestFt": 1600,
    "altitudeEastFt": 2000
   },
   "geometry": {
    "coordinates": [
     [
      [
       34.6458333,
       31.7414167
      ],
      [
       34.5996833,
       31.7816
      ]
     ]
    ],
    "type": "MultiLineString"
   }
  },
  {
   "type": "Feature",
   "properties": {
    "code": "BHAILGVARM",
    "firstWaypoint": "BHAIL",
    "secondWaypoint": "GVARM",
    "nameEn": "Broor Chayel-Gvaram",
    "nameHe": "ברור חיל-גברעם",
    "military": "CIVIL",
    "byRequest": "OPEN",
    "curved": null,
    "mapSheet": "N",
    "lengthNm": 2.412373,
    "magneticTrack": "327",
    "backTrack": "147",
    "altitudeNorthRaw": "2000",
    "altitudeSouthRaw": "1500",
    "altitudeWestRaw": "X",
    "altitudeEastRaw": "X",
    "altitudeNorthFt": 2000,
    "altitudeSouthFt": 1500,
    "altitudeWestFt": null,
    "altitudeEastFt": null
   },
   "geometry": {
    "coordinates": [
     [
      [
       34.6325,
       31.5577778
      ],
      [
       34.6102778,
       31.5933333
      ]
     ]
    ],
    "type": "MultiLineString"
   }
  },
  {
   "type": "Feature",
   "properties": {
    "code": "BKAMABHAIL",
    "firstWaypoint": "BKAMA",
    "secondWaypoint": "BHAIL",
    "nameEn": "Beit Kama-Broor Chayel",
    "nameHe": "בית קמה-ברור חיל",
    "military": "CIVIL",
    "byRequest": "BR",
    "curved": null,
    "mapSheet": "S",
    "lengthNm": 9.734697,
    "magneticTrack": "310",
    "backTrack": "130",
    "altitudeNorthRaw": "3000",
    "altitudeSouthRaw": "2500",
    "altitudeWestRaw": "X",
    "altitudeEastRaw": "X",
    "altitudeNorthFt": 3000,
    "altitudeSouthFt": 2500,
    "altitudeWestFt": null,
    "altitudeEastFt": null
   },
   "geometry": {
    "coordinates": [
     [
      [
       34.7655556,
       31.4416667
      ],
      [
       34.6325,
       31.5577778
      ]
     ]
    ],
    "type": "MultiLineString"
   }
  },
  {
   "type": "Feature",
   "properties": {
    "code": "BKAMALAHAV",
    "firstWaypoint": "BKAMA",
    "secondWaypoint": "LAHAV",
    "nameEn": "Beit Kama-Lahav",
    "nameHe": "בית קמה-להב",
    "military": "CIVIL",
    "byRequest": "OPEN",
    "curved": null,
    "mapSheet": "N/S",
    "lengthNm": 4.739386,
    "magneticTrack": "132",
    "backTrack": "312",
    "altitudeNorthRaw": "3500",
    "altitudeSouthRaw": "3000",
    "altitudeWestRaw": "X",
    "altitudeEastRaw": "X",
    "altitudeNorthFt": 3500,
    "altitudeSouthFt": 3000,
    "altitudeWestFt": null,
    "altitudeEastFt": null
   },
   "geometry": {
    "coordinates": [
     [
      [
       34.7655556,
       31.4416667
      ],
      [
       34.7831652,
       31.42574
      ],
      [
       34.82708,
       31.3825933
      ]
     ]
    ],
    "type": "MultiLineString"
   }
  },
  {
   "type": "Feature",
   "properties": {
    "code": "BKAMANOAAM",
    "firstWaypoint": "BKAMA",
    "secondWaypoint": "NOAAM",
    "nameEn": "Beit Kama-Noam",
    "nameHe": "בית קמה-נעם",
    "military": "CIVIL",
    "byRequest": "OPEN",
    "curved": null,
    "mapSheet": "N/S",
    "lengthNm": 7.778536,
    "magneticTrack": "359",
    "backTrack": "179",
    "altitudeNorthRaw": "3000",
    "altitudeSouthRaw": "2500",
    "altitudeWestRaw": "X",
    "altitudeEastRaw": "X",
    "altitudeNorthFt": 3000,
    "altitudeSouthFt": 2500,
    "altitudeWestFt": null,
    "altitudeEastFt": null
   },
   "geometry": {
    "coordinates": [
     [
      [
       34.7655556,
       31.4416667
      ],
      [
       34.7758333,
       31.5713889
      ]
     ]
    ],
    "type": "MultiLineString"
   }
  },
  {
   "type": "Feature",
   "properties": {
    "code": "BMNUHZOFAR",
    "firstWaypoint": "BMNUH",
    "secondWaypoint": "ZOFAR",
    "nameEn": "Beer Menuha-Zofar",
    "nameHe": "באר מנוחה-צופר",
    "military": "CIVIL",
    "byRequest": "OPEN",
    "curved": "V",
    "mapSheet": "S",
    "lengthNm": 16.462445,
    "magneticTrack": "X",
    "backTrack": "X",
    "altitudeNorthRaw": "4000",
    "altitudeSouthRaw": "2500",
    "altitudeWestRaw": "X",
    "altitudeEastRaw": "X",
    "altitudeNorthFt": 4000,
    "altitudeSouthFt": 2500,
    "altitudeWestFt": null,
    "altitudeEastFt": null
   },
   "geometry": {
    "coordinates": [
     [
      [
       35.1341667,
       30.3033333
      ],
      [
       35.1721016,
       30.3537299
      ],
      [
       35.151491,
       30.3989836
      ],
      [
       35.1519391,
       30.4478216
      ],
      [
       35.1714471,
       30.4769728
      ],
      [
       35.1866667,
       30.5597222
      ]
     ]
    ],
    "type": "MultiLineString"
   }
  },
  {
   "type": "Feature",
   "properties": {
    "code": "BOKERTLLIM",
    "firstWaypoint": "BOKER",
    "secondWaypoint": "TLLIM",
    "nameEn": "Sde Boker-Tlalim",
    "nameHe": "שדה בוקר-טללים",
    "military": "CIVIL",
    "byRequest": "OPEN",
    "curved": "V",
    "mapSheet": "S",
    "lengthNm": 7.622985,
    "magneticTrack": "X",
    "backTrack": "X",
    "altitudeNorthRaw": "4000",
    "altitudeSouthRaw": "3500",
    "altitudeWestRaw": "X",
    "altitudeEastRaw": "X",
    "altitudeNorthFt": 4000,
    "altitudeSouthFt": 3500,
    "altitudeWestFt": null,
    "altitudeEastFt": null
   },
   "geometry": {
    "coordinates": [
     [
      [
       34.7858333,
       30.875
      ],
      [
       34.7916131,
       30.8914176
      ],
      [
       34.7821858,
       30.8986244
      ],
      [
       34.7789385,
       30.9052202
      ],
      [
       34.7883217,
       30.9475477
      ],
      [
       34.7727213,
       30.9761472
      ],
      [
       34.7689236,
       30.9853767
      ],
      [
       34.7622222,
       30.9905556
      ]
     ]
    ],
    "type": "MultiLineString"
   }
  },
  {
   "type": "Feature",
   "properties": {
    "code": "BOKERYRUHM",
    "firstWaypoint": "BOKER",
    "secondWaypoint": "YRUHM",
    "nameEn": "Sde Boker-Yeruham",
    "nameHe": "שדה בוקר-ירוחם",
    "military": "CIVIL",
    "byRequest": "OPEN",
    "curved": "V",
    "mapSheet": "S",
    "lengthNm": 9.787134,
    "magneticTrack": "X",
    "backTrack": "X",
    "altitudeNorthRaw": "4000",
    "altitudeSouthRaw": "3500",
    "altitudeWestRaw": "X",
    "altitudeEastRaw": "X",
    "altitudeNorthFt": 4000,
    "altitudeSouthFt": 3500,
    "altitudeWestFt": null,
    "altitudeEastFt": null
   },
   "geometry": {
    "coordinates": [
     [
      [
       34.7858333,
       30.875
      ],
      [
       34.7960007,
       30.8867797
      ],
      [
       34.817172,
       30.8908674
      ],
      [
       34.8404417,
       30.9064177
      ],
      [
       34.8467789,
       30.9167623
      ],
      [
       34.8838875,
       30.9485898
      ],
      [
       34.9001762,
       30.9648351
      ],
      [
       34.9108333,
       30.9897222
      ]
     ]
    ],
    "type": "MultiLineString"
   }
  },
  {
   "type": "Feature",
   "properties": {
    "code": "BORENHOTRM",
    "firstWaypoint": "BOREN",
    "secondWaypoint": "HOTRM",
    "nameEn": "Beit Oren -Hachotrim",
    "nameHe": "בית אורן - החותרים",
    "military": "CIVIL",
    "byRequest": "OPEN",
    "curved": null,
    "mapSheet": "N",
    "lengthNm": 2.915769,
    "magneticTrack": "318",
    "backTrack": "138",
    "altitudeNorthRaw": "1500",
    "altitudeSouthRaw": "2000",
    "altitudeWestRaw": "X",
    "altitudeEastRaw": "X",
    "altitudeNorthFt": 1500,
    "altitudeSouthFt": 2000,
    "altitudeWestFt": null,
    "altitudeEastFt": null
   },
   "geometry": {
    "coordinates": [
     [
      [
       34.9707694,
       32.7143639
      ],
      [
       34.9369333,
       32.7538139
      ]
     ]
    ],
    "type": "MultiLineString"
   }
  },
  {
   "type": "Feature",
   "properties": {
    "code": "BOVEDNTAIM",
    "firstWaypoint": "BOVED",
    "secondWaypoint": "NTAIM",
    "nameEn": "Beit Oved-Netaim",
    "nameHe": "בית עובד-נטעים",
    "military": "CIVIL",
    "byRequest": "OPEN",
    "curved": null,
    "mapSheet": "N",
    "lengthNm": 1.50146,
    "magneticTrack": "16",
    "backTrack": "196",
    "altitudeNorthRaw": "1200",
    "altitudeSouthRaw": "800",
    "altitudeWestRaw": "X",
    "altitudeEastRaw": "X",
    "altitudeNorthFt": 1200,
    "altitudeSouthFt": 800,
    "altitudeWestFt": null,
    "altitudeEastFt": null
   },
   "geometry": {
    "coordinates": [
     [
      [
       34.77,
       31.9202778
      ],
      [
       34.7808333,
       31.9436111
      ]
     ]
    ],
    "type": "MultiLineString"
   }
  },
  {
   "type": "Feature",
   "properties": {
    "code": "BRORABEREC",
    "firstWaypoint": "BRORA",
    "secondWaypoint": "BEREC",
    "nameEn": "Beer Ora-HarBarch",
    "nameHe": "באר אורה-הר ברך",
    "military": "MIL",
    "byRequest": "OPEN",
    "curved": null,
    "mapSheet": "S",
    "lengthNm": 6.821079,
    "magneticTrack": "313",
    "backTrack": "133",
    "altitudeNorthRaw": "4500",
    "altitudeSouthRaw": "4000",
    "altitudeWestRaw": "X",
    "altitudeEastRaw": "X",
    "altitudeNorthFt": 4500,
    "altitudeSouthFt": 4000,
    "altitudeWestFt": null,
    "altitudeEastFt": null
   },
   "geometry": {
    "coordinates": [
     [
      [
       34.9972222,
       29.7080556
      ],
      [
       34.9102581,
       29.7931781
      ]
     ]
    ],
    "type": "MultiLineString"
   }
  },
  {
   "type": "Feature",
   "properties": {
    "code": "BSEMSLTRUN",
    "firstWaypoint": "BSEMS",
    "secondWaypoint": "LTRUN",
    "nameEn": "Beit Shemesh-Latroon",
    "nameHe": "בית שמש-לטרון",
    "military": "CIVIL",
    "byRequest": "BR",
    "curved": null,
    "mapSheet": "N",
    "lengthNm": 5.026585,
    "magneticTrack": "358",
    "backTrack": "178",
    "altitudeNorthRaw": "3000",
    "altitudeSouthRaw": "2500",
    "altitudeWestRaw": "X",
    "altitudeEastRaw": "X",
    "altitudeNorthFt": 3000,
    "altitudeSouthFt": 2500,
    "altitudeWestFt": null,
    "altitudeEastFt": null
   },
   "geometry": {
    "coordinates": [
     [
      [
       34.9813889,
       31.7547222
      ],
      [
       34.9866667,
       31.8386111
      ]
     ]
    ],
    "type": "MultiLineString"
   }
  },
  {
   "type": "Feature",
   "properties": {
    "code": "BSEMSNCSHN",
    "firstWaypoint": "BSEMS",
    "secondWaypoint": "NCSHN",
    "nameEn": "Beit Shemesh-Tzomet Nachshon",
    "nameHe": "בית שמש-צומת נחשון",
    "military": "CIVIL",
    "byRequest": "BR",
    "curved": null,
    "mapSheet": "N",
    "lengthNm": 4.917482,
    "magneticTrack": "312",
    "backTrack": "132",
    "altitudeNorthRaw": "X",
    "altitudeSouthRaw": "4000",
    "altitudeWestRaw": "X",
    "altitudeEastRaw": "X",
    "altitudeNorthFt": null,
    "altitudeSouthFt": 4000,
    "altitudeWestFt": null,
    "altitudeEastFt": null
   },
   "geometry": {
    "coordinates": [
     [
      [
       34.9168058,
       31.8156458
      ],
      [
       34.9813889,
       31.7547222
      ]
     ]
    ],
    "type": "MultiLineString"
   }
  },
  {
   "type": "Feature",
   "properties": {
    "code": "CLORERIDNG",
    "firstWaypoint": "CLORE",
    "secondWaypoint": "RIDNG",
    "nameEn": "Clore-Riding",
    "nameHe": "קלור-רידינג",
    "military": "CIVIL",
    "byRequest": "OPEN",
    "curved": null,
    "mapSheet": "N",
    "lengthNm": 3.679823,
    "magneticTrack": "16",
    "backTrack": "196",
    "altitudeNorthRaw": "1200",
    "altitudeSouthRaw": "800",
    "altitudeWestRaw": "X",
    "altitudeEastRaw": "X",
    "altitudeNorthFt": 1200,
    "altitudeSouthFt": 800,
    "altitudeWestFt": null,
    "altitudeEastFt": null
   },
   "geometry": {
    "coordinates": [
     [
      [
       34.7358333,
       32.0530167
      ],
      [
       34.7624333,
       32.1102
      ]
     ]
    ],
    "type": "MultiLineString"
   }
  },
  {
   "type": "Feature",
   "properties": {
    "code": "DALIAEMMEK",
    "firstWaypoint": "DALIA",
    "secondWaypoint": "EMMEK",
    "nameEn": "Dalia-Mishmar Haemek",
    "nameHe": "דליה-משמר העמק",
    "military": "MIL",
    "byRequest": "OPEN",
    "curved": "V",
    "mapSheet": "N",
    "lengthNm": 3.146145,
    "magneticTrack": "X",
    "backTrack": "X",
    "altitudeNorthRaw": "X",
    "altitudeSouthRaw": "X",
    "altitudeWestRaw": "X",
    "altitudeEastRaw": "1500",
    "altitudeNorthFt": null,
    "altitudeSouthFt": null,
    "altitudeWestFt": null,
    "altitudeEastFt": 1500
   },
   "geometry": {
    "coordinates": [
     [
      [
       35.0833333,
       32.5969444
      ],
      [
       35.1416667,
       32.615
      ]
     ]
    ],
    "type": "MultiLineString"
   }
  },
  {
   "type": "Feature",
   "properties": {
    "code": "DAROMGALIM",
    "firstWaypoint": "DAROM",
    "secondWaypoint": "GALIM",
    "nameEn": "Mechlaf Darom-Bat Galim",
    "nameHe": "מחלף דרום-בת גלים",
    "military": "CIVIL",
    "byRequest": "OPEN",
    "curved": "V",
    "mapSheet": "N",
    "lengthNm": 4.151343,
    "magneticTrack": "X",
    "backTrack": "X",
    "altitudeNorthRaw": "1500",
    "altitudeSouthRaw": "2000/1000",
    "altitudeWestRaw": "X",
    "altitudeEastRaw": "X",
    "altitudeNorthFt": 1500,
    "altitudeSouthFt": null,
    "altitudeWestFt": null,
    "altitudeEastFt": null
   },
   "geometry": {
    "coordinates": [
     [
      [
       34.9433333,
       32.7961111
      ],
      [
       34.9426816,
       32.8256105
      ],
      [
       34.9605707,
       32.8422738
      ],
      [
       34.9811111,
       32.8411111
      ]
     ]
    ],
    "type": "MultiLineString"
   }
  },
  {
   "type": "Feature",
   "properties": {
    "code": "DERORSHARO",
    "firstWaypoint": "DEROR",
    "secondWaypoint": "SHARO",
    "nameEn": "Bney Dror-Tzomet Hasharon",
    "nameHe": "בני דרור-צומת השרון",
    "military": "CIVIL",
    "byRequest": "OPEN",
    "curved": null,
    "mapSheet": "N",
    "lengthNm": 3.992342,
    "magneticTrack": "5",
    "backTrack": "185",
    "altitudeNorthRaw": "1500",
    "altitudeSouthRaw": "2000",
    "altitudeWestRaw": "X",
    "altitudeEastRaw": "X",
    "altitudeNorthFt": 1500,
    "altitudeSouthFt": 2000,
    "altitudeWestFt": null,
    "altitudeEastFt": null
   },
   "geometry": {
    "coordinates": [
     [
      [
       34.8911111,
       32.2572222
      ],
      [
       34.9038889,
       32.3230556
      ]
     ]
    ],
    "type": "MultiLineString"
   }
  },
  {
   "type": "Feature",
   "properties": {
    "code": "DESHEAMNON",
    "firstWaypoint": "DESHE",
    "secondWaypoint": "AMNON",
    "nameEn": "Karey Deshe-Amnon",
    "nameHe": "כרי דשא-אמנון",
    "military": "CIVIL",
    "byRequest": "OPEN",
    "curved": null,
    "mapSheet": "N",
    "lengthNm": 2.73998,
    "magneticTrack": "34",
    "backTrack": "214",
    "altitudeNorthRaw": "2500",
    "altitudeSouthRaw": "3000",
    "altitudeWestRaw": "X",
    "altitudeEastRaw": "X",
    "altitudeNorthFt": 2500,
    "altitudeSouthFt": 3000,
    "altitudeWestFt": null,
    "altitudeEastFt": null
   },
   "geometry": {
    "coordinates": [
     [
      [
       35.5325,
       32.87
      ],
      [
       35.5666667,
       32.9055556
      ]
     ]
    ],
    "type": "MultiLineString"
   }
  },
  {
   "type": "Feature",
   "properties": {
    "code": "DIMONLLNV",
    "firstWaypoint": "DIMON",
    "secondWaypoint": "LLNV",
    "nameEn": "Dimona-Nevatim",
    "nameHe": "דימונה-נגב",
    "military": "MIL",
    "byRequest": "OPEN",
    "curved": null,
    "mapSheet": "S",
    "lengthNm": 7.827148,
    "magneticTrack": "8",
    "backTrack": "188",
    "altitudeNorthRaw": "4000",
    "altitudeSouthRaw": "3500",
    "altitudeWestRaw": "X",
    "altitudeEastRaw": "X",
    "altitudeNorthFt": 4000,
    "altitudeSouthFt": 3500,
    "altitudeWestFt": null,
    "altitudeEastFt": null
   },
   "geometry": {
    "coordinates": [
     [
      [
       35.039095,
       31.1954373
      ],
      [
       35.0058333,
       31.0677778
      ]
     ]
    ],
    "type": "MultiLineString"
   }
  },
  {
   "type": "Feature",
   "properties": {
    "code": "DUGITAAKKO",
    "firstWaypoint": "DUGIT",
    "secondWaypoint": "AAKKO",
    "nameEn": "Dugit-Ako",
    "nameHe": "דוגית-עכו",
    "military": "CIVIL",
    "byRequest": "BR",
    "curved": "V",
    "mapSheet": "N",
    "lengthNm": 4.637156,
    "magneticTrack": "X",
    "backTrack": "X",
    "altitudeNorthRaw": "1500",
    "altitudeSouthRaw": "2000",
    "altitudeWestRaw": "X",
    "altitudeEastRaw": "X",
    "altitudeNorthFt": 1500,
    "altitudeSouthFt": 2000,
    "altitudeWestFt": null,
    "altitudeEastFt": null
   },
   "geometry": {
    "coordinates": [
     [
      [
       35.0516667,
       32.8525
      ],
      [
       35.0692808,
       32.8930525
      ],
      [
       35.0963889,
       32.9186111
      ]
     ]
    ],
    "type": "MultiLineString"
   }
  },
  {
   "type": "Feature",
   "properties": {
    "code": "DUMIMANATA",
    "firstWaypoint": "DUMIM",
    "secondWaypoint": "ANATA",
    "nameEn": "Kfar Edomim-anata",
    "nameHe": "כפר אדומים-ענאתא",
    "military": "CIVIL",
    "byRequest": "OPEN",
    "curved": null,
    "mapSheet": "N",
    "lengthNm": 2.9137,
    "magneticTrack": "280",
    "backTrack": "100",
    "altitudeNorthRaw": "X",
    "altitudeSouthRaw": "X",
    "altitudeWestRaw": "5000",
    "altitudeEastRaw": "4500",
    "altitudeNorthFt": null,
    "altitudeSouthFt": null,
    "altitudeWestFt": 5000,
    "altitudeEastFt": 4500
   },
   "geometry": {
    "coordinates": [
     [
      [
       35.3247222,
       31.8038889
      ],
      [
       35.2713889,
       31.8211111
      ]
     ]
    ],
    "type": "MultiLineString"
   }
  },
  {
   "type": "Feature",
   "properties": {
    "code": "DUMIMSHAHR",
    "firstWaypoint": "DUMIM",
    "secondWaypoint": "SHAHR",
    "nameEn": "Kfar Edomim-Kochav Hashahar",
    "nameHe": "כפר אדומים-כוכב השחר",
    "military": "CIVIL",
    "byRequest": "OPEN",
    "curved": null,
    "mapSheet": "N",
    "lengthNm": 9.213845,
    "magneticTrack": "359",
    "backTrack": "179",
    "altitudeNorthRaw": "4000",
    "altitudeSouthRaw": "3500",
    "altitudeWestRaw": "X",
    "altitudeEastRaw": "X",
    "altitudeNorthFt": 4000,
    "altitudeSouthFt": 3500,
    "altitudeWestFt": null,
    "altitudeEastFt": null
   },
   "geometry": {
    "coordinates": [
     [
      [
       35.3247222,
       31.8038889
      ],
      [
       35.3369444,
       31.9575
      ]
     ]
    ],
    "type": "MultiLineString"
   }
  },
  {
   "type": "Feature",
   "properties": {
    "code": "EILATBRORA",
    "firstWaypoint": "EILAT",
    "secondWaypoint": "BRORA",
    "nameEn": "Eilat-Beer Ora",
    "nameHe": "אילת - באר אורה",
    "military": "CIVIL",
    "byRequest": "OPEN",
    "curved": "V",
    "mapSheet": "S",
    "lengthNm": 9.176828,
    "magneticTrack": "X",
    "backTrack": "X",
    "altitudeNorthRaw": "3000",
    "altitudeSouthRaw": "2500",
    "altitudeWestRaw": "X",
    "altitudeEastRaw": "X",
    "altitudeNorthFt": 3000,
    "altitudeSouthFt": 2500,
    "altitudeWestFt": null,
    "altitudeEastFt": null
   },
   "geometry": {
    "coordinates": [
     [
      [
       34.9588889,
       29.5583333
      ],
      [
       34.9972222,
       29.7080556
      ]
     ]
    ],
    "type": "MultiLineString"
   }
  },
  {
   "type": "Feature",
   "properties": {
    "code": "EIRONZMGID",
    "firstWaypoint": "EIRON",
    "secondWaypoint": "ZMGID",
    "nameEn": "Eiron-Tzomet Megido",
    "nameHe": "עירון - צומת מגידו",
    "military": "CIVIL",
    "byRequest": "OPEN",
    "curved": "V",
    "mapSheet": "N",
    "lengthNm": 10.612277,
    "magneticTrack": "X",
    "backTrack": "X",
    "altitudeNorthRaw": "X",
    "altitudeSouthRaw": "X",
    "altitudeWestRaw": "2500",
    "altitudeEastRaw": "3000",
    "altitudeNorthFt": null,
    "altitudeSouthFt": null,
    "altitudeWestFt": 2500,
    "altitudeEastFt": 3000
   },
   "geometry": {
    "coordinates": [
     [
      [
       35.1911111,
       32.5727778
      ],
      [
       35.1910011,
       32.5723269
      ],
      [
       35.189087,
       32.5717338
      ],
      [
       35.185479,
       32.5706873
      ],
      [
       35.1852826,
       32.5706295
      ],
      [
       35.1850885,
       32.5705662
      ],
      [
       35.1848971,
       32.5704974
      ],
      [
       35.1847086,
       32.5704232
      ],
      [
       35.184523,
       32.5703438
      ],
      [
       35.1843407,
       32.5702591
      ],
      [
       35.1841618,
       32.5701693
      ],
      [
       35.1839866,
       32.5700745
      ],
      [
       35.1838153,
       32.5699748
      ],
      [
       35.183252,
       32.5696441
      ],
      [
       35.1797472,
       32.567478
      ],
      [
       35.1795562,
       32.5673543
      ],
      [
       35.1793704,
       32.5672252
      ],
      [
       35.1791899,
       32.5670908
      ],
      [
       35.1790149,
       32.5669512
      ],
      [
       35.1788457,
       32.5668066
      ],
      [
       35.1786824,
       32.5666573
      ],
      [
       35.1785253,
       32.5665032
      ],
      [
       35.1783745,
       32.5663447
      ],
      [
       35.1776456,
       32.5654948
      ],
      [
       35.177134,
       32.5649307
      ],
      [
       35.1768579,
       32.5646477
      ],
      [
       35.1767111,
       32.5645247
      ],
      [
       35.1763761,
       32.5642601
      ],
      [
       35.1756573,
       32.5637565
      ],
      [
       35.1755233,
       32.5636755
      ],
      [
       35.1753855,
       32.5635993
      ],
      [
       35.1752441,
       32.563528
      ],
      [
       35.1750994,
       32.5634617
      ],
      [
       35.1749515,
       32.5634005
      ],
      [
       35.1748007,
       32.5633445
      ],
      [
       35.1745353,
       32.5632512
      ],
      [
       35.1742725,
       32.5631528
      ],
      [
       35.1740124,
       32.5630494
      ],
      [
       35.1737551,
       32.562941
      ],
      [
       35.1735007,
       32.5628278
      ],
      [
       35.1732495,
       32.5627096
      ],
      [
       35.1730015,
       32.5625867
      ],
      [
       35.17285,
       32.5624954
      ],
      [
       35.1727028,
       32.5623992
      ],
      [
       35.1725601,
       32.5622982
      ],
      [
       35.1724221,
       32.5621925
      ],
      [
       35.1722892,
       32.5620824
      ],
      [
       35.1721614,
       32.561968
      ],
      [
       35.1720389,
       32.5618495
      ],
      [
       35.171922,
       32.561727
      ],
      [
       35.1718108,
       32.5616008
      ],
      [
       35.1717055,
       32.561471
      ],
      [
       35.1716063,
       32.5613378
      ],
      [
       35.1715133,
       32.5612015
      ],
      [
       35.1714551,
       32.5611104
      ],
      [
       35.1714037,
       32.5610165
      ],
      [
       35.1713591,
       32.5609201
      ],
      [
       35.1713217,
       32.5608216
      ],
      [
       35.1712914,
       32.5607213
      ],
      [
       35.1712684,
       32.5606197
      ],
      [
       35.1712528,
       32.560517
      ],
      [
       35.1712447,
       32.5604137
      ],
      [
       35.1712441,
       32.5603102
      ],
      [
       35.171251,
       32.5602069
      ],
      [
       35.1712653,
       32.5601041
      ],
      [
       35.1712871,
       32.5600022
      ],
      [
       35.171424,
       32.5595603
      ],
      [
       35.171515,
       32.5591777
      ],
      [
       35.1715189,
       32.5590745
      ],
      [
       35.1715234,
       32.5589812
      ],
      [
       35.1715204,
       32.5588879
      ],
      [
       35.1715099,
       32.5587949
      ],
      [
       35.1714919,
       32.5587028
      ],
      [
       35.1714665,
       32.5586119
      ],
      [
       35.1714338,
       32.5585227
      ],
      [
       35.171394,
       32.5584356
      ],
      [
       35.1713473,
       32.558351
      ],
      [
       35.1712938,
       32.5582694
      ],
      [
       35.1712339,
       32.558191
      ],
      [
       35.1711678,
       32.5581162
      ],
      [
       35.1710958,
       32.5580455
      ],
      [
       35.1710182,
       32.5579791
      ],
      [
       35.1709355,
       32.5579173
      ],
      [
       35.170848,
       32.5578605
      ],
      [
       35.1694111,
       32.5571076
      ],
      [
       35.1693152,
       32.5570596
      ],
      [
       35.1692233,
       32.5570062
      ],
      [
       35.1691358,
       32.5569477
      ],
      [
       35.1690532,
       32.5568844
      ],
      [
       35.1689758,
       32.5568166
      ],
      [
       35.1689039,
       32.5567444
      ],
      [
       35.168838,
       32.5566684
      ],
      [
       35.1687782,
       32.5565888
      ],
      [
       35.1687248,
       32.5565059
      ],
      [
       35.1686782,
       32.5564202
      ],
      [
       35.1685523,
       32.5560361
      ],
      [
       35.1684336,
       32.5557368
      ],
      [
       35.1683541,
       32.5556131
      ],
      [
       35.1682856,
       32.5555341
      ],
      [
       35.1682107,
       32.5554592
      ],
      [
       35.1681298,
       32.555389
      ],
      [
       35.1680433,
       32.5553237
      ],
      [
       35.1679517,
       32.5552637
      ],
      [
       35.1678553,
       32.5552093
      ],
      [
       35.1672381,
       32.5548392
      ],
      [
       35.1670848,
       32.5547358
      ],
      [
       35.1669362,
       32.5546276
      ],
      [
       35.1667924,
       32.5545148
      ],
      [
       35.1666537,
       32.5543976
      ],
      [
       35.1665202,
       32.554276
      ],
      [
       35.1663922,
       32.5541503
      ],
      [
       35.1662699,
       32.5540206
      ],
      [
       35.1661533,
       32.5538872
      ],
      [
       35.1660427,
       32.5537502
      ],
      [
       35.1659382,
       32.5536097
      ],
      [
       35.1658386,
       32.553469
      ],
      [
       35.1648592,
       32.5519798
      ],
      [
       35.1647522,
       32.5518156
      ],
      [
       35.1646384,
       32.5516547
      ],
      [
       35.164518,
       32.5514974
      ],
      [
       35.1643911,
       32.5513437
      ],
      [
       35.1642578,
       32.5511939
      ],
      [
       35.1634612,
       32.5503552
      ],
      [
       35.1632962,
       32.5501879
      ],
      [
       35.1631371,
       32.5500167
      ],
      [
       35.162984,
       32.5498415
      ],
      [
       35.1628369,
       32.5496627
      ],
      [
       35.1626962,
       32.5494802
      ],
      [
       35.1625618,
       32.5492944
      ],
      [
       35.1624339,
       32.5491053
      ],
      [
       35.1621218,
       32.5485191
      ],
      [
       35.1614438,
       32.5471833
      ],
      [
       35.1607264,
       32.5459761
      ],
      [
       35.1603387,
       32.5453954
      ],
      [
       35.1598228,
       32.5447139
      ],
      [
       35.1594178,
       32.5442082
      ],
      [
       35.1592739,
       32.5440313
      ],
      [
       35.1591236,
       32.5438583
      ],
      [
       35.1589671,
       32.5436893
      ],
      [
       35.1588045,
       32.5435245
      ],
      [
       35.158636,
       32.543364
      ],
      [
       35.1584617,
       32.5432079
      ],
      [
       35.1582819,
       32.5430565
      ],
      [
       35.1580966,
       32.5429098
      ],
      [
       35.1568078,
       32.5419242
      ],
      [
       35.154473,
       32.540151
      ],
      [
       35.153866,
       32.5395791
      ],
      [
       35.1530977,
       32.5387315
      ],
      [
       35.1523756,
       32.5379974
      ],
      [
       35.1512837,
       32.537005
      ],
      [
       35.1490083,
       32.5350907
      ],
      [
       35.1488033,
       32.5348926
      ],
      [
       35.1486043,
       32.5346901
      ],
      [
       35.1484114,
       32.5344834
      ],
      [
       35.1482247,
       32.5342727
      ],
      [
       35.1480443,
       32.5340581
      ],
      [
       35.1478704,
       32.5338397
      ],
      [
       35.1472698,
       32.5329829
      ],
      [
       35.1464329,
       32.5320531
      ],
      [
       35.1455774,
       32.5312274
      ],
      [
       35.1442151,
       32.5300454
      ],
      [
       35.1388792,
       32.5254904
      ],
      [
       35.1386551,
       32.5253231
      ],
      [
       35.1384263,
       32.5251607
      ],
      [
       35.1381926,
       32.5250031
      ],
      [
       35.1379544,
       32.5248505
      ],
      [
       35.1377117,
       32.5247031
      ],
      [
       35.1374648,
       32.5245609
      ],
      [
       35.1372137,
       32.524424
      ],
      [
       35.1369586,
       32.5242924
      ],
      [
       35.1367321,
       32.5241741
      ],
      [
       35.1365018,
       32.5240613
      ],
      [
       35.1362678,
       32.523954
      ],
      [
       35.1360304,
       32.5238523
      ],
      [
       35.1357896,
       32.5237564
      ],
      [
       35.1355458,
       32.5236663
      ],
      [
       35.1352991,
       32.523582
      ],
      [
       35.1350496,
       32.5235036
      ],
      [
       35.1347976,
       32.5234313
      ],
      [
       35.1345434,
       32.523365
      ],
      [
       35.134287,
       32.5233047
      ],
      [
       35.1340287,
       32.5232507
      ],
      [
       35.1337687,
       32.5232028
      ],
      [
       35.1327845,
       32.5231101
      ],
      [
       35.1318011,
       32.5230117
      ],
      [
       35.1308185,
       32.5229075
      ],
      [
       35.1306387,
       32.5228712
      ],
      [
       35.130461,
       32.5228283
      ],
      [
       35.1302857,
       32.5227788
      ],
      [
       35.1301131,
       32.5227229
      ],
      [
       35.1299436,
       32.5226607
      ],
      [
       35.1297774,
       32.5225923
      ],
      [
       35.1296149,
       32.5225178
      ],
      [
       35.1294564,
       32.5224373
      ],
      [
       35.1293022,
       32.5223511
      ],
      [
       35.1291526,
       32.5222593
      ],
      [
       35.1290078,
       32.522162
      ],
      [
       35.1288682,
       32.5220594
      ],
      [
       35.1287341,
       32.5219518
      ],
      [
       35.1286056,
       32.5218393
      ],
      [
       35.128483,
       32.5217221
      ],
      [
       35.1283666,
       32.5216006
      ],
      [
       35.1282565,
       32.5214748
      ],
      [
       35.1278728,
       32.5209705
      ],
      [
       35.1269122,
       32.5196159
      ],
      [
       35.126482,
       32.5191683
      ],
      [
       35.1263379,
       32.5190449
      ],
      [
       35.1261884,
       32.5189262
      ],
      [
       35.1260337,
       32.5188124
      ],
      [
       35.1258741,
       32.5187035
      ],
      [
       35.1257097,
       32.5185999
      ],
      [
       35.1255409,
       32.5185016
      ],
      [
       35.1253677,
       32.5184087
      ],
      [
       35.1251906,
       32.5183214
      ],
      [
       35.1250098,
       32.5182399
      ],
      [
       35.1248254,
       32.5181642
      ],
      [
       35.1246378,
       32.5180944
      ],
      [
       35.1244472,
       32.5180307
      ],
      [
       35.124254,
       32.517973
      ],
      [
       35.1240583,
       32.5179216
      ],
      [
       35.1237428,
       32.5178105
      ],
      [
       35.1234306,
       32.5176928
      ],
      [
       35.1231219,
       32.5175687
      ],
      [
       35.1228169,
       32.5174382
      ],
      [
       35.1225158,
       32.5173014
      ],
      [
       35.1223485,
       32.5172
      ],
      [
       35.1221859,
       32.5170933
      ],
      [
       35.1220282,
       32.5169815
      ],
      [
       35.1218756,
       32.5168647
      ],
      [
       35.1217282,
       32.5167432
      ],
      [
       35.1215864,
       32.516617
      ],
      [
       35.1214503,
       32.5164864
      ],
      [
       35.1213201,
       32.5163515
      ],
      [
       35.121196,
       32.5162126
      ],
      [
       35.1210782,
       32.5160698
      ],
      [
       35.1209668,
       32.5159233
      ],
      [
       35.120862,
       32.5157734
      ],
      [
       35.1198351,
       32.5144206
      ],
      [
       35.1189782,
       32.5136756
      ],
      [
       35.1176362,
       32.5127248
      ],
      [
       35.1154958,
       32.5112026
      ],
      [
       35.1151175,
       32.5109609
      ],
      [
       35.1147341,
       32.5107249
      ],
      [
       35.1143459,
       32.5104947
      ],
      [
       35.113953,
       32.5102703
      ],
      [
       35.1135554,
       32.5100518
      ],
      [
       35.1131534,
       32.5098393
      ],
      [
       35.1127469,
       32.5096329
      ],
      [
       35.1123363,
       32.5094325
      ],
      [
       35.1119215,
       32.5092384
      ],
      [
       35.1115028,
       32.5090505
      ],
      [
       35.1110802,
       32.5088688
      ],
      [
       35.1106539,
       32.5086936
      ],
      [
       35.110224,
       32.5085247
      ],
      [
       35.1097906,
       32.5083623
      ],
      [
       35.109354,
       32.5082064
      ],
      [
       35.1089141,
       32.5080571
      ],
      [
       35.1084712,
       32.5079143
      ],
      [
       35.1080254,
       32.5077783
      ],
      [
       35.1075769,
       32.5076489
      ],
      [
       35.1071257,
       32.5075262
      ],
      [
       35.106672,
       32.5074103
      ],
      [
       35.106216,
       32.5073013
      ],
      [
       35.1057578,
       32.507199
      ],
      [
       35.1052975,
       32.5071037
      ],
      [
       35.1048353,
       32.5070152
      ],
      [
       35.1043713,
       32.5069337
      ],
      [
       35.1039057,
       32.5068591
      ],
      [
       35.1034387,
       32.5067915
      ],
      [
       35.1029702,
       32.5067309
      ],
      [
       35.0984688,
       32.5061023
      ],
      [
       35.09022,
       32.5049224
      ],
      [
       35.0899914,
       32.5048757
      ],
      [
       35.0897648,
       32.5048223
      ],
      [
       35.0895405,
       32.5047622
      ],
      [
       35.0893188,
       32.5046955
      ],
      [
       35.0891,
       32.5046223
      ],
      [
       35.0888844,
       32.5045428
      ],
      [
       35.0886721,
       32.5044569
      ],
      [
       35.0884635,
       32.5043648
      ],
      [
       35.0882588,
       32.5042666
      ],
      [
       35.0880583,
       32.5041624
      ],
      [
       35.0878622,
       32.5040524
      ],
      [
       35.0876707,
       32.5039367
      ],
      [
       35.0874841,
       32.5038154
      ],
      [
       35.0873025,
       32.5036886
      ],
      [
       35.0871263,
       32.5035566
      ],
      [
       35.086872,
       32.5034048
      ],
      [
       35.0866135,
       32.5032583
      ],
      [
       35.0863508,
       32.5031171
      ],
      [
       35.0860841,
       32.5029815
      ],
      [
       35.0858135,
       32.5028514
      ],
      [
       35.0855393,
       32.5027269
      ],
      [
       35.0852616,
       32.5026082
      ],
      [
       35.0849806,
       32.5024952
      ],
      [
       35.0846964,
       32.5023881
      ],
      [
       35.0844092,
       32.5022869
      ],
      [
       35.0835013,
       32.5021153
      ],
      [
       35.0827649,
       32.5020223
      ],
      [
       35.0810763,
       32.5018193
      ],
      [
       35.0787511,
       32.5015482
      ],
      [
       35.0776558,
       32.5014722
      ],
      [
       35.0756974,
       32.5013499
      ],
      [
       35.0746503,
       32.5012593
      ],
      [
       35.073631,
       32.5010799
      ],
      [
       35.0696091,
       32.5001035
      ],
      [
       35.0693013,
       32.5000316
      ],
      [
       35.0689956,
       32.4999536
      ],
      [
       35.068692,
       32.4998696
      ],
      [
       35.068391,
       32.4997796
      ],
      [
       35.0680924,
       32.4996836
      ],
      [
       35.0677966,
       32.4995817
      ],
      [
       35.0675038,
       32.499474
      ],
      [
       35.0672139,
       32.4993604
      ],
      [
       35.0669273,
       32.4992412
      ],
      [
       35.0666441,
       32.4991163
      ],
      [
       35.0626421,
       32.4968411
      ],
      [
       35.0598097,
       32.495214
      ],
      [
       35.0562263,
       32.4929417
      ],
      [
       35.0520565,
       32.4901381
      ],
      [
       35.0489937,
       32.4880625
      ],
      [
       35.0430439,
       32.4840625
      ],
      [
       35.042494,
       32.4837708
      ],
      [
       35.0416066,
       32.4834463
      ],
      [
       35.0412088,
       32.4833211
      ],
      [
       35.0244444,
       32.4808333
      ]
     ]
    ],
    "type": "MultiLineString"
   }
  },
  {
   "type": "Feature",
   "properties": {
    "code": "EMMEKLLRD",
    "firstWaypoint": "EMMEK",
    "secondWaypoint": "LLRD",
    "nameEn": "Mishmar Haemek-Ramat David",
    "nameHe": "משמר העמק-רמת דוד",
    "military": "MIL",
    "byRequest": "OPEN",
    "curved": null,
    "mapSheet": "N",
    "lengthNm": 3.743233,
    "magneticTrack": "29",
    "backTrack": "X",
    "altitudeNorthRaw": "1500",
    "altitudeSouthRaw": "X",
    "altitudeWestRaw": "X",
    "altitudeEastRaw": "X",
    "altitudeNorthFt": 1500,
    "altitudeSouthFt": null,
    "altitudeWestFt": null,
    "altitudeEastFt": null
   },
   "geometry": {
    "coordinates": [
     [
      [
       35.1416667,
       32.615
      ],
      [
       35.1833333,
       32.6666667
      ]
     ]
    ],
    "type": "MultiLineString"
   }
  },
  {
   "type": "Feature",
   "properties": {
    "code": "ESTOLBSEMS",
    "firstWaypoint": "ESTOL",
    "secondWaypoint": "BSEMS",
    "nameEn": "Eshtaol-Beit Shemesh",
    "nameHe": "אשתאול - בית שמש",
    "military": "CIVIL",
    "byRequest": "BR",
    "curved": null,
    "mapSheet": "N",
    "lengthNm": 2.13068,
    "magneticTrack": "236",
    "backTrack": "56",
    "altitudeNorthRaw": "4000",
    "altitudeSouthRaw": "3500",
    "altitudeWestRaw": "X",
    "altitudeEastRaw": "X",
    "altitudeNorthFt": 4000,
    "altitudeSouthFt": 3500,
    "altitudeWestFt": null,
    "altitudeEastFt": null
   },
   "geometry": {
    "coordinates": [
     [
      [
       35.0113889,
       31.7794444
      ],
      [
       34.9813889,
       31.7547222
      ]
     ]
    ],
    "type": "MultiLineString"
   }
  },
  {
   "type": "Feature",
   "properties": {
    "code": "ESTOLLTRUN",
    "firstWaypoint": "ESTOL",
    "secondWaypoint": "LTRUN",
    "nameEn": "Eshtaol-Latrun",
    "nameHe": "אשתאול-לטרון",
    "military": "CIVIL",
    "byRequest": "BR",
    "curved": null,
    "mapSheet": "N",
    "lengthNm": 3.758773,
    "magneticTrack": "334",
    "backTrack": "X",
    "altitudeNorthRaw": "2200",
    "altitudeSouthRaw": "X",
    "altitudeWestRaw": "X",
    "altitudeEastRaw": "X",
    "altitudeNorthFt": 2200,
    "altitudeSouthFt": null,
    "altitudeWestFt": null,
    "altitudeEastFt": null
   },
   "geometry": {
    "coordinates": [
     [
      [
       35.0113889,
       31.7794444
      ],
      [
       34.9866667,
       31.8386111
      ]
     ]
    ],
    "type": "MultiLineString"
   }
  },
  {
   "type": "Feature",
   "properties": {
    "code": "ESTOLSORES",
    "firstWaypoint": "ESTOL",
    "secondWaypoint": "SORES",
    "nameEn": "Eshtaol-Shoresh",
    "nameHe": "אשתאול - שורש",
    "military": "CIVIL",
    "byRequest": "BR",
    "curved": null,
    "mapSheet": "N",
    "lengthNm": 3.523236,
    "magneticTrack": "63.779334",
    "backTrack": "243.77933379",
    "altitudeNorthRaw": "X",
    "altitudeSouthRaw": "X",
    "altitudeWestRaw": "3500",
    "altitudeEastRaw": "4000",
    "altitudeNorthFt": null,
    "altitudeSouthFt": null,
    "altitudeWestFt": 3500,
    "altitudeEastFt": 4000
   },
   "geometry": {
    "coordinates": [
     [
      [
       35.0113889,
       31.7794444
      ],
      [
       35.0761111,
       31.7997222
      ]
     ]
    ],
    "type": "MultiLineString"
   }
  },
  {
   "type": "Feature",
   "properties": {
    "code": "EVLYMAHIUD",
    "firstWaypoint": "EVLYM",
    "secondWaypoint": "AHIUD",
    "nameEn": "Evlaym-Ahihud",
    "nameHe": "אבליים-אחיהוד",
    "military": "CIVIL",
    "byRequest": "OPEN",
    "curved": null,
    "mapSheet": "N",
    "lengthNm": 5.59831,
    "magneticTrack": "19",
    "backTrack": "199",
    "altitudeNorthRaw": "1500",
    "altitudeSouthRaw": "2000",
    "altitudeWestRaw": "X",
    "altitudeEastRaw": "X",
    "altitudeNorthFt": 1500,
    "altitudeSouthFt": 2000,
    "altitudeWestFt": null,
    "altitudeEastFt": null
   },
   "geometry": {
    "coordinates": [
     [
      [
       35.1513889,
       32.8238889
      ],
      [
       35.1825168,
       32.8843564
      ],
      [
       35.1811111,
       32.9119444
      ]
     ]
    ],
    "type": "MultiLineString"
   }
  },
  {
   "type": "Feature",
   "properties": {
    "code": "EVLYMSEGEV",
    "firstWaypoint": "EVLYM",
    "secondWaypoint": "SEGEV",
    "nameEn": "Evlaym-Segev",
    "nameHe": "אבליים-שגב",
    "military": "CIVIL",
    "byRequest": "OPEN",
    "curved": null,
    "mapSheet": "N",
    "lengthNm": 6.039413,
    "magneticTrack": "63",
    "backTrack": "243",
    "altitudeNorthRaw": "X",
    "altitudeSouthRaw": "X",
    "altitudeWestRaw": "3000",
    "altitudeEastRaw": "2500",
    "altitudeNorthFt": null,
    "altitudeSouthFt": null,
    "altitudeWestFt": 3000,
    "altitudeEastFt": 2500
   },
   "geometry": {
    "coordinates": [
     [
      [
       35.2625,
       32.8611111
      ],
      [
       35.1513889,
       32.8238889
      ]
     ]
    ],
    "type": "MultiLineString"
   }
  },
  {
   "type": "Feature",
   "properties": {
    "code": "FAZELARGMN",
    "firstWaypoint": "FAZEL",
    "secondWaypoint": "ARGMN",
    "nameEn": "Tzomet Fazael-Argaman",
    "nameHe": "צומת פצאל-ארגמן",
    "military": "CIVIL",
    "byRequest": "OPEN",
    "curved": "V",
    "mapSheet": "N",
    "lengthNm": 8.357098,
    "magneticTrack": "X",
    "backTrack": "X",
    "altitudeNorthRaw": "3500",
    "altitudeSouthRaw": "3000",
    "altitudeWestRaw": "X",
    "altitudeEastRaw": "X",
    "altitudeNorthFt": 3500,
    "altitudeSouthFt": 3000,
    "altitudeWestFt": null,
    "altitudeEastFt": null
   },
   "geometry": {
    "coordinates": [
     [
      [
       35.4630556,
       32.0480556
      ],
      [
       35.4918154,
       32.0793776
      ],
      [
       35.5325,
       32.1730556
      ]
     ]
    ],
    "type": "MultiLineString"
   }
  },
  {
   "type": "Feature",
   "properties": {
    "code": "FRDISBOREN",
    "firstWaypoint": "FRDIS",
    "secondWaypoint": "BOREN",
    "nameEn": "Tzomet Furadis-Bbeit Oren",
    "nameHe": "צומת פורדיס-בית אורן",
    "military": "CIVIL",
    "byRequest": "OPEN",
    "curved": null,
    "mapSheet": "N",
    "lengthNm": 7.43966,
    "magneticTrack": "4",
    "backTrack": "184",
    "altitudeNorthRaw": "1500",
    "altitudeSouthRaw": "2000",
    "altitudeWestRaw": "X",
    "altitudeEastRaw": "X",
    "altitudeNorthFt": 1500,
    "altitudeSouthFt": 2000,
    "altitudeWestFt": null,
    "altitudeEastFt": null
   },
   "geometry": {
    "coordinates": [
     [
      [
       34.9463889,
       32.5919444
      ],
      [
       34.9572032,
       32.6278512
      ],
      [
       34.9707694,
       32.7143639
      ]
     ]
    ],
    "type": "MultiLineString"
   }
  },
  {
   "type": "Feature",
   "properties": {
    "code": "FRDISHASID",
    "firstWaypoint": "FRDIS",
    "secondWaypoint": "HASID",
    "nameEn": "Tzomet Furadis-Kfar Hasidim",
    "nameHe": "צומת פורדיס-כפר חסידים",
    "military": "CIVIL",
    "byRequest": "BR",
    "curved": null,
    "mapSheet": "N",
    "lengthNm": 11.399678,
    "magneticTrack": "31",
    "backTrack": "211",
    "altitudeNorthRaw": "2500",
    "altitudeSouthRaw": "3000",
    "altitudeWestRaw": "X",
    "altitudeEastRaw": "X",
    "altitudeNorthFt": 2500,
    "altitudeSouthFt": 3000,
    "altitudeWestFt": null,
    "altitudeEastFt": null
   },
   "geometry": {
    "coordinates": [
     [
      [
       34.9463889,
       32.5919444
      ],
      [
       35.0777778,
       32.7466667
      ]
     ]
    ],
    "type": "MultiLineString"
   }
  },
  {
   "type": "Feature",
   "properties": {
    "code": "FRDISSDTYM",
    "firstWaypoint": "FRDIS",
    "secondWaypoint": "SDTYM",
    "nameEn": "Tzomet Furadis-Sdot Yam",
    "nameHe": "צומת פורדיס - שדות ים",
    "military": "CIVIL",
    "byRequest": "OPEN",
    "curved": null,
    "mapSheet": "N",
    "lengthNm": 6.495008,
    "magneticTrack": "203",
    "backTrack": "X",
    "altitudeNorthRaw": "X",
    "altitudeSouthRaw": "2000",
    "altitudeWestRaw": "X",
    "altitudeEastRaw": "X",
    "altitudeNorthFt": null,
    "altitudeSouthFt": 2000,
    "altitudeWestFt": null,
    "altitudeEastFt": null
   },
   "geometry": {
    "coordinates": [
     [
      [
       34.885,
       32.4966667
      ],
      [
       34.9463889,
       32.5919444
      ]
     ]
    ],
    "type": "MultiLineString"
   }
  },
  {
   "type": "Feature",
   "properties": {
    "code": "GILAMEVLYM",
    "firstWaypoint": "GILAM",
    "secondWaypoint": "EVLYM",
    "nameEn": "Gilam-Evlaym",
    "nameHe": "גילעם-אבליים",
    "military": "CIVIL",
    "byRequest": "OPEN",
    "curved": null,
    "mapSheet": "N",
    "lengthNm": 0.966141,
    "magneticTrack": "76",
    "backTrack": "256",
    "altitudeNorthRaw": "2500",
    "altitudeSouthRaw": "3000",
    "altitudeWestRaw": "X",
    "altitudeEastRaw": "X",
    "altitudeNorthFt": 2500,
    "altitudeSouthFt": 3000,
    "altitudeWestFt": null,
    "altitudeEastFt": null
   },
   "geometry": {
    "coordinates": [
     [
      [
       35.1325,
       32.8213889
      ],
      [
       35.1513889,
       32.8238889
      ]
     ]
    ],
    "type": "MultiLineString"
   }
  },
  {
   "type": "Feature",
   "properties": {
    "code": "GILATNASIH",
    "firstWaypoint": "GILAT",
    "secondWaypoint": "NASIH",
    "nameEn": "Hazerim-Urim",
    "nameHe": "גילת-אשל הנשיא",
    "military": "MIL",
    "byRequest": "BR",
    "curved": null,
    "mapSheet": "S",
    "lengthNm": 2.361749,
    "magneticTrack": "94",
    "backTrack": "274",
    "altitudeNorthRaw": "X",
    "altitudeSouthRaw": "X",
    "altitudeWestRaw": "2000",
    "altitudeEastRaw": "2000",
    "altitudeNorthFt": null,
    "altitudeSouthFt": null,
    "altitudeWestFt": 2000,
    "altitudeEastFt": 2000
   },
   "geometry": {
    "coordinates": [
     [
      [
       34.6530556,
       31.3372222
      ],
      [
       34.6983333,
       31.3302778
      ]
     ]
    ],
    "type": "MultiLineString"
   }
  },
  {
   "type": "Feature",
   "properties": {
    "code": "GNYAMLLHZ",
    "firstWaypoint": "GNYAM",
    "secondWaypoint": "LLHZ",
    "nameEn": "Ganey Am-Herzelia",
    "nameHe": "גני עם-הרצליה",
    "military": "CIVIL",
    "byRequest": "BR",
    "curved": null,
    "mapSheet": "N",
    "lengthNm": 3.504912,
    "magneticTrack": "293.869329",
    "backTrack": "113.86932896",
    "altitudeNorthRaw": "1200",
    "altitudeSouthRaw": "1200",
    "altitudeWestRaw": "X",
    "altitudeEastRaw": "X",
    "altitudeNorthFt": 1200,
    "altitudeSouthFt": 1200,
    "altitudeWestFt": null,
    "altitudeEastFt": null
   },
   "geometry": {
    "coordinates": [
     [
      [
       34.8941667,
       32.1502778
      ],
      [
       34.8344444,
       32.1794444
      ]
     ]
    ],
    "type": "MultiLineString"
   }
  },
  {
   "type": "Feature",
   "properties": {
    "code": "GOVRNZHRYA",
    "firstWaypoint": "GOVRN",
    "secondWaypoint": "ZHRYA",
    "nameEn": "Beit Govrin-Zcharia",
    "nameHe": "בית גוברין-זכריה",
    "military": "CIVIL",
    "byRequest": "OPEN",
    "curved": null,
    "mapSheet": "N",
    "lengthNm": 6.205796,
    "magneticTrack": "21",
    "backTrack": "201",
    "altitudeNorthRaw": "3000",
    "altitudeSouthRaw": "2500",
    "altitudeWestRaw": "X",
    "altitudeEastRaw": "X",
    "altitudeNorthFt": 3000,
    "altitudeSouthFt": 2500,
    "altitudeWestFt": null,
    "altitudeEastFt": null
   },
   "geometry": {
    "coordinates": [
     [
      [
       34.8927778,
       31.6061111
      ],
      [
       34.945,
       31.6997222
      ]
     ]
    ],
    "type": "MultiLineString"
   }
  },
  {
   "type": "Feature",
   "properties": {
    "code": "GVARMASKLN",
    "firstWaypoint": "GVARM",
    "secondWaypoint": "ASKLN",
    "nameEn": "Gvaram-Tel Ashkelon",
    "nameHe": "גברעם-תל אשקלון",
    "military": "CIVIL",
    "byRequest": "BR",
    "curved": null,
    "mapSheet": "N",
    "lengthNm": 5.687526,
    "magneticTrack": "316",
    "backTrack": "136",
    "altitudeNorthRaw": "X",
    "altitudeSouthRaw": "X",
    "altitudeWestRaw": "2000",
    "altitudeEastRaw": "1500",
    "altitudeNorthFt": null,
    "altitudeSouthFt": null,
    "altitudeWestFt": 2000,
    "altitudeEastFt": 1500
   },
   "geometry": {
    "coordinates": [
     [
      [
       34.6102778,
       31.5933333
      ],
      [
       34.5391667,
       31.6663889
      ]
     ]
    ],
    "type": "MultiLineString"
   }
  },
  {
   "type": "Feature",
   "properties": {
    "code": "GVULTAMIOZ",
    "firstWaypoint": "GVULT",
    "secondWaypoint": "AMIOZ",
    "nameEn": "Gvulot-Amioz",
    "nameHe": "גבולות-עמיעוז",
    "military": "MIL",
    "byRequest": "BR",
    "curved": null,
    "mapSheet": "S",
    "lengthNm": 3.431685,
    "magneticTrack": "295",
    "backTrack": "115",
    "altitudeNorthRaw": "2500",
    "altitudeSouthRaw": "2000",
    "altitudeWestRaw": "X",
    "altitudeEastRaw": "X",
    "altitudeNorthFt": 2500,
    "altitudeSouthFt": 2000,
    "altitudeWestFt": null,
    "altitudeEastFt": null
   },
   "geometry": {
    "coordinates": [
     [
      [
       34.4602778,
       31.2275
      ],
      [
       34.4027778,
       31.2566667
      ]
     ]
    ],
    "type": "MultiLineString"
   }
  },
  {
   "type": "Feature",
   "properties": {
    "code": "HADRADALIA",
    "firstWaypoint": "HADRA",
    "secondWaypoint": "DALIA",
    "nameEn": "Tzomet Nachal Hadera-Dalia",
    "nameHe": "חדרה-דליה",
    "military": "MIL",
    "byRequest": "BR",
    "curved": null,
    "mapSheet": "N",
    "lengthNm": 11.740679,
    "magneticTrack": "43",
    "backTrack": "223",
    "altitudeNorthRaw": "1500",
    "altitudeSouthRaw": "2000",
    "altitudeWestRaw": "X",
    "altitudeEastRaw": "X",
    "altitudeNorthFt": 1500,
    "altitudeSouthFt": 2000,
    "altitudeWestFt": null,
    "altitudeEastFt": null
   },
   "geometry": {
    "coordinates": [
     [
      [
       34.9122222,
       32.4647222
      ],
      [
       35.0833333,
       32.5969444
      ]
     ]
    ],
    "type": "MultiLineString"
   }
  },
  {
   "type": "Feature",
   "properties": {
    "code": "HADRAEIRON",
    "firstWaypoint": "HADRA",
    "secondWaypoint": "EIRON",
    "nameEn": "Tzomet Nachal Hadera-Eiron",
    "nameHe": "צומת נחל חדרה-עירון",
    "military": "CIVIL",
    "byRequest": "OPEN",
    "curved": null,
    "mapSheet": "N",
    "lengthNm": 5.773532,
    "magneticTrack": "76",
    "backTrack": "256",
    "altitudeNorthRaw": "X",
    "altitudeSouthRaw": "X",
    "altitudeWestRaw": "3000",
    "altitudeEastRaw": "2500",
    "altitudeNorthFt": null,
    "altitudeSouthFt": null,
    "altitudeWestFt": 3000,
    "altitudeEastFt": 2500
   },
   "geometry": {
    "coordinates": [
     [
      [
       34.9122222,
       32.4647222
      ],
      [
       35.0244444,
       32.4808333
      ]
     ]
    ],
    "type": "MultiLineString"
   }
  },
  {
   "type": "Feature",
   "properties": {
    "code": "HADRAFRDIS",
    "firstWaypoint": "HADRA",
    "secondWaypoint": "FRDIS",
    "nameEn": "Tzomet Nachal Hadera-Tzomet Furadis",
    "nameHe": "צומת נחל חדרה-צומת פורדיס",
    "military": "CIVIL",
    "byRequest": "OPEN",
    "curved": null,
    "mapSheet": "N",
    "lengthNm": 7.807311,
    "magneticTrack": "8",
    "backTrack": "188",
    "altitudeNorthRaw": "1500",
    "altitudeSouthRaw": "2000",
    "altitudeWestRaw": "X",
    "altitudeEastRaw": "X",
    "altitudeNorthFt": 1500,
    "altitudeSouthFt": 2000,
    "altitudeWestFt": null,
    "altitudeEastFt": null
   },
   "geometry": {
    "coordinates": [
     [
      [
       34.9122222,
       32.4647222
      ],
      [
       34.9463889,
       32.5919444
      ]
     ]
    ],
    "type": "MultiLineString"
   }
  },
  {
   "type": "Feature",
   "properties": {
    "code": "HARELSORES",
    "firstWaypoint": "HAREL",
    "secondWaypoint": "SORES",
    "nameEn": "Mechlaf Harel-Shoresh",
    "nameHe": "מחלף הראל-שורש",
    "military": "CIVIL",
    "byRequest": "OPEN",
    "curved": null,
    "mapSheet": "N",
    "lengthNm": 3.577815,
    "magneticTrack": "266",
    "backTrack": "86",
    "altitudeNorthRaw": "X",
    "altitudeSouthRaw": "X",
    "altitudeWestRaw": "5000",
    "altitudeEastRaw": "4500",
    "altitudeNorthFt": null,
    "altitudeSouthFt": null,
    "altitudeWestFt": 5000,
    "altitudeEastFt": 4500
   },
   "geometry": {
    "coordinates": [
     [
      [
       35.0761111,
       31.7997222
      ],
      [
       35.1461111,
       31.7986111
      ]
     ]
    ],
    "type": "MultiLineString"
   }
  },
  {
   "type": "Feature",
   "properties": {
    "code": "HAROVLLFK",
    "firstWaypoint": "HAROV",
    "secondWaypoint": "LLFK",
    "nameEn": "Kfar Haroov-Fiq",
    "nameHe": "כפר חרוב-פיק",
    "military": "CIVIL",
    "byRequest": "BR",
    "curved": null,
    "mapSheet": "N",
    "lengthNm": 2.925192,
    "magneticTrack": "52",
    "backTrack": "232",
    "altitudeNorthRaw": "X",
    "altitudeSouthRaw": "X",
    "altitudeWestRaw": "3000",
    "altitudeEastRaw": "2500",
    "altitudeNorthFt": null,
    "altitudeSouthFt": null,
    "altitudeWestFt": 3000,
    "altitudeEastFt": 2500
   },
   "geometry": {
    "coordinates": [
     [
      [
       35.6683333,
       32.7591667
      ],
      [
       35.7172222,
       32.7852778
      ]
     ]
    ],
    "type": "MultiLineString"
   }
  },
  {
   "type": "Feature",
   "properties": {
    "code": "HASIDEVLYM",
    "firstWaypoint": "HASID",
    "secondWaypoint": "EVLYM",
    "nameEn": "Kfar Hasidim-Evlaym",
    "nameHe": "כפר חסידים-אבליים",
    "military": "CIVIL",
    "byRequest": "BR",
    "curved": null,
    "mapSheet": "N",
    "lengthNm": 5.933355,
    "magneticTrack": "34",
    "backTrack": "214",
    "altitudeNorthRaw": "2500",
    "altitudeSouthRaw": "3000",
    "altitudeWestRaw": "X",
    "altitudeEastRaw": "X",
    "altitudeNorthFt": 2500,
    "altitudeSouthFt": 3000,
    "altitudeWestFt": null,
    "altitudeEastFt": null
   },
   "geometry": {
    "coordinates": [
     [
      [
       35.0777778,
       32.7466667
      ],
      [
       35.1513889,
       32.8238889
      ]
     ]
    ],
    "type": "MultiLineString"
   }
  },
  {
   "type": "Feature",
   "properties": {
    "code": "HASIDLLHA",
    "firstWaypoint": "HASID",
    "secondWaypoint": "LLHA",
    "nameEn": "Kfar Hasidim-Haifa",
    "nameHe": "כפר חסידים-חיפה",
    "military": "CIVIL",
    "byRequest": "BR",
    "curved": null,
    "mapSheet": "N",
    "lengthNm": 4.092652,
    "magneticTrack": "329",
    "backTrack": "149",
    "altitudeNorthRaw": "2500",
    "altitudeSouthRaw": "1500",
    "altitudeWestRaw": "X",
    "altitudeEastRaw": "X",
    "altitudeNorthFt": 2500,
    "altitudeSouthFt": 1500,
    "altitudeWestFt": null,
    "altitudeEastFt": null
   },
   "geometry": {
    "coordinates": [
     [
      [
       35.0427778,
       32.8083333
      ],
      [
       35.0777778,
       32.7466667
      ]
     ]
    ],
    "type": "MultiLineString"
   }
  },
  {
   "type": "Feature",
   "properties": {
    "code": "HASIDMOVIL",
    "firstWaypoint": "HASID",
    "secondWaypoint": "MOVIL",
    "nameEn": "Kfar Hasidim-Hamovil",
    "nameHe": "כפר חסידים-המוביל",
    "military": "CIVIL",
    "byRequest": "BR",
    "curved": null,
    "mapSheet": "N",
    "lengthNm": 7.902153,
    "magneticTrack": "80",
    "backTrack": "260",
    "altitudeNorthRaw": "X",
    "altitudeSouthRaw": "X",
    "altitudeWestRaw": "3000",
    "altitudeEastRaw": "2500",
    "altitudeNorthFt": null,
    "altitudeSouthFt": null,
    "altitudeWestFt": 3000,
    "altitudeEastFt": 2500
   },
   "geometry": {
    "coordinates": [
     [
      [
       35.0777778,
       32.7466667
      ],
      [
       35.2333333,
       32.7591667
      ]
     ]
    ],
    "type": "MultiLineString"
   }
  },
  {
   "type": "Feature",
   "properties": {
    "code": "HATRUARRAD",
    "firstWaypoint": "HATRU",
    "secondWaypoint": "ARRAD",
    "nameEn": "Tzomet Hatrurim-Tzomet Arad",
    "nameHe": "צומת חתרורים-צומת ערד",
    "military": "CIVIL",
    "byRequest": "OPEN",
    "curved": null,
    "mapSheet": "S",
    "lengthNm": 2.909784,
    "magneticTrack": "312",
    "backTrack": "132",
    "altitudeNorthRaw": "4000",
    "altitudeSouthRaw": "3500",
    "altitudeWestRaw": "X",
    "altitudeEastRaw": "X",
    "altitudeNorthFt": 4000,
    "altitudeSouthFt": 3500,
    "altitudeWestFt": null,
    "altitudeEastFt": null
   },
   "geometry": {
    "coordinates": [
     [
      [
       35.2097222,
       31.2544444
      ],
      [
       35.2483333,
       31.2188889
      ]
     ]
    ],
    "type": "MultiLineString"
   }
  },
  {
   "type": "Feature",
   "properties": {
    "code": "HAZVAARAVA",
    "firstWaypoint": "HAZVA",
    "secondWaypoint": "ARAVA",
    "nameEn": "Hazeva-Tzomet Haarava",
    "nameHe": "חצבה-צומת הערבה",
    "military": "CIVIL",
    "byRequest": "OPEN",
    "curved": null,
    "mapSheet": "S",
    "lengthNm": 13.46508,
    "magneticTrack": "11",
    "backTrack": "191",
    "altitudeNorthRaw": "4000",
    "altitudeSouthRaw": "3500",
    "altitudeWestRaw": "X",
    "altitudeEastRaw": "X",
    "altitudeNorthFt": 4000,
    "altitudeSouthFt": 3500,
    "altitudeWestFt": null,
    "altitudeEastFt": null
   },
   "geometry": {
    "coordinates": [
     [
      [
       35.2363889,
       30.7733333
      ],
      [
       35.3091667,
       30.9894444
      ]
     ]
    ],
    "type": "MultiLineString"
   }
  },
  {
   "type": "Feature",
   "properties": {
    "code": "HNINAHAREL",
    "firstWaypoint": "HNINA",
    "secondWaypoint": "HAREL",
    "nameEn": "Beit Hanina-Mechlaf Harel",
    "nameHe": "בית חנינא-מחלף הראל",
    "military": "CIVIL",
    "byRequest": "OPEN",
    "curved": null,
    "mapSheet": "N",
    "lengthNm": 3.664651,
    "magneticTrack": "234",
    "backTrack": "54",
    "altitudeNorthRaw": "4500",
    "altitudeSouthRaw": "5000",
    "altitudeWestRaw": "X",
    "altitudeEastRaw": "X",
    "altitudeNorthFt": 4500,
    "altitudeSouthFt": 5000,
    "altitudeWestFt": null,
    "altitudeEastFt": null
   },
   "geometry": {
    "coordinates": [
     [
      [
       35.2075,
       31.8302778
      ],
      [
       35.1461111,
       31.7986111
      ]
     ]
    ],
    "type": "MultiLineString"
   }
  },
  {
   "type": "Feature",
   "properties": {
    "code": "HODYANITZA",
    "firstWaypoint": "HODYA",
    "secondWaypoint": "NITZA",
    "nameEn": "Hodia-Nitzan",
    "nameHe": "הודיה-ניצן",
    "military": "CIVIL",
    "byRequest": "OPEN",
    "curved": null,
    "mapSheet": "N",
    "lengthNm": 4.867808,
    "magneticTrack": "296",
    "backTrack": "116",
    "altitudeNorthRaw": "X",
    "altitudeSouthRaw": "X",
    "altitudeWestRaw": "2000",
    "altitudeEastRaw": "1500",
    "altitudeNorthFt": null,
    "altitudeSouthFt": null,
    "altitudeWestFt": 2000,
    "altitudeEastFt": 1500
   },
   "geometry": {
    "coordinates": [
     [
      [
       34.5705556,
       31.7241667
      ],
      [
       34.6525,
       31.6827778
      ]
     ]
    ],
    "type": "MultiLineString"
   }
  },
  {
   "type": "Feature",
   "properties": {
    "code": "HOLOTSIGAL",
    "firstWaypoint": "HOLOT",
    "secondWaypoint": "SIGAL",
    "nameEn": "Holot-Sigal",
    "nameHe": "חולות-סיגל",
    "military": "MIL",
    "byRequest": "BR",
    "curved": null,
    "mapSheet": "S",
    "lengthNm": 12.504684,
    "magneticTrack": "339",
    "backTrack": "159",
    "altitudeNorthRaw": "3500",
    "altitudeSouthRaw": "3000",
    "altitudeWestRaw": "X",
    "altitudeEastRaw": "X",
    "altitudeNorthFt": 3500,
    "altitudeSouthFt": 3000,
    "altitudeWestFt": null,
    "altitudeEastFt": null
   },
   "geometry": {
    "coordinates": [
     [
      [
       34.3602778,
       30.9941667
      ],
      [
       34.2927778,
       31.195
      ]
     ]
    ],
    "type": "MultiLineString"
   }
  },
  {
   "type": "Feature",
   "properties": {
    "code": "HOTRMDAROM",
    "firstWaypoint": "HOTRM",
    "secondWaypoint": "DAROM",
    "nameEn": "Havhotrim-Mechlaf Darom",
    "nameHe": "החותרים-מחלף דרום",
    "military": "CIVIL",
    "byRequest": "OPEN",
    "curved": null,
    "mapSheet": "N",
    "lengthNm": 2.551697,
    "magneticTrack": "1",
    "backTrack": "181",
    "altitudeNorthRaw": "1500",
    "altitudeSouthRaw": "1000/2000",
    "altitudeWestRaw": "X",
    "altitudeEastRaw": "X",
    "altitudeNorthFt": 1500,
    "altitudeSouthFt": null,
    "altitudeWestFt": null,
    "altitudeEastFt": null
   },
   "geometry": {
    "coordinates": [
     [
      [
       34.9369334,
       32.7538139
      ],
      [
       34.9433333,
       32.7961111
      ]
     ]
    ],
    "type": "MultiLineString"
   }
  },
  {
   "type": "Feature",
   "properties": {
    "code": "HOVAVLLNV",
    "firstWaypoint": "HOVAV",
    "secondWaypoint": "LLNV",
    "nameEn": "Ramat Hovav-Negev",
    "nameHe": "רמת חובב-נגב",
    "military": "MIL",
    "byRequest": "BR",
    "curved": null,
    "mapSheet": "S",
    "lengthNm": 12.564427,
    "magneticTrack": "69",
    "backTrack": "249",
    "altitudeNorthRaw": "X",
    "altitudeSouthRaw": "X",
    "altitudeWestRaw": "3500",
    "altitudeEastRaw": "3000/2500",
    "altitudeNorthFt": null,
    "altitudeSouthFt": null,
    "altitudeWestFt": 3500,
    "altitudeEastFt": null
   },
   "geometry": {
    "coordinates": [
     [
      [
       34.805,
       31.1355556
      ],
      [
       35.039095,
       31.1954372
      ]
     ]
    ],
    "type": "MultiLineString"
   }
  },
  {
   "type": "Feature",
   "properties": {
    "code": "HOVAVSOKET",
    "firstWaypoint": "HOVAV",
    "secondWaypoint": "SOKET",
    "nameEn": "Ramat Hovav-Tzomet Shoket",
    "nameHe": "רמת חובב-צומת שוקת",
    "military": "CIVIL",
    "byRequest": "OPEN",
    "curved": null,
    "mapSheet": "S",
    "lengthNm": 11.411817,
    "magneticTrack": "21",
    "backTrack": "201",
    "altitudeNorthRaw": "3500",
    "altitudeSouthRaw": "3000",
    "altitudeWestRaw": "X",
    "altitudeEastRaw": "X",
    "altitudeNorthFt": 3500,
    "altitudeSouthFt": 3000,
    "altitudeWestFt": null,
    "altitudeEastFt": null
   },
   "geometry": {
    "coordinates": [
     [
      [
       34.9011111,
       31.3075
      ],
      [
       34.805,
       31.1355556
      ]
     ]
    ],
    "type": "MultiLineString"
   }
  },
  {
   "type": "Feature",
   "properties": {
    "code": "HRGVSRUHOT",
    "firstWaypoint": "HRGVS",
    "secondWaypoint": "RUHOT",
    "nameEn": "Har Geves-Tzomet Haruhot",
    "nameHe": "הר גבס-צומת הרוחות",
    "military": "CIVIL",
    "byRequest": "OPEN",
    "curved": null,
    "mapSheet": "S",
    "lengthNm": 7.63101,
    "magneticTrack": "282",
    "backTrack": "102",
    "altitudeNorthRaw": "X",
    "altitudeSouthRaw": "X",
    "altitudeWestRaw": "4500",
    "altitudeEastRaw": "4000",
    "altitudeNorthFt": null,
    "altitudeSouthFt": null,
    "altitudeWestFt": 4500,
    "altitudeEastFt": 4000
   },
   "geometry": {
    "coordinates": [
     [
      [
       34.95,
       30.6227778
      ],
      [
       34.8088889,
       30.66
      ]
     ]
    ],
    "type": "MultiLineString"
   }
  },
  {
   "type": "Feature",
   "properties": {
    "code": "HTZUKARENA",
    "firstWaypoint": "HTZUK",
    "secondWaypoint": "ARENA",
    "nameEn": "Hatzuk-Arena",
    "nameHe": "הצוק-ארנה",
    "military": "CIVIL",
    "byRequest": "OPEN",
    "curved": null,
    "mapSheet": "N",
    "lengthNm": 1.20488,
    "magneticTrack": "192",
    "backTrack": "12",
    "altitudeNorthRaw": "1600",
    "altitudeSouthRaw": "800",
    "altitudeWestRaw": "X",
    "altitudeEastRaw": "X",
    "altitudeNorthFt": 1600,
    "altitudeSouthFt": 800,
    "altitudeWestFt": null,
    "altitudeEastFt": null
   },
   "geometry": {
    "coordinates": [
     [
      [
       34.77825,
       32.1456833
      ],
      [
       34.7856333,
       32.1648167
      ]
     ]
    ],
    "type": "MultiLineString"
   }
  },
  {
   "type": "Feature",
   "properties": {
    "code": "HTZUKKNTRY",
    "firstWaypoint": "HTZUK",
    "secondWaypoint": "KNTRY",
    "nameEn": "Htzuk - Kantri Club",
    "nameHe": "הצוק-קאנטרי קלאב",
    "military": "CIVIL",
    "byRequest": "OPEN",
    "curved": null,
    "mapSheet": "N",
    "lengthNm": 1.213111,
    "magneticTrack": "98",
    "backTrack": "X",
    "altitudeNorthRaw": "X",
    "altitudeSouthRaw": "X",
    "altitudeWestRaw": "X",
    "altitudeEastRaw": "1200",
    "altitudeNorthFt": null,
    "altitudeSouthFt": null,
    "altitudeWestFt": null,
    "altitudeEastFt": 1200
   },
   "geometry": {
    "coordinates": [
     [
      [
       34.77825,
       32.1456833
      ],
      [
       34.8013889,
       32.1408333
      ]
     ]
    ],
    "type": "MultiLineString"
   }
  },
  {
   "type": "Feature",
   "properties": {
    "code": "HULATBASAN",
    "firstWaypoint": "HULAT",
    "secondWaypoint": "BASAN",
    "nameEn": "Hulata-Lehavot Habashan",
    "nameHe": "חולתה-להבות הבשן",
    "military": "CIVIL",
    "byRequest": "OPEN",
    "curved": null,
    "mapSheet": "N",
    "lengthNm": 6.151397,
    "magneticTrack": "359",
    "backTrack": "179",
    "altitudeNorthRaw": "2500",
    "altitudeSouthRaw": "3000",
    "altitudeWestRaw": "X",
    "altitudeEastRaw": "X",
    "altitudeNorthFt": 2500,
    "altitudeSouthFt": 3000,
    "altitudeWestFt": null,
    "altitudeEastFt": null
   },
   "geometry": {
    "coordinates": [
     [
      [
       35.6294444,
       33.0436111
      ],
      [
       35.6380556,
       33.1461111
      ]
     ]
    ],
    "type": "MultiLineString"
   }
  },
  {
   "type": "Feature",
   "properties": {
    "code": "IKKEAMEHOL",
    "firstWaypoint": "IKKEA",
    "secondWaypoint": "MEHOL",
    "nameEn": null,
    "nameHe": "איקיאיה - משולש חולות",
    "military": "CIVIL",
    "byRequest": "OPEN",
    "curved": "V",
    "mapSheet": "N",
    "lengthNm": 0.645334,
    "magneticTrack": "X",
    "backTrack": "X",
    "altitudeNorthRaw": "800",
    "altitudeSouthRaw": null,
    "altitudeWestRaw": null,
    "altitudeEastRaw": null,
    "altitudeNorthFt": 800,
    "altitudeSouthFt": null,
    "altitudeWestFt": null,
    "altitudeEastFt": null
   },
   "geometry": {
    "coordinates": [
     [
      [
       34.7702778,
       31.9513889
      ],
      [
       34.7641667,
       31.9608333
      ]
     ]
    ],
    "type": "MultiLineString"
   }
  },
  {
   "type": "Feature",
   "properties": {
    "code": "KANOTLLEK",
    "firstWaypoint": "KANOT",
    "secondWaypoint": "LLEK",
    "nameEn": "Kanot-Tel Nof",
    "nameHe": "צומת כנות-תל נוף",
    "military": "MIL",
    "byRequest": "BR",
    "curved": null,
    "mapSheet": "N",
    "lengthNm": 3.408127,
    "magneticTrack": "49",
    "backTrack": "229",
    "altitudeNorthRaw": "2000",
    "altitudeSouthRaw": "1500",
    "altitudeWestRaw": "X",
    "altitudeEastRaw": "X",
    "altitudeNorthFt": 2000,
    "altitudeSouthFt": 1500,
    "altitudeWestFt": null,
    "altitudeEastFt": null
   },
   "geometry": {
    "coordinates": [
     [
      [
       34.7634417,
       31.8042889
      ],
      [
       34.8183333,
       31.8366667
      ]
     ]
    ],
    "type": "MultiLineString"
   }
  },
  {
   "type": "Feature",
   "properties": {
    "code": "KNTRYLLHZ",
    "firstWaypoint": "KNTRY",
    "secondWaypoint": "LLHZ",
    "nameEn": "Kantri Club-Herzelia",
    "nameHe": "קאנטרי קלאב-הרצליה",
    "military": "CIVIL",
    "byRequest": "BR",
    "curved": null,
    "mapSheet": "N",
    "lengthNm": 2.741219,
    "magneticTrack": "30.096331",
    "backTrack": "201.6477096",
    "altitudeNorthRaw": "1200",
    "altitudeSouthRaw": "X",
    "altitudeWestRaw": "X",
    "altitudeEastRaw": "X",
    "altitudeNorthFt": 1200,
    "altitudeSouthFt": null,
    "altitudeWestFt": null,
    "altitudeEastFt": null
   },
   "geometry": {
    "coordinates": [
     [
      [
       34.8013889,
       32.1408333
      ],
      [
       34.8344444,
       32.1794444
      ]
     ]
    ],
    "type": "MultiLineString"
   }
  },
  {
   "type": "Feature",
   "properties": {
    "code": "KOYARALUMT",
    "firstWaypoint": "KOYAR",
    "secondWaypoint": "ALUMT",
    "nameEn": "Kochav Hayarden-Alumot",
    "nameHe": "כוכב הירדן-אלומות",
    "military": "CIVIL",
    "byRequest": "OPEN",
    "curved": null,
    "mapSheet": "N",
    "lengthNm": 6.98427,
    "magneticTrack": "356",
    "backTrack": "176",
    "altitudeNorthRaw": "3500",
    "altitudeSouthRaw": "3000",
    "altitudeWestRaw": "X",
    "altitudeEastRaw": "X",
    "altitudeNorthFt": 3500,
    "altitudeSouthFt": 3000,
    "altitudeWestFt": null,
    "altitudeEastFt": null
   },
   "geometry": {
    "coordinates": [
     [
      [
       35.5458326,
       32.7141667
      ],
      [
       35.5436111,
       32.5975
      ]
     ]
    ],
    "type": "MultiLineString"
   }
  },
  {
   "type": "Feature",
   "properties": {
    "code": "KRYONAAKKO",
    "firstWaypoint": "KRYON",
    "secondWaypoint": "AAKKO",
    "nameEn": "Kiryon-Ako",
    "nameHe": "קיריון-עכו",
    "military": "CIVIL",
    "byRequest": "OPEN",
    "curved": null,
    "mapSheet": "N",
    "lengthNm": 4.520949,
    "magneticTrack": "0",
    "backTrack": "180",
    "altitudeNorthRaw": "X",
    "altitudeSouthRaw": "2000",
    "altitudeWestRaw": "X",
    "altitudeEastRaw": "X",
    "altitudeNorthFt": null,
    "altitudeSouthFt": 2000,
    "altitudeWestFt": null,
    "altitudeEastFt": null
   },
   "geometry": {
    "coordinates": [
     [
      [
       35.0963889,
       32.9186111
      ],
      [
       35.0888889,
       32.8433333
      ]
     ]
    ],
    "type": "MultiLineString"
   }
  },
  {
   "type": "Feature",
   "properties": {
    "code": "KTORAYAHEL",
    "firstWaypoint": "KTORA",
    "secondWaypoint": "YAHEL",
    "nameEn": "Tzomet Ktora-Yahel",
    "nameHe": "צומת קטורה-יהל",
    "military": "CIVIL",
    "byRequest": "OPEN",
    "curved": null,
    "mapSheet": "S",
    "lengthNm": 6.291932,
    "magneticTrack": "23",
    "backTrack": "203",
    "altitudeNorthRaw": "3000",
    "altitudeSouthRaw": "2500",
    "altitudeWestRaw": "X",
    "altitudeEastRaw": "X",
    "altitudeNorthFt": 3000,
    "altitudeSouthFt": 2500,
    "altitudeWestFt": null,
    "altitudeEastFt": null
   },
   "geometry": {
    "coordinates": [
     [
      [
       35.0763889,
       29.9894445
      ],
      [
       35.1333334,
       30.0822222
      ]
     ]
    ],
    "type": "MultiLineString"
   }
  },
  {
   "type": "Feature",
   "properties": {
    "code": "KUVSHNCITY",
    "firstWaypoint": "KUVSH",
    "secondWaypoint": "NCITY",
    "nameEn": "Kovshim - Tzfon Hair",
    "nameHe": "כובשים-צפון העיר",
    "military": "CIVIL",
    "byRequest": "OPEN",
    "curved": null,
    "mapSheet": "S",
    "lengthNm": 2.243809,
    "magneticTrack": "214",
    "backTrack": "34",
    "altitudeNorthRaw": "2500",
    "altitudeSouthRaw": "2000",
    "altitudeWestRaw": null,
    "altitudeEastRaw": null,
    "altitudeNorthFt": 2500,
    "altitudeSouthFt": 2000,
    "altitudeWestFt": null,
    "altitudeEastFt": null
   },
   "geometry": {
    "coordinates": [
     [
      [
       34.7913833,
       31.2874167
      ],
      [
       34.7636111,
       31.2584722
      ]
     ]
    ],
    "type": "MultiLineString"
   }
  },
  {
   "type": "Feature",
   "properties": {
    "code": "LAHAVSOKET",
    "firstWaypoint": "LAHAV",
    "secondWaypoint": "SOKET",
    "nameEn": "Lahav-Tzomet Shoket",
    "nameHe": "להב-צומת שוקת",
    "military": "CIVIL",
    "byRequest": "OPEN",
    "curved": null,
    "mapSheet": "S",
    "lengthNm": 5.884893,
    "magneticTrack": "133.795198",
    "backTrack": "313.795198",
    "altitudeNorthRaw": "3500",
    "altitudeSouthRaw": "3000",
    "altitudeWestRaw": "X",
    "altitudeEastRaw": "X",
    "altitudeNorthFt": 3500,
    "altitudeSouthFt": 3000,
    "altitudeWestFt": null,
    "altitudeEastFt": null
   },
   "geometry": {
    "coordinates": [
     [
      [
       34.82708,
       31.3825933
      ],
      [
       34.9011111,
       31.3075
      ]
     ]
    ],
    "type": "MultiLineString"
   }
  },
  {
   "type": "Feature",
   "properties": {
    "code": "LIAADDEENA",
    "firstWaypoint": "LIAAD",
    "secondWaypoint": "DEENA",
    "nameEn": "Leyad-Deena",
    "nameHe": "ליעד-דינה",
    "military": "MIL",
    "byRequest": "BR",
    "curved": null,
    "mapSheet": "N",
    "lengthNm": 7.507395,
    "magneticTrack": "234",
    "backTrack": "54",
    "altitudeNorthRaw": "X",
    "altitudeSouthRaw": "X",
    "altitudeWestRaw": "800",
    "altitudeEastRaw": "1200",
    "altitudeNorthFt": null,
    "altitudeSouthFt": null,
    "altitudeWestFt": 800,
    "altitudeEastFt": 1200
   },
   "geometry": {
    "coordinates": [
     [
      [
       34.515,
       31.9583333
      ],
      [
       34.6405556,
       32.0238889
      ]
     ]
    ],
    "type": "MultiLineString"
   }
  },
  {
   "type": "Feature",
   "properties": {
    "code": "LIAADYASFA",
    "firstWaypoint": "LIAAD",
    "secondWaypoint": "YASFA",
    "nameEn": "Leyad-Yad ShfaYm",
    "nameHe": "ליעד-ים שפיים",
    "military": "MIL",
    "byRequest": "BR",
    "curved": null,
    "mapSheet": "N",
    "lengthNm": 16.543835,
    "magneticTrack": "195",
    "backTrack": "15",
    "altitudeNorthRaw": "2000",
    "altitudeSouthRaw": "1500",
    "altitudeWestRaw": "X",
    "altitudeEastRaw": "X",
    "altitudeNorthFt": 2000,
    "altitudeSouthFt": 1500,
    "altitudeWestFt": null,
    "altitudeEastFt": null
   },
   "geometry": {
    "coordinates": [
     [
      [
       34.6247222,
       32.2186111
      ],
      [
       34.515,
       31.9583333
      ]
     ]
    ],
    "type": "MultiLineString"
   }
  },
  {
   "type": "Feature",
   "properties": {
    "code": "LLBGPARDS",
    "firstWaypoint": "LLBG",
    "secondWaypoint": "PARDS",
    "nameEn": "Ben Gurion-Pardes",
    "nameHe": "בן גוריון-פרדס",
    "military": "CIVIL",
    "byRequest": "OPEN",
    "curved": null,
    "mapSheet": "N",
    "lengthNm": 5.90684,
    "magneticTrack": "336",
    "backTrack": "156",
    "altitudeNorthRaw": "1200",
    "altitudeSouthRaw": "1200",
    "altitudeWestRaw": "X",
    "altitudeEastRaw": "X",
    "altitudeNorthFt": 1200,
    "altitudeSouthFt": 1200,
    "altitudeWestFt": null,
    "altitudeEastFt": null
   },
   "geometry": {
    "coordinates": [
     [
      [
       34.8477778,
       32.1027778
      ],
      [
       34.8855556,
       32.0094444
      ]
     ]
    ],
    "type": "MultiLineString"
   }
  },
  {
   "type": "Feature",
   "properties": {
    "code": "LLBSKUVSH",
    "firstWaypoint": "LLBS",
    "secondWaypoint": "KUVSH",
    "nameEn": "Tyman-Kovshim",
    "nameHe": "תימן-כובשים",
    "military": "CIVIL",
    "byRequest": "OPEN",
    "curved": null,
    "mapSheet": "S",
    "lengthNm": 2.702457,
    "magneticTrack": "123",
    "backTrack": "303",
    "altitudeNorthRaw": "X",
    "altitudeSouthRaw": "X",
    "altitudeWestRaw": "2000",
    "altitudeEastRaw": "2000",
    "altitudeNorthFt": null,
    "altitudeSouthFt": null,
    "altitudeWestFt": 2000,
    "altitudeEastFt": 2000
   },
   "geometry": {
    "coordinates": [
     [
      [
       34.7227778,
       31.2869444
      ],
      [
       34.7636111,
       31.2584722
      ]
     ]
    ],
    "type": "MultiLineString"
   }
  },
  {
   "type": "Feature",
   "properties": {
    "code": "LLBSNASIH",
    "firstWaypoint": "LLBS",
    "secondWaypoint": "NASIH",
    "nameEn": "Tyman-Eshel Hanasie",
    "nameHe": "תימן-אשל הנשיא",
    "military": "CIVIL",
    "byRequest": "OPEN",
    "curved": null,
    "mapSheet": "S",
    "lengthNm": 2.880336,
    "magneticTrack": "329",
    "backTrack": "149",
    "altitudeNorthRaw": "3000",
    "altitudeSouthRaw": "2000",
    "altitudeWestRaw": "X",
    "altitudeEastRaw": "X",
    "altitudeNorthFt": 3000,
    "altitudeSouthFt": 2000,
    "altitudeWestFt": null,
    "altitudeEastFt": null
   },
   "geometry": {
    "coordinates": [
     [
      [
       34.7227778,
       31.2869444
      ],
      [
       34.6983333,
       31.3302778
      ]
     ]
    ],
    "type": "MultiLineString"
   }
  },
  {
   "type": "Feature",
   "properties": {
    "code": "LLEKAYLON",
    "firstWaypoint": "LLEK",
    "secondWaypoint": "AYLON",
    "nameEn": "Tel Nof-Ayalon",
    "nameHe": "תל נוף-איילון",
    "military": "MIL",
    "byRequest": "OPEN",
    "curved": null,
    "mapSheet": "N",
    "lengthNm": 6.731603,
    "magneticTrack": "66",
    "backTrack": "246",
    "altitudeNorthRaw": "X",
    "altitudeSouthRaw": "X",
    "altitudeWestRaw": "2000",
    "altitudeEastRaw": "1500",
    "altitudeNorthFt": null,
    "altitudeSouthFt": null,
    "altitudeWestFt": 2000,
    "altitudeEastFt": 1500
   },
   "geometry": {
    "coordinates": [
     [
      [
       34.8183333,
       31.8366667
      ],
      [
       34.9436111,
       31.8716667
      ]
     ]
    ],
    "type": "MultiLineString"
   }
  },
  {
   "type": "Feature",
   "properties": {
    "code": "LLEKNAGID",
    "firstWaypoint": "LLEK",
    "secondWaypoint": "NAGID",
    "nameEn": "Tel Nof-Kfar Hanagid",
    "nameHe": "תל נוף-כפר הנגיד",
    "military": "MIL",
    "byRequest": "OPEN",
    "curved": null,
    "mapSheet": "N",
    "lengthNm": 4.501126,
    "magneticTrack": "307",
    "backTrack": "X",
    "altitudeNorthRaw": "1200",
    "altitudeSouthRaw": "X",
    "altitudeWestRaw": "X",
    "altitudeEastRaw": "X",
    "altitudeNorthFt": 1200,
    "altitudeSouthFt": null,
    "altitudeWestFt": null,
    "altitudeEastFt": null
   },
   "geometry": {
    "coordinates": [
     [
      [
       34.8183333,
       31.8366667
      ],
      [
       34.7558333,
       31.8897222
      ]
     ]
    ],
    "type": "MultiLineString"
   }
  },
  {
   "type": "Feature",
   "properties": {
    "code": "LLEKNSHRM",
    "firstWaypoint": "LLEK",
    "secondWaypoint": "NSHRM",
    "nameEn": "Tel Nof-Nesharim",
    "nameHe": "תל נוף-נשרים",
    "military": "MIL",
    "byRequest": "BR",
    "curved": null,
    "mapSheet": "N",
    "lengthNm": 5.73013,
    "magneticTrack": "36",
    "backTrack": "216",
    "altitudeNorthRaw": "X",
    "altitudeSouthRaw": "X",
    "altitudeWestRaw": "2000",
    "altitudeEastRaw": "1500",
    "altitudeNorthFt": null,
    "altitudeSouthFt": null,
    "altitudeWestFt": 2000,
    "altitudeEastFt": 1500
   },
   "geometry": {
    "coordinates": [
     [
      [
       34.8183333,
       31.8366667
      ],
      [
       34.8916667,
       31.9091667
      ]
     ]
    ],
    "type": "MultiLineString"
   }
  },
  {
   "type": "Feature",
   "properties": {
    "code": "LLEKNTAIM",
    "firstWaypoint": "LLEK",
    "secondWaypoint": "NTAIM",
    "nameEn": "Tel Nof-Netaim",
    "nameHe": "תל נוף-נטעים",
    "military": "MIL",
    "byRequest": "BR",
    "curved": null,
    "mapSheet": "N",
    "lengthNm": 6.678631,
    "magneticTrack": "159",
    "backTrack": "X",
    "altitudeNorthRaw": "X",
    "altitudeSouthRaw": "800",
    "altitudeWestRaw": "X",
    "altitudeEastRaw": "X",
    "altitudeNorthFt": null,
    "altitudeSouthFt": 800,
    "altitudeWestFt": null,
    "altitudeEastFt": null
   },
   "geometry": {
    "coordinates": [
     [
      [
       34.7808333,
       31.9436111
      ],
      [
       34.8183333,
       31.8366667
      ]
     ]
    ],
    "type": "MultiLineString"
   }
  },
  {
   "type": "Feature",
   "properties": {
    "code": "LLHAAFFEK",
    "firstWaypoint": "LLHA",
    "secondWaypoint": "AFFEK",
    "nameEn": "Haifa-Afek",
    "nameHe": "חיפה-אפק",
    "military": "CIVIL",
    "byRequest": "OPEN",
    "curved": null,
    "mapSheet": "N",
    "lengthNm": 4.701239,
    "magneticTrack": "59",
    "backTrack": "239",
    "altitudeNorthRaw": "X",
    "altitudeSouthRaw": "X",
    "altitudeWestRaw": "2000",
    "altitudeEastRaw": "1500",
    "altitudeNorthFt": null,
    "altitudeSouthFt": null,
    "altitudeWestFt": 2000,
    "altitudeEastFt": 1500
   },
   "geometry": {
    "coordinates": [
     [
      [
       35.0427778,
       32.8083333
      ],
      [
       35.1277778,
       32.8402778
      ]
     ]
    ],
    "type": "MultiLineString"
   }
  },
  {
   "type": "Feature",
   "properties": {
    "code": "LLHADUGIT",
    "firstWaypoint": "LLHA",
    "secondWaypoint": "DUGIT",
    "nameEn": "Haifa-Dugit",
    "nameHe": "חיפה-דוגית",
    "military": "CIVIL",
    "byRequest": "BR",
    "curved": null,
    "mapSheet": "N",
    "lengthNm": 2.680999,
    "magneticTrack": "3",
    "backTrack": "X",
    "altitudeNorthRaw": "1500",
    "altitudeSouthRaw": "X",
    "altitudeWestRaw": "X",
    "altitudeEastRaw": "X",
    "altitudeNorthFt": 1500,
    "altitudeSouthFt": null,
    "altitudeWestFt": null,
    "altitudeEastFt": null
   },
   "geometry": {
    "coordinates": [
     [
      [
       35.0427778,
       32.8083333
      ],
      [
       35.0516667,
       32.8525
      ]
     ]
    ],
    "type": "MultiLineString"
   }
  },
  {
   "type": "Feature",
   "properties": {
    "code": "LLHAGALIM",
    "firstWaypoint": "LLHA",
    "secondWaypoint": "GALIM",
    "nameEn": "Haifa-Bat Galim",
    "nameHe": "חיפה-בת גלים",
    "military": "CIVIL",
    "byRequest": "OPEN",
    "curved": null,
    "mapSheet": "N",
    "lengthNm": 3.681871,
    "magneticTrack": "297",
    "backTrack": "117",
    "altitudeNorthRaw": "X",
    "altitudeSouthRaw": "X",
    "altitudeWestRaw": "2000/1000",
    "altitudeEastRaw": "1500",
    "altitudeNorthFt": null,
    "altitudeSouthFt": null,
    "altitudeWestFt": null,
    "altitudeEastFt": 1500
   },
   "geometry": {
    "coordinates": [
     [
      [
       35.0427778,
       32.8083333
      ],
      [
       34.9811111,
       32.8411111
      ]
     ]
    ],
    "type": "MultiLineString"
   }
  },
  {
   "type": "Feature",
   "properties": {
    "code": "LLHAGILAM",
    "firstWaypoint": "LLHA",
    "secondWaypoint": "GILAM",
    "nameEn": "Haifa-Gilam",
    "nameHe": "חיפה-גילעם",
    "military": "CIVIL",
    "byRequest": "OPEN",
    "curved": null,
    "mapSheet": "N",
    "lengthNm": 4.600916,
    "magneticTrack": "74",
    "backTrack": "254",
    "altitudeNorthRaw": "X",
    "altitudeSouthRaw": "X",
    "altitudeWestRaw": "3000",
    "altitudeEastRaw": "1500",
    "altitudeNorthFt": null,
    "altitudeSouthFt": null,
    "altitudeWestFt": 3000,
    "altitudeEastFt": 1500
   },
   "geometry": {
    "coordinates": [
     [
      [
       35.0427778,
       32.8083333
      ],
      [
       35.1325,
       32.8213889
      ]
     ]
    ],
    "type": "MultiLineString"
   }
  },
  {
   "type": "Feature",
   "properties": {
    "code": "LLHAKRYON",
    "firstWaypoint": "LLHA",
    "secondWaypoint": "KRYON",
    "nameEn": "Haifa-Kiryon",
    "nameHe": "חיפה-קיריון",
    "military": "CIVIL",
    "byRequest": "OPEN",
    "curved": null,
    "mapSheet": "N",
    "lengthNm": 3.132991,
    "magneticTrack": "41",
    "backTrack": "221",
    "altitudeNorthRaw": "1500",
    "altitudeSouthRaw": "2000",
    "altitudeWestRaw": "X",
    "altitudeEastRaw": "X",
    "altitudeNorthFt": 1500,
    "altitudeSouthFt": 2000,
    "altitudeWestFt": null,
    "altitudeEastFt": null
   },
   "geometry": {
    "coordinates": [
     [
      [
       35.0888889,
       32.8433333
      ],
      [
       35.0427778,
       32.8083333
      ]
     ]
    ],
    "type": "MultiLineString"
   }
  },
  {
   "type": "Feature",
   "properties": {
    "code": "LLHBLLBS",
    "firstWaypoint": "LLHB",
    "secondWaypoint": "LLBS",
    "nameEn": "Hazerim-Tyman",
    "nameHe": "חצרים-תימן",
    "military": "MIL",
    "byRequest": "OPEN",
    "curved": null,
    "mapSheet": "S",
    "lengthNm": 4.351563,
    "magneticTrack": "48",
    "backTrack": "X",
    "altitudeNorthRaw": "2000",
    "altitudeSouthRaw": "X",
    "altitudeWestRaw": "X",
    "altitudeEastRaw": "X",
    "altitudeNorthFt": 2000,
    "altitudeSouthFt": null,
    "altitudeWestFt": null,
    "altitudeEastFt": null
   },
   "geometry": {
    "coordinates": [
     [
      [
       34.655,
       31.2433333
      ],
      [
       34.7227778,
       31.2869444
      ]
     ]
    ],
    "type": "MultiLineString"
   }
  },
  {
   "type": "Feature",
   "properties": {
    "code": "LLHBNASIH",
    "firstWaypoint": "LLHB",
    "secondWaypoint": "NASIH",
    "nameEn": "Hazerim-Eshel Hanasie",
    "nameHe": "חצרים-אשל הנשיא",
    "military": "MIL",
    "byRequest": "OPEN",
    "curved": null,
    "mapSheet": "N/S",
    "lengthNm": 5.657525,
    "magneticTrack": "18",
    "backTrack": "198",
    "altitudeNorthRaw": "2000",
    "altitudeSouthRaw": "2000",
    "altitudeWestRaw": "X",
    "altitudeEastRaw": "X",
    "altitudeNorthFt": 2000,
    "altitudeSouthFt": 2000,
    "altitudeWestFt": null,
    "altitudeEastFt": null
   },
   "geometry": {
    "coordinates": [
     [
      [
       34.655,
       31.2433333
      ],
      [
       34.6983333,
       31.3302778
      ]
     ]
    ],
    "type": "MultiLineString"
   }
  },
  {
   "type": "Feature",
   "properties": {
    "code": "LLHSKANOT",
    "firstWaypoint": "LLHS",
    "secondWaypoint": "KANOT",
    "nameEn": "Hazor-Kanot",
    "nameHe": "חצור-צומת כנות",
    "military": "MIL",
    "byRequest": "BR",
    "curved": null,
    "mapSheet": "N",
    "lengthNm": 3.464505,
    "magneticTrack": "31",
    "backTrack": "211",
    "altitudeNorthRaw": "2000",
    "altitudeSouthRaw": "1500",
    "altitudeWestRaw": "X",
    "altitudeEastRaw": "X",
    "altitudeNorthFt": 2000,
    "altitudeSouthFt": 1500,
    "altitudeWestFt": null,
    "altitudeEastFt": null
   },
   "geometry": {
    "coordinates": [
     [
      [
       34.7230556,
       31.7577778
      ],
      [
       34.7634417,
       31.8042889
      ]
     ]
    ],
    "type": "MultiLineString"
   }
  },
  {
   "type": "Feature",
   "properties": {
    "code": "LLHSOFKIM",
    "firstWaypoint": "LLHS",
    "secondWaypoint": "OFKIM",
    "nameEn": "Hazerim-Ofakim",
    "nameHe": "חצרים-אופקים",
    "military": "MIL",
    "byRequest": "BR",
    "curved": null,
    "mapSheet": "S",
    "lengthNm": 5.068743,
    "magneticTrack": "333",
    "backTrack": "153",
    "altitudeNorthRaw": "2000",
    "altitudeSouthRaw": "1500",
    "altitudeWestRaw": "X",
    "altitudeEastRaw": "X",
    "altitudeNorthFt": 2000,
    "altitudeSouthFt": 1500,
    "altitudeWestFt": null,
    "altitudeEastFt": null
   },
   "geometry": {
    "coordinates": [
     [
      [
       34.655,
       31.2433333
      ],
      [
       34.6188883,
       31.3221864
      ]
     ]
    ],
    "type": "MultiLineString"
   }
  },
  {
   "type": "Feature",
   "properties": {
    "code": "LLHSTZHOT",
    "firstWaypoint": "LLHS",
    "secondWaypoint": "TZHOT",
    "nameEn": "Hazerim-Urim",
    "nameHe": "חצרים-צלחות",
    "military": "MIL",
    "byRequest": "BR",
    "curved": null,
    "mapSheet": "N",
    "lengthNm": 7.502674,
    "magneticTrack": "296",
    "backTrack": "116",
    "altitudeNorthRaw": "X",
    "altitudeSouthRaw": "X",
    "altitudeWestRaw": "2000",
    "altitudeEastRaw": "X",
    "altitudeNorthFt": null,
    "altitudeSouthFt": null,
    "altitudeWestFt": 2000,
    "altitudeEastFt": null
   },
   "geometry": {
    "coordinates": [
     [
      [
       34.5297222,
       31.3077778
      ],
      [
       34.655,
       31.2433333
      ]
     ]
    ],
    "type": "MultiLineString"
   }
  },
  {
   "type": "Feature",
   "properties": {
    "code": "LLHSZASHD",
    "firstWaypoint": "LLHS",
    "secondWaypoint": "ZASHD",
    "nameEn": "Hazor-Mechlaf Ashdod",
    "nameHe": "חצור-צומת אשדוד/בני דרום",
    "military": "MIL",
    "byRequest": "OPEN",
    "curved": null,
    "mapSheet": "S",
    "lengthNm": 4.156792,
    "magneticTrack": "345",
    "backTrack": "X",
    "altitudeNorthRaw": "1200",
    "altitudeSouthRaw": "X",
    "altitudeWestRaw": "X",
    "altitudeEastRaw": "X",
    "altitudeNorthFt": 1200,
    "altitudeSouthFt": null,
    "altitudeWestFt": null,
    "altitudeEastFt": null
   },
   "geometry": {
    "coordinates": [
     [
      [
       34.7230556,
       31.7577778
      ],
      [
       34.7083333,
       31.8261111
      ]
     ]
    ],
    "type": "MultiLineString"
   }
  },
  {
   "type": "Feature",
   "properties": {
    "code": "LLHZBAZRA",
    "firstWaypoint": "LLHZ",
    "secondWaypoint": "BAZRA",
    "nameEn": "Herzelia-Bazra",
    "nameHe": "הרצליה-בצרה",
    "military": "CIVIL",
    "byRequest": "BR",
    "curved": null,
    "mapSheet": "N",
    "lengthNm": 3.4,
    "magneticTrack": "49.995353",
    "backTrack": "229.99535349",
    "altitudeNorthRaw": "800",
    "altitudeSouthRaw": "1200",
    "altitudeWestRaw": "X",
    "altitudeEastRaw": "X",
    "altitudeNorthFt": 800,
    "altitudeSouthFt": 1200,
    "altitudeWestFt": null,
    "altitudeEastFt": null
   },
   "geometry": {
    "coordinates": [
     [
      [
       34.8344444,
       32.1794444
      ],
      [
       34.8825,
       32.2186111
      ]
     ]
    ],
    "type": "MultiLineString"
   }
  },
  {
   "type": "Feature",
   "properties": {
    "code": "LLHZRANNO",
    "firstWaypoint": "LLHZ",
    "secondWaypoint": "RANNO",
    "nameEn": "Hertzlia-Raanana North",
    "nameHe": "הרצליה - רעננה צפון",
    "military": "CIVIL",
    "byRequest": "BR",
    "curved": null,
    "mapSheet": "N",
    "lengthNm": 3.360583,
    "magneticTrack": "75.350153",
    "backTrack": "X",
    "altitudeNorthRaw": "X",
    "altitudeSouthRaw": "X",
    "altitudeWestRaw": "X",
    "altitudeEastRaw": "800",
    "altitudeNorthFt": null,
    "altitudeSouthFt": null,
    "altitudeWestFt": null,
    "altitudeEastFt": 800
   },
   "geometry": {
    "coordinates": [
     [
      [
       34.8344444,
       32.1794444
      ],
      [
       34.8883333,
       32.1908333
      ]
     ]
    ],
    "type": "MultiLineString"
   }
  },
  {
   "type": "Feature",
   "properties": {
    "code": "LLHZSFAIM",
    "firstWaypoint": "LLHZ",
    "secondWaypoint": "SFAIM",
    "nameEn": "Hertzlia East - Shfaim",
    "nameHe": "הרצליה מזרחי - שפיים",
    "military": "CIVIL",
    "byRequest": "BR",
    "curved": null,
    "mapSheet": "N",
    "lengthNm": 3.133484,
    "magneticTrack": "350.077058",
    "backTrack": "170.07705838",
    "altitudeNorthRaw": "800",
    "altitudeSouthRaw": "X",
    "altitudeWestRaw": "X",
    "altitudeEastRaw": "X",
    "altitudeNorthFt": 800,
    "altitudeSouthFt": null,
    "altitudeWestFt": null,
    "altitudeEastFt": null
   },
   "geometry": {
    "coordinates": [
     [
      [
       34.8344444,
       32.1794444
      ],
      [
       34.8072222,
       32.2105556
      ]
     ]
    ],
    "type": "MultiLineString"
   }
  },
  {
   "type": "Feature",
   "properties": {
    "code": "LLHZZRANA",
    "firstWaypoint": "LLHZ",
    "secondWaypoint": "ZRANA",
    "nameEn": "Hertzlia-Raanana Center",
    "nameHe": "הרצליה-רעננה מרכז",
    "military": "CIVIL",
    "byRequest": "BR",
    "curved": "V",
    "mapSheet": "N",
    "lengthNm": 2.124062,
    "magneticTrack": "X",
    "backTrack": "X",
    "altitudeNorthRaw": "X",
    "altitudeSouthRaw": "800",
    "altitudeWestRaw": "X",
    "altitudeEastRaw": null,
    "altitudeNorthFt": null,
    "altitudeSouthFt": 800,
    "altitudeWestFt": null,
    "altitudeEastFt": null
   },
   "geometry": {
    "coordinates": [
     [
      [
       34.8344444,
       32.1794444
      ],
      [
       34.8877778,
       32.1772222
      ]
     ]
    ],
    "type": "MultiLineString"
   }
  },
  {
   "type": "Feature",
   "properties": {
    "code": "LLIBHULAT",
    "firstWaypoint": "LLIB",
    "secondWaypoint": "HULAT",
    "nameEn": "Rosh Pina-Hulata",
    "nameHe": "ראש פינה-חולתה",
    "military": "CIVIL",
    "byRequest": "OPEN",
    "curved": null,
    "mapSheet": "N",
    "lengthNm": 4.794422,
    "magneticTrack": "33",
    "backTrack": "213",
    "altitudeNorthRaw": "2500",
    "altitudeSouthRaw": "3000",
    "altitudeWestRaw": "X",
    "altitudeEastRaw": "X",
    "altitudeNorthFt": 2500,
    "altitudeSouthFt": 3000,
    "altitudeWestFt": null,
    "altitudeEastFt": null
   },
   "geometry": {
    "coordinates": [
     [
      [
       35.5708333,
       32.9805556
      ],
      [
       35.6294444,
       33.0436111
      ]
     ]
    ],
    "type": "MultiLineString"
   }
  },
  {
   "type": "Feature",
   "properties": {
    "code": "LLKZHOLOT",
    "firstWaypoint": "LLKZ",
    "secondWaypoint": "HOLOT",
    "nameEn": "Kzioth-Holot",
    "nameHe": "קציעות-חולות",
    "military": "MIL",
    "byRequest": "BR",
    "curved": null,
    "mapSheet": "S",
    "lengthNm": 9.16146,
    "magneticTrack": "326",
    "backTrack": "146",
    "altitudeNorthRaw": "3500",
    "altitudeSouthRaw": "3000",
    "altitudeWestRaw": "X",
    "altitudeEastRaw": "X",
    "altitudeNorthFt": 3500,
    "altitudeSouthFt": 3000,
    "altitudeWestFt": null,
    "altitudeEastFt": null
   },
   "geometry": {
    "coordinates": [
     [
      [
       34.4436111,
       30.8588889
      ],
      [
       34.3602778,
       30.9941667
      ]
     ]
    ],
    "type": "MultiLineString"
   }
  },
  {
   "type": "Feature",
   "properties": {
    "code": "LLMZSHALM",
    "firstWaypoint": "LLMZ",
    "secondWaypoint": "SHALM",
    "nameEn": "Metzada-Mitzpe Shalem",
    "nameHe": "מצדה-מצפה שלם",
    "military": "CIVIL",
    "byRequest": "OPEN",
    "curved": "V",
    "mapSheet": "N/S",
    "lengthNm": 13.972378,
    "magneticTrack": "X",
    "backTrack": "X",
    "altitudeNorthRaw": "4000",
    "altitudeSouthRaw": "3500",
    "altitudeWestRaw": "X",
    "altitudeEastRaw": "X",
    "altitudeNorthFt": 4000,
    "altitudeSouthFt": 3500,
    "altitudeWestFt": null,
    "altitudeEastFt": null
   },
   "geometry": {
    "coordinates": [
     [
      [
       35.3883333,
       31.3291667
      ],
      [
       35.3803975,
       31.4299923
      ],
      [
       35.3989331,
       31.4616407
      ],
      [
       35.4025,
       31.5586111
      ]
     ]
    ],
    "type": "MultiLineString"
   }
  },
  {
   "type": "Feature",
   "properties": {
    "code": "LLNVARRAD",
    "firstWaypoint": "LLNV",
    "secondWaypoint": "ARRAD",
    "nameEn": "Nevatim-Tzomet Arad",
    "nameHe": "נגב  - צומת ערד",
    "military": "MIL",
    "byRequest": "OPEN",
    "curved": null,
    "mapSheet": "S",
    "lengthNm": 9.456862,
    "magneticTrack": "63",
    "backTrack": "243",
    "altitudeNorthRaw": "X",
    "altitudeSouthRaw": "X",
    "altitudeWestRaw": "4000",
    "altitudeEastRaw": "3500",
    "altitudeNorthFt": null,
    "altitudeSouthFt": null,
    "altitudeWestFt": 4000,
    "altitudeEastFt": 3500
   },
   "geometry": {
    "coordinates": [
     [
      [
       35.2097222,
       31.2544444
      ],
      [
       35.039095,
       31.1954372
      ]
     ]
    ],
    "type": "MultiLineString"
   }
  },
  {
   "type": "Feature",
   "properties": {
    "code": "LLNVHATRU",
    "firstWaypoint": "LLNV",
    "secondWaypoint": "HATRU",
    "nameEn": "Negev-Tzomet Hatrurim",
    "nameHe": "נגב-צומת חתרורים",
    "military": "MIL",
    "byRequest": "BR",
    "curved": null,
    "mapSheet": "S",
    "lengthNm": 10.8516,
    "magneticTrack": "78",
    "backTrack": "258",
    "altitudeNorthRaw": "X",
    "altitudeSouthRaw": "X",
    "altitudeWestRaw": "4000",
    "altitudeEastRaw": "3500",
    "altitudeNorthFt": null,
    "altitudeSouthFt": null,
    "altitudeWestFt": 4000,
    "altitudeEastFt": 3500
   },
   "geometry": {
    "coordinates": [
     [
      [
       35.039095,
       31.1954372
      ],
      [
       35.2483333,
       31.2188889
      ]
     ]
    ],
    "type": "MultiLineString"
   }
  },
  {
   "type": "Feature",
   "properties": {
    "code": "LLNVSOKET",
    "firstWaypoint": "LLNV",
    "secondWaypoint": "SOKET",
    "nameEn": "Nevatim-Tzomet Shoket",
    "nameHe": "נבטים-צומת שוקת",
    "military": "MIL",
    "byRequest": "BR",
    "curved": null,
    "mapSheet": "N/S",
    "lengthNm": 9.759599,
    "magneticTrack": "309",
    "backTrack": "129",
    "altitudeNorthRaw": "3500",
    "altitudeSouthRaw": "3000",
    "altitudeWestRaw": "X",
    "altitudeEastRaw": "X",
    "altitudeNorthFt": 3500,
    "altitudeSouthFt": 3000,
    "altitudeWestFt": null,
    "altitudeEastFt": null
   },
   "geometry": {
    "coordinates": [
     [
      [
       35.039095,
       31.1954373
      ],
      [
       34.9011111,
       31.3075
      ]
     ]
    ],
    "type": "MultiLineString"
   }
  },
  {
   "type": "Feature",
   "properties": {
    "code": "LLOVSIZFN",
    "firstWaypoint": "LLOV",
    "secondWaypoint": "SIZFN",
    "nameEn": "Ovda-Shizafon",
    "nameHe": "עובדה-שזפון",
    "military": "MIL",
    "byRequest": "BR",
    "curved": "V",
    "mapSheet": "S",
    "lengthNm": 7.74447,
    "magneticTrack": "27",
    "backTrack": "207",
    "altitudeNorthRaw": "3500",
    "altitudeSouthRaw": "3000",
    "altitudeWestRaw": "X",
    "altitudeEastRaw": "X",
    "altitudeNorthFt": 3500,
    "altitudeSouthFt": 3000,
    "altitudeWestFt": null,
    "altitudeEastFt": null
   },
   "geometry": {
    "coordinates": [
     [
      [
       34.9408333,
       29.935
      ],
      [
       35.0144444,
       30.0475
      ]
     ]
    ],
    "type": "MultiLineString"
   }
  },
  {
   "type": "Feature",
   "properties": {
    "code": "LLPLNTAIM",
    "firstWaypoint": "LLPL",
    "secondWaypoint": "NTAIM",
    "nameEn": "Palmachim-Netaim",
    "nameHe": "פלמחים-נטעים",
    "military": "MIL",
    "byRequest": "OPEN",
    "curved": null,
    "mapSheet": "N",
    "lengthNm": 5.368543,
    "magneticTrack": "245",
    "backTrack": "X",
    "altitudeNorthRaw": "X",
    "altitudeSouthRaw": "X",
    "altitudeWestRaw": "X",
    "altitudeEastRaw": "800",
    "altitudeNorthFt": null,
    "altitudeSouthFt": null,
    "altitudeWestFt": null,
    "altitudeEastFt": 800
   },
   "geometry": {
    "coordinates": [
     [
      [
       34.7808333,
       31.9436111
      ],
      [
       34.69,
       31.8983333
      ]
     ]
    ],
    "type": "MultiLineString"
   }
  },
  {
   "type": "Feature",
   "properties": {
    "code": "LLRDHASID",
    "firstWaypoint": "LLRD",
    "secondWaypoint": "HASID",
    "nameEn": "Ramat David-Kfar Hasidim",
    "nameHe": "רמת דוד-כפר חסידים",
    "military": "MIL",
    "byRequest": "BR",
    "curved": null,
    "mapSheet": "N",
    "lengthNm": 7.172542,
    "magneticTrack": "307",
    "backTrack": "127",
    "altitudeNorthRaw": "2500",
    "altitudeSouthRaw": "1500",
    "altitudeWestRaw": "X",
    "altitudeEastRaw": "X",
    "altitudeNorthFt": 2500,
    "altitudeSouthFt": 1500,
    "altitudeWestFt": null,
    "altitudeEastFt": null
   },
   "geometry": {
    "coordinates": [
     [
      [
       35.0777778,
       32.7466667
      ],
      [
       35.1833333,
       32.6666667
      ]
     ]
    ],
    "type": "MultiLineString"
   }
  },
  {
   "type": "Feature",
   "properties": {
    "code": "LLRDMOVIL",
    "firstWaypoint": "LLRD",
    "secondWaypoint": "MOVIL",
    "nameEn": "Ramat David-Hamovil",
    "nameHe": "רמת דוד-המוביל",
    "military": "MIL",
    "byRequest": "OPEN",
    "curved": null,
    "mapSheet": "N",
    "lengthNm": 6.086529,
    "magneticTrack": "20",
    "backTrack": "200",
    "altitudeNorthRaw": "2500",
    "altitudeSouthRaw": "3000",
    "altitudeWestRaw": "X",
    "altitudeEastRaw": "X",
    "altitudeNorthFt": 2500,
    "altitudeSouthFt": 3000,
    "altitudeWestFt": null,
    "altitudeEastFt": null
   },
   "geometry": {
    "coordinates": [
     [
      [
       35.1833333,
       32.6666667
      ],
      [
       35.2333333,
       32.7591667
      ]
     ]
    ],
    "type": "MultiLineString"
   }
  },
  {
   "type": "Feature",
   "properties": {
    "code": "LLRMBOKER",
    "firstWaypoint": "LLRM",
    "secondWaypoint": "BOKER",
    "nameEn": "Ramon-Sde Boker",
    "nameHe": "רמון-שדה בוקר",
    "military": "MIL",
    "byRequest": "OPEN",
    "curved": null,
    "mapSheet": "S",
    "lengthNm": 8.580604,
    "magneticTrack": "41",
    "backTrack": "221",
    "altitudeNorthRaw": "4000",
    "altitudeSouthRaw": "3500",
    "altitudeWestRaw": "X",
    "altitudeEastRaw": "X",
    "altitudeNorthFt": 4000,
    "altitudeSouthFt": 3500,
    "altitudeWestFt": null,
    "altitudeEastFt": null
   },
   "geometry": {
    "coordinates": [
     [
      [
       34.6666667,
       30.775
      ],
      [
       34.7858333,
       30.875
      ]
     ]
    ],
    "type": "MultiLineString"
   }
  },
  {
   "type": "Feature",
   "properties": {
    "code": "LLRMNIZAN",
    "firstWaypoint": "LLRM",
    "secondWaypoint": "NIZAN",
    "nameEn": "Ramon-Mazleg Nitzana",
    "nameHe": "רמון-מזלג ניצנה",
    "military": "MIL",
    "byRequest": "BR",
    "curved": null,
    "mapSheet": "S",
    "lengthNm": 5.385993,
    "magneticTrack": "252",
    "backTrack": "72",
    "altitudeNorthRaw": "X",
    "altitudeSouthRaw": "X",
    "altitudeWestRaw": "3500",
    "altitudeEastRaw": "3000",
    "altitudeNorthFt": null,
    "altitudeSouthFt": null,
    "altitudeWestFt": 3500,
    "altitudeEastFt": 3000
   },
   "geometry": {
    "coordinates": [
     [
      [
       34.6666667,
       30.775
      ],
      [
       34.5649994,
       30.755
      ]
     ]
    ],
    "type": "MultiLineString"
   }
  },
  {
   "type": "Feature",
   "properties": {
    "code": "LLRMOVDAT",
    "firstWaypoint": "LLRM",
    "secondWaypoint": "OVDAT",
    "nameEn": "Ramon-Horvot Ovdat",
    "nameHe": "רמון-חורבות עבדת",
    "military": "MIL",
    "byRequest": "OPEN",
    "curved": null,
    "mapSheet": "S",
    "lengthNm": 6.749161,
    "magneticTrack": "71",
    "backTrack": "X",
    "altitudeNorthRaw": "X",
    "altitudeSouthRaw": "X",
    "altitudeWestRaw": "X",
    "altitudeEastRaw": "4000",
    "altitudeNorthFt": null,
    "altitudeSouthFt": null,
    "altitudeWestFt": null,
    "altitudeEastFt": 4000
   },
   "geometry": {
    "coordinates": [
     [
      [
       34.6666667,
       30.775
      ],
      [
       34.7933333,
       30.8027778
      ]
     ]
    ],
    "type": "MultiLineString"
   }
  },
  {
   "type": "Feature",
   "properties": {
    "code": "LTRUNAYLON",
    "firstWaypoint": "LTRUN",
    "secondWaypoint": "AYLON",
    "nameEn": "Latroon-Ayalon",
    "nameHe": "לטרון-איילון",
    "military": "CIVIL",
    "byRequest": "OPEN",
    "curved": null,
    "mapSheet": "N",
    "lengthNm": 2.957439,
    "magneticTrack": "307",
    "backTrack": "127",
    "altitudeNorthRaw": "X",
    "altitudeSouthRaw": "X",
    "altitudeWestRaw": "1600",
    "altitudeEastRaw": "1200",
    "altitudeNorthFt": null,
    "altitudeSouthFt": null,
    "altitudeWestFt": 1600,
    "altitudeEastFt": 1200
   },
   "geometry": {
    "coordinates": [
     [
      [
       34.9866667,
       31.8386111
      ],
      [
       34.9436111,
       31.8716667
      ]
     ]
    ],
    "type": "MultiLineString"
   }
  },
  {
   "type": "Feature",
   "properties": {
    "code": "MEHOLLLRS",
    "firstWaypoint": "MEHOL",
    "secondWaypoint": "LLRS",
    "nameEn": null,
    "nameHe": "משולש חולות - ראשלצ",
    "military": "CIVIL",
    "byRequest": "BR",
    "curved": "X",
    "mapSheet": "N",
    "lengthNm": 0.670029,
    "magneticTrack": "301",
    "backTrack": "121",
    "altitudeNorthRaw": "400",
    "altitudeSouthRaw": null,
    "altitudeWestRaw": null,
    "altitudeEastRaw": null,
    "altitudeNorthFt": 400,
    "altitudeSouthFt": null,
    "altitudeWestFt": null,
    "altitudeEastFt": null
   },
   "geometry": {
    "coordinates": [
     [
      [
       34.7641667,
       31.9608333
      ],
      [
       34.7536111,
       31.9675
      ]
     ]
    ],
    "type": "MultiLineString"
   }
  },
  {
   "type": "Feature",
   "properties": {
    "code": "MESARRUHOT",
    "firstWaypoint": "MESAR",
    "secondWaypoint": "RUHOT",
    "nameEn": "Maale Meishar-Tzomet Haruhot",
    "nameHe": "מעלה מישר-צומת הרוחות",
    "military": "CIVIL",
    "byRequest": "BR",
    "curved": null,
    "mapSheet": "S",
    "lengthNm": 11.761315,
    "magneticTrack": "319",
    "backTrack": "139",
    "altitudeNorthRaw": "4500",
    "altitudeSouthRaw": "3500",
    "altitudeWestRaw": "X",
    "altitudeEastRaw": "X",
    "altitudeNorthFt": 4500,
    "altitudeSouthFt": 3500,
    "altitudeWestFt": null,
    "altitudeEastFt": null
   },
   "geometry": {
    "coordinates": [
     [
      [
       34.9436111,
       30.5016667
      ],
      [
       34.8088889,
       30.66
      ]
     ]
    ],
    "type": "MultiLineString"
   }
  },
  {
   "type": "Feature",
   "properties": {
    "code": "METAHMESEK",
    "firstWaypoint": "METAH",
    "secondWaypoint": "MESEK",
    "nameEn": null,
    "nameHe": "מתח-משק",
    "military": "MIL",
    "byRequest": "BR",
    "curved": null,
    "mapSheet": "S",
    "lengthNm": 3.680514,
    "magneticTrack": "304",
    "backTrack": "124",
    "altitudeNorthRaw": "2000",
    "altitudeSouthRaw": "2000",
    "altitudeWestRaw": null,
    "altitudeEastRaw": null,
    "altitudeNorthFt": 2000,
    "altitudeSouthFt": 2000,
    "altitudeWestFt": null,
    "altitudeEastFt": null
   },
   "geometry": {
    "coordinates": [
     [
      [
       34.755,
       31.2255556
      ],
      [
       34.6997222,
       31.2646667
      ]
     ]
    ],
    "type": "MultiLineString"
   }
  },
  {
   "type": "Feature",
   "properties": {
    "code": "MIHMSANATA",
    "firstWaypoint": "MIHMS",
    "secondWaypoint": "ANATA",
    "nameEn": "malle mihmash - anata",
    "nameHe": "מעלה מכמש - ענאתא",
    "military": "CIVIL",
    "byRequest": "OPEN",
    "curved": null,
    "mapSheet": "N",
    "lengthNm": 3.574247,
    "magneticTrack": "230",
    "backTrack": "50",
    "altitudeNorthRaw": "X",
    "altitudeSouthRaw": "5000",
    "altitudeWestRaw": "X",
    "altitudeEastRaw": "X",
    "altitudeNorthFt": null,
    "altitudeSouthFt": 5000,
    "altitudeWestFt": null,
    "altitudeEastFt": null
   },
   "geometry": {
    "coordinates": [
     [
      [
       35.3294444,
       31.8544444
      ],
      [
       35.2713889,
       31.8211111
      ]
     ]
    ],
    "type": "MultiLineString"
   }
  },
  {
   "type": "Feature",
   "properties": {
    "code": "MINGVNASIH",
    "firstWaypoint": "MINGV",
    "secondWaypoint": "NASIH",
    "nameEn": "MISHMAR HANEGEV - Eshel Hanasih",
    "nameHe": "משמר הנגב -אשל הנשיא",
    "military": "CIVIL",
    "byRequest": "OPEN",
    "curved": null,
    "mapSheet": "S",
    "lengthNm": 2.425936,
    "magneticTrack": "12",
    "backTrack": "192",
    "altitudeNorthRaw": "3000",
    "altitudeSouthRaw": "2000/2500",
    "altitudeWestRaw": "X",
    "altitudeEastRaw": "X",
    "altitudeNorthFt": 3000,
    "altitudeSouthFt": null,
    "altitudeWestFt": null,
    "altitudeEastFt": null
   },
   "geometry": {
    "coordinates": [
     [
      [
       34.6983333,
       31.3302778
      ],
      [
       34.7127778,
       31.3688889
      ]
     ]
    ],
    "type": "MultiLineString"
   }
  },
  {
   "type": "Feature",
   "properties": {
    "code": "MMORRARRAD",
    "firstWaypoint": "MMORR",
    "secondWaypoint": "ARRAD",
    "nameEn": "Mor-Tzomet Arad",
    "nameHe": "מור-צומת ערד",
    "military": "CIVIL",
    "byRequest": "OPEN",
    "curved": null,
    "mapSheet": "S",
    "lengthNm": 8.153415,
    "magneticTrack": "265",
    "backTrack": "X",
    "altitudeNorthRaw": "X",
    "altitudeSouthRaw": "X",
    "altitudeWestRaw": "4000",
    "altitudeEastRaw": "<Null>",
    "altitudeNorthFt": null,
    "altitudeSouthFt": null,
    "altitudeWestFt": 4000,
    "altitudeEastFt": null
   },
   "geometry": {
    "coordinates": [
     [
      [
       35.3683333,
       31.2544444
      ],
      [
       35.2097222,
       31.2544444
      ]
     ]
    ],
    "type": "MultiLineString"
   }
  },
  {
   "type": "Feature",
   "properties": {
    "code": "MMORRLLMZ",
    "firstWaypoint": "MMORR",
    "secondWaypoint": "LLMZ",
    "nameEn": "Mor-Metzada",
    "nameHe": "מור-מצדה",
    "military": "CIVIL",
    "byRequest": "OPEN",
    "curved": null,
    "mapSheet": "S",
    "lengthNm": 4.587993,
    "magneticTrack": "8",
    "backTrack": "188",
    "altitudeNorthRaw": "4000",
    "altitudeSouthRaw": "3500",
    "altitudeWestRaw": "X",
    "altitudeEastRaw": "X",
    "altitudeNorthFt": 4000,
    "altitudeSouthFt": 3500,
    "altitudeWestFt": null,
    "altitudeEastFt": null
   },
   "geometry": {
    "coordinates": [
     [
      [
       35.3683333,
       31.2544444
      ],
      [
       35.3883333,
       31.3291667
      ]
     ]
    ],
    "type": "MultiLineString"
   }
  },
  {
   "type": "Feature",
   "properties": {
    "code": "MOVILZALMN",
    "firstWaypoint": "MOVIL",
    "secondWaypoint": "ZALMN",
    "nameEn": "Hamovil-Zalmon",
    "nameHe": "המוביל-צלמון",
    "military": "CIVIL",
    "byRequest": "BR",
    "curved": null,
    "mapSheet": "N",
    "lengthNm": 10.630873,
    "magneticTrack": "53",
    "backTrack": "233",
    "altitudeNorthRaw": "2500",
    "altitudeSouthRaw": "3000",
    "altitudeWestRaw": "X",
    "altitudeEastRaw": "X",
    "altitudeNorthFt": 2500,
    "altitudeSouthFt": 3000,
    "altitudeWestFt": null,
    "altitudeEastFt": null
   },
   "geometry": {
    "coordinates": [
     [
      [
       35.2333333,
       32.7591667
      ],
      [
       35.4116667,
       32.8533333
      ]
     ]
    ],
    "type": "MultiLineString"
   }
  },
  {
   "type": "Feature",
   "properties": {
    "code": "MRISNLLBG",
    "firstWaypoint": "MRISN",
    "secondWaypoint": "LLBG",
    "nameEn": "Mechlaf Rishon-Ben Gurion",
    "nameHe": "מחלף ראשון-בן גוריון",
    "military": "CIVIL",
    "byRequest": "OPEN",
    "curved": null,
    "mapSheet": "N",
    "lengthNm": 5.154078,
    "magneticTrack": "63",
    "backTrack": "243",
    "altitudeNorthRaw": "X",
    "altitudeSouthRaw": "X",
    "altitudeWestRaw": "1200",
    "altitudeEastRaw": "1200",
    "altitudeNorthFt": null,
    "altitudeSouthFt": null,
    "altitudeWestFt": 1200,
    "altitudeEastFt": 1200
   },
   "geometry": {
    "coordinates": [
     [
      [
       34.8855556,
       32.0094444
      ],
      [
       34.7919444,
       31.9769444
      ]
     ]
    ],
    "type": "MultiLineString"
   }
  },
  {
   "type": "Feature",
   "properties": {
    "code": "MYTARMZDOT",
    "firstWaypoint": "MYTAR",
    "secondWaypoint": "MZDOT",
    "nameEn": null,
    "nameHe": "מיתר - מצודות",
    "military": "CIVIL",
    "byRequest": "BR",
    "curved": "X",
    "mapSheet": "N/S",
    "lengthNm": 9.053605,
    "magneticTrack": "67.920977695",
    "backTrack": "247.92097769",
    "altitudeNorthRaw": "4000",
    "altitudeSouthRaw": "4000",
    "altitudeWestRaw": "X",
    "altitudeEastRaw": "X",
    "altitudeNorthFt": 4000,
    "altitudeSouthFt": 4000,
    "altitudeWestFt": null,
    "altitudeEastFt": null
   },
   "geometry": {
    "coordinates": [
     [
      [
       34.9380556,
       31.3147222
      ],
      [
       35.1075,
       31.3565
      ]
     ]
    ],
    "type": "MultiLineString"
   }
  },
  {
   "type": "Feature",
   "properties": {
    "code": "MZDOTENGDI",
    "firstWaypoint": "MZDOT",
    "secondWaypoint": "ENGDI",
    "nameEn": null,
    "nameHe": "מצודות  - עין גדי",
    "military": "CIVIL",
    "byRequest": "BR",
    "curved": "X",
    "mapSheet": "N/S",
    "lengthNm": 16.091705,
    "magneticTrack": "60.225538771",
    "backTrack": "240.22553877",
    "altitudeNorthRaw": "4000",
    "altitudeSouthRaw": "4000",
    "altitudeWestRaw": "X",
    "altitudeEastRaw": "X",
    "altitudeNorthFt": 4000,
    "altitudeSouthFt": 4000,
    "altitudeWestFt": null,
    "altitudeEastFt": null
   },
   "geometry": {
    "coordinates": [
     [
      [
       35.1075,
       31.3565
      ],
      [
       35.3948333,
       31.4641667
      ]
     ]
    ],
    "type": "MultiLineString"
   }
  },
  {
   "type": "Feature",
   "properties": {
    "code": "NAAMAFAZEL",
    "firstWaypoint": "NAAMA",
    "secondWaypoint": "FAZEL",
    "nameEn": "Naama-Tzomet Fazael",
    "nameHe": "נעמה-צומת פצאל",
    "military": "CIVIL",
    "byRequest": "OPEN",
    "curved": null,
    "mapSheet": "N",
    "lengthNm": 8.345642,
    "magneticTrack": "355",
    "backTrack": "175",
    "altitudeNorthRaw": "4000",
    "altitudeSouthRaw": "3500",
    "altitudeWestRaw": "X",
    "altitudeEastRaw": "X",
    "altitudeNorthFt": 4000,
    "altitudeSouthFt": 3500,
    "altitudeWestFt": null,
    "altitudeEastFt": null
   },
   "geometry": {
    "coordinates": [
     [
      [
       35.4630556,
       32.0480556
      ],
      [
       35.4625,
       31.9086111
      ]
     ]
    ],
    "type": "MultiLineString"
   }
  },
  {
   "type": "Feature",
   "properties": {
    "code": "NAGIDBOVED",
    "firstWaypoint": "NAGID",
    "secondWaypoint": "BOVED",
    "nameEn": "Kfar Hanagid-Beit Oved",
    "nameHe": "כפר הנגיד-בית עובד",
    "military": "CIVIL",
    "byRequest": "OPEN",
    "curved": null,
    "mapSheet": "N",
    "lengthNm": 1.965887,
    "magneticTrack": "17",
    "backTrack": "197",
    "altitudeNorthRaw": "1200",
    "altitudeSouthRaw": "800",
    "altitudeWestRaw": "X",
    "altitudeEastRaw": "X",
    "altitudeNorthFt": 1200,
    "altitudeSouthFt": 800,
    "altitudeWestFt": null,
    "altitudeEastFt": null
   },
   "geometry": {
    "coordinates": [
     [
      [
       34.7558333,
       31.8897222
      ],
      [
       34.77,
       31.9202778
      ]
     ]
    ],
    "type": "MultiLineString"
   }
  },
  {
   "type": "Feature",
   "properties": {
    "code": "NAGIDLLPL",
    "firstWaypoint": "NAGID",
    "secondWaypoint": "LLPL",
    "nameEn": "Kfar Hanagid-Palmachim",
    "nameHe": "כפר הנגיד-פלמחים",
    "military": "MIL",
    "byRequest": "OPEN",
    "curved": null,
    "mapSheet": "N",
    "lengthNm": 3.399535,
    "magneticTrack": "274",
    "backTrack": "94",
    "altitudeNorthRaw": "X",
    "altitudeSouthRaw": "X",
    "altitudeWestRaw": "X",
    "altitudeEastRaw": "800",
    "altitudeNorthFt": null,
    "altitudeSouthFt": null,
    "altitudeWestFt": null,
    "altitudeEastFt": 800
   },
   "geometry": {
    "coordinates": [
     [
      [
       34.69,
       31.8983333
      ],
      [
       34.7558333,
       31.8897222
      ]
     ]
    ],
    "type": "MultiLineString"
   }
  },
  {
   "type": "Feature",
   "properties": {
    "code": "NAHEMLLEK",
    "firstWaypoint": "NAHEM",
    "secondWaypoint": "LLEK",
    "nameEn": "Kfar Menachem-Tel Nof",
    "nameHe": "כפר מנחם-תל נוף",
    "military": "MIL",
    "byRequest": "OPEN",
    "curved": null,
    "mapSheet": "N",
    "lengthNm": 5.471323,
    "magneticTrack": "353",
    "backTrack": "173",
    "altitudeNorthRaw": "2000",
    "altitudeSouthRaw": "1500",
    "altitudeWestRaw": "X",
    "altitudeEastRaw": "X",
    "altitudeNorthFt": 2000,
    "altitudeSouthFt": 1500,
    "altitudeWestFt": null,
    "altitudeEastFt": null
   },
   "geometry": {
    "coordinates": [
     [
      [
       34.8222222,
       31.7452778
      ],
      [
       34.8183333,
       31.8366667
      ]
     ]
    ],
    "type": "MultiLineString"
   }
  },
  {
   "type": "Feature",
   "properties": {
    "code": "NAHLANAHEM",
    "firstWaypoint": "NAHLA",
    "secondWaypoint": "NAHEM",
    "nameEn": "Nahala-Kfar Menachem",
    "nameHe": "נחלה-כפר מנחם",
    "military": "MIL",
    "byRequest": "OPEN",
    "curved": "V",
    "mapSheet": "N",
    "lengthNm": 5.474589,
    "magneticTrack": "X",
    "backTrack": "X",
    "altitudeNorthRaw": "3000",
    "altitudeSouthRaw": "2500",
    "altitudeWestRaw": "X",
    "altitudeEastRaw": "X",
    "altitudeNorthFt": 3000,
    "altitudeSouthFt": 2500,
    "altitudeWestFt": null,
    "altitudeEastFt": null
   },
   "geometry": {
    "coordinates": [
     [
      [
       34.8091667,
       31.6563889
      ],
      [
       34.805502,
       31.6751562
      ],
      [
       34.820147,
       31.707874
      ],
      [
       34.8222222,
       31.7452778
      ]
     ]
    ],
    "type": "MultiLineString"
   }
  },
  {
   "type": "Feature",
   "properties": {
    "code": "NCITYLLBS",
    "firstWaypoint": "NCITY",
    "secondWaypoint": "LLBS",
    "nameEn": "Tzfon Hair - Tyman",
    "nameHe": "צפון העיר-תימן",
    "military": "CIVIL",
    "byRequest": "BR",
    "curved": null,
    "mapSheet": "S",
    "lengthNm": 3.524719,
    "magneticTrack": "264",
    "backTrack": "84",
    "altitudeNorthRaw": "X",
    "altitudeSouthRaw": "X",
    "altitudeWestRaw": "2000",
    "altitudeEastRaw": "2500",
    "altitudeNorthFt": null,
    "altitudeSouthFt": null,
    "altitudeWestFt": 2000,
    "altitudeEastFt": 2500
   },
   "geometry": {
    "coordinates": [
     [
      [
       34.7913833,
       31.2874167
      ],
      [
       34.7227778,
       31.2869444
      ]
     ]
    ],
    "type": "MultiLineString"
   }
  },
  {
   "type": "Feature",
   "properties": {
    "code": "NCITYZGOAL",
    "firstWaypoint": "NCITY",
    "secondWaypoint": "ZGOAL",
    "nameEn": "Tzfon Hair - ZGOAL",
    "nameHe": "צפון העיר - גורל",
    "military": "CIVIL",
    "byRequest": "OPEN",
    "curved": null,
    "mapSheet": "S",
    "lengthNm": 1.531886,
    "magneticTrack": "347.700407",
    "backTrack": "167.70040674",
    "altitudeNorthRaw": "3500",
    "altitudeSouthRaw": "3000",
    "altitudeWestRaw": "X",
    "altitudeEastRaw": "X",
    "altitudeNorthFt": 3500,
    "altitudeSouthFt": 3000,
    "altitudeWestFt": null,
    "altitudeEastFt": null
   },
   "geometry": {
    "coordinates": [
     [
      [
       34.7913833,
       31.2874167
      ],
      [
       34.7900277,
       31.2917952
      ],
      [
       34.7883309,
       31.3053266
      ],
      [
       34.7877778,
       31.3127778
      ]
     ]
    ],
    "type": "MultiLineString"
   }
  },
  {
   "type": "Feature",
   "properties": {
    "code": "NCSHNNSHRM",
    "firstWaypoint": "NCSHN",
    "secondWaypoint": "NSHRM",
    "nameEn": "Tzomet Nachshon-Nesharim",
    "nameHe": "צומת נחשון-נשרים",
    "military": "CIVIL",
    "byRequest": "BR",
    "curved": null,
    "mapSheet": "N",
    "lengthNm": 5.740877,
    "magneticTrack": "343",
    "backTrack": "163",
    "altitudeNorthRaw": "X",
    "altitudeSouthRaw": "1600",
    "altitudeWestRaw": "X",
    "altitudeEastRaw": "X",
    "altitudeNorthFt": null,
    "altitudeSouthFt": 1600,
    "altitudeWestFt": null,
    "altitudeEastFt": null
   },
   "geometry": {
    "coordinates": [
     [
      [
       34.8916667,
       31.9091667
      ],
      [
       34.9168058,
       31.8156458
      ]
     ]
    ],
    "type": "MultiLineString"
   }
  },
  {
   "type": "Feature",
   "properties": {
    "code": "NEGEVHOVAV",
    "firstWaypoint": "NEGEV",
    "secondWaypoint": "HOVAV",
    "nameEn": "Tzomet Hanegev-Ramat Hovav",
    "nameHe": "צומת הנגב-רמת חובב",
    "military": "CIVIL",
    "byRequest": "OPEN",
    "curved": null,
    "mapSheet": "S",
    "lengthNm": 4.489351,
    "magneticTrack": "333",
    "backTrack": "153",
    "altitudeNorthRaw": "3500",
    "altitudeSouthRaw": "3000",
    "altitudeWestRaw": "X",
    "altitudeEastRaw": "X",
    "altitudeNorthFt": 3500,
    "altitudeSouthFt": 3000,
    "altitudeWestFt": null,
    "altitudeEastFt": null
   },
   "geometry": {
    "coordinates": [
     [
      [
       34.8380556,
       31.0661111
      ],
      [
       34.805,
       31.1355556
      ]
     ]
    ],
    "type": "MultiLineString"
   }
  },
  {
   "type": "Feature",
   "properties": {
    "code": "NITZAOSNAT",
    "firstWaypoint": "NITZA",
    "secondWaypoint": "OSNAT",
    "nameEn": "Nitzan-Osnat",
    "nameHe": "ניצן-אסנת",
    "military": "MIL",
    "byRequest": "BR",
    "curved": null,
    "mapSheet": "N",
    "lengthNm": 6.931089,
    "magneticTrack": "335",
    "backTrack": "155",
    "altitudeNorthRaw": "2000",
    "altitudeSouthRaw": "1500",
    "altitudeWestRaw": "X",
    "altitudeEastRaw": "X",
    "altitudeNorthFt": 2000,
    "altitudeSouthFt": 1500,
    "altitudeWestFt": null,
    "altitudeEastFt": null
   },
   "geometry": {
    "coordinates": [
     [
      [
       34.5233333,
       31.8327778
      ],
      [
       34.5705556,
       31.7241667
      ]
     ]
    ],
    "type": "MultiLineString"
   }
  },
  {
   "type": "Feature",
   "properties": {
    "code": "NITZAZDAFA",
    "firstWaypoint": "NITZA",
    "secondWaypoint": "ZDAFA",
    "nameEn": "Nitzan-Tzdafa",
    "nameHe": "ניצן-צדפה",
    "military": "CIVIL",
    "byRequest": "OPEN",
    "curved": null,
    "mapSheet": "N",
    "lengthNm": 3.7446,
    "magneticTrack": "18",
    "backTrack": "198",
    "altitudeNorthRaw": "1200",
    "altitudeSouthRaw": "800",
    "altitudeWestRaw": "X",
    "altitudeEastRaw": "X",
    "altitudeNorthFt": 1200,
    "altitudeSouthFt": 800,
    "altitudeWestFt": null,
    "altitudeEastFt": null
   },
   "geometry": {
    "coordinates": [
     [
      [
       34.5705556,
       31.7241667
      ],
      [
       34.5996079,
       31.7816279
      ]
     ]
    ],
    "type": "MultiLineString"
   }
  },
  {
   "type": "Feature",
   "properties": {
    "code": "NIZANAZOOZ",
    "firstWaypoint": "NIZAN",
    "secondWaypoint": "AZOOZ",
    "nameEn": "Mazleg Nitzana-Ezuz",
    "nameHe": "מזלג ניצנה-עזוז",
    "military": "MIL",
    "byRequest": "BR",
    "curved": null,
    "mapSheet": "S",
    "lengthNm": 5.599614,
    "magneticTrack": "294",
    "backTrack": "114",
    "altitudeNorthRaw": "3500",
    "altitudeSouthRaw": "3000",
    "altitudeWestRaw": "X",
    "altitudeEastRaw": "X",
    "altitudeNorthFt": 3500,
    "altitudeSouthFt": 3000,
    "altitudeWestFt": null,
    "altitudeEastFt": null
   },
   "geometry": {
    "coordinates": [
     [
      [
       34.565,
       30.7544444
      ],
      [
       34.4702778,
       30.8
      ]
     ]
    ],
    "type": "MultiLineString"
   }
  },
  {
   "type": "Feature",
   "properties": {
    "code": "NMASDTYONA",
    "firstWaypoint": "NMASD",
    "secondWaypoint": "TYONA",
    "nameEn": "Namal Ashdod-Tel Yona",
    "nameHe": "נמל אשדוד-תל יונה",
    "military": "CIVIL",
    "byRequest": "BR",
    "curved": null,
    "mapSheet": "N",
    "lengthNm": 11.497739,
    "magneticTrack": "21",
    "backTrack": "201",
    "altitudeNorthRaw": "1200",
    "altitudeSouthRaw": "800",
    "altitudeWestRaw": "X",
    "altitudeEastRaw": "X",
    "altitudeNorthFt": 1200,
    "altitudeSouthFt": 800,
    "altitudeWestFt": null,
    "altitudeEastFt": null
   },
   "geometry": {
    "coordinates": [
     [
      [
       34.6252778,
       31.8333333
      ],
      [
       34.7272222,
       32.0047222
      ]
     ]
    ],
    "type": "MultiLineString"
   }
  },
  {
   "type": "Feature",
   "properties": {
    "code": "NOAAMGOVRN",
    "firstWaypoint": "NOAAM",
    "secondWaypoint": "GOVRN",
    "nameEn": "Noam-Beit Govrin",
    "nameHe": "נעם-בית גוברין",
    "military": "CIVIL",
    "byRequest": "OPEN",
    "curved": null,
    "mapSheet": "N",
    "lengthNm": 6.339024,
    "magneticTrack": "66",
    "backTrack": "246",
    "altitudeNorthRaw": "X",
    "altitudeSouthRaw": "X",
    "altitudeWestRaw": "2500",
    "altitudeEastRaw": "3000",
    "altitudeNorthFt": null,
    "altitudeSouthFt": null,
    "altitudeWestFt": 2500,
    "altitudeEastFt": 3000
   },
   "geometry": {
    "coordinates": [
     [
      [
       34.7758333,
       31.5713889
      ],
      [
       34.8927778,
       31.6061111
      ]
     ]
    ],
    "type": "MultiLineString"
   }
  },
  {
   "type": "Feature",
   "properties": {
    "code": "NOAAMNAHLA",
    "firstWaypoint": "NOAAM",
    "secondWaypoint": "NAHLA",
    "nameEn": "Noam-Nahala",
    "nameHe": "נעם-נחלה",
    "military": "MIL",
    "byRequest": "OPEN",
    "curved": null,
    "mapSheet": "N",
    "lengthNm": 5.364001,
    "magneticTrack": "14",
    "backTrack": "194",
    "altitudeNorthRaw": "3000",
    "altitudeSouthRaw": "2500",
    "altitudeWestRaw": "X",
    "altitudeEastRaw": "X",
    "altitudeNorthFt": 3000,
    "altitudeSouthFt": 2500,
    "altitudeWestFt": null,
    "altitudeEastFt": null
   },
   "geometry": {
    "coordinates": [
     [
      [
       34.7758333,
       31.5713889
      ],
      [
       34.8091667,
       31.6563889
      ]
     ]
    ],
    "type": "MultiLineString"
   }
  },
  {
   "type": "Feature",
   "properties": {
    "code": "NOAAMREVAH",
    "firstWaypoint": "NOAAM",
    "secondWaypoint": "REVAH",
    "nameEn": "Noam-Revaha",
    "nameHe": "נעם-רווחה",
    "military": "CIVIL",
    "byRequest": "OPEN",
    "curved": null,
    "mapSheet": "N",
    "lengthNm": 4.954042,
    "magneticTrack": "327",
    "backTrack": "147",
    "altitudeNorthRaw": "3000",
    "altitudeSouthRaw": "2500",
    "altitudeWestRaw": "X",
    "altitudeEastRaw": "X",
    "altitudeNorthFt": 3000,
    "altitudeSouthFt": 2500,
    "altitudeWestFt": null,
    "altitudeEastFt": null
   },
   "geometry": {
    "coordinates": [
     [
      [
       34.7302778,
       31.6444444
      ],
      [
       34.7758333,
       31.5713889
      ]
     ]
    ],
    "type": "MultiLineString"
   }
  },
  {
   "type": "Feature",
   "properties": {
    "code": "NSHRMLLBG",
    "firstWaypoint": "NSHRM",
    "secondWaypoint": "LLBG",
    "nameEn": "Nesharim-Ben Gurion",
    "nameHe": "נשרים-בן גוריון",
    "military": "CIVIL",
    "byRequest": "BR",
    "curved": null,
    "mapSheet": "N",
    "lengthNm": 6.007937,
    "magneticTrack": "352",
    "backTrack": "172",
    "altitudeNorthRaw": "1200, 2000",
    "altitudeSouthRaw": "1200",
    "altitudeWestRaw": "X",
    "altitudeEastRaw": "X",
    "altitudeNorthFt": null,
    "altitudeSouthFt": 1200,
    "altitudeWestFt": null,
    "altitudeEastFt": null
   },
   "geometry": {
    "coordinates": [
     [
      [
       34.8916667,
       31.9091667
      ],
      [
       34.8855556,
       32.0094444
      ]
     ]
    ],
    "type": "MultiLineString"
   }
  },
  {
   "type": "Feature",
   "properties": {
    "code": "NSHRMSIRNI",
    "firstWaypoint": "NSHRM",
    "secondWaypoint": "SIRNI",
    "nameEn": "Nesharim-Nezer Sireni",
    "nameHe": "נשרים-נצר סירני",
    "military": "CIVIL",
    "byRequest": "OPEN",
    "curved": "V",
    "mapSheet": "N",
    "lengthNm": 3.455319,
    "magneticTrack": "X",
    "backTrack": "X",
    "altitudeNorthRaw": "X",
    "altitudeSouthRaw": "X",
    "altitudeWestRaw": "1200",
    "altitudeEastRaw": "800",
    "altitudeNorthFt": null,
    "altitudeSouthFt": null,
    "altitudeWestFt": 1200,
    "altitudeEastFt": 800
   },
   "geometry": {
    "coordinates": [
     [
      [
       34.8916667,
       31.9091667
      ],
      [
       34.8870259,
       31.9098053
      ],
      [
       34.8853973,
       31.9097326
      ],
      [
       34.8845146,
       31.9098163
      ],
      [
       34.8835071,
       31.909623
      ],
      [
       34.8823513,
       31.9096449
      ],
      [
       34.880291,
       31.9097095
      ],
      [
       34.8782516,
       31.9099766
      ],
      [
       34.876768,
       31.9103117
      ],
      [
       34.8740714,
       31.9113266
      ],
      [
       34.8717767,
       31.9124702
      ],
      [
       34.8676377,
       31.9144329
      ],
      [
       34.864224,
       31.9157953
      ],
      [
       34.8618348,
       31.9167315
      ],
      [
       34.8605625,
       31.9174016
      ],
      [
       34.8586234,
       31.9180262
      ],
      [
       34.8560648,
       31.9184923
      ],
      [
       34.8529951,
       31.9189482
      ],
      [
       34.847875,
       31.9197313
      ],
      [
       34.8441919,
       31.9202806
      ],
      [
       34.8407541,
       31.9208152
      ],
      [
       34.8395249,
       31.9210881
      ],
      [
       34.8387527,
       31.921312
      ],
      [
       34.8379643,
       31.9215702
      ],
      [
       34.8370101,
       31.9219543
      ],
      [
       34.8359326,
       31.9224566
      ],
      [
       34.831589,
       31.9255606
      ],
      [
       34.8304764,
       31.92671
      ],
      [
       34.8300956,
       31.9274963
      ],
      [
       34.8299339,
       31.9279361
      ]
     ]
    ],
    "type": "MultiLineString"
   }
  },
  {
   "type": "Feature",
   "properties": {
    "code": "NTAIMIKKEA",
    "firstWaypoint": "NTAIM",
    "secondWaypoint": "IKKEA",
    "nameEn": null,
    "nameHe": "נטעים  -איקיאיה",
    "military": "CIVIL",
    "byRequest": "OPEN",
    "curved": "V",
    "mapSheet": "N",
    "lengthNm": 0.799178,
    "magneticTrack": "X",
    "backTrack": "X",
    "altitudeNorthRaw": "800",
    "altitudeSouthRaw": "X",
    "altitudeWestRaw": "X",
    "altitudeEastRaw": "X",
    "altitudeNorthFt": 800,
    "altitudeSouthFt": null,
    "altitudeWestFt": null,
    "altitudeEastFt": null
   },
   "geometry": {
    "coordinates": [
     [
      [
       34.7808333,
       31.9436111
      ],
      [
       34.780909,
       31.9437459
      ],
      [
       34.7809771,
       31.9438835
      ],
      [
       34.7810376,
       31.9440238
      ],
      [
       34.7810901,
       31.9441663
      ],
      [
       34.7811347,
       31.9443108
      ],
      [
       34.7811712,
       31.944457
      ],
      [
       34.7811996,
       31.9446044
      ],
      [
       34.7812197,
       31.9447528
      ],
      [
       34.7812316,
       31.9449019
      ],
      [
       34.7812352,
       31.9450513
      ],
      [
       34.7812304,
       31.9452007
      ],
      [
       34.7812174,
       31.9453497
      ],
      [
       34.7811962,
       31.945498
      ],
      [
       34.7811667,
       31.9456453
      ],
      [
       34.7811291,
       31.9457912
      ],
      [
       34.7810835,
       31.9459355
      ],
      [
       34.7810298,
       31.9460777
      ],
      [
       34.7809684,
       31.9462176
      ],
      [
       34.7808992,
       31.9463549
      ],
      [
       34.7808225,
       31.9464893
      ],
      [
       34.7807384,
       31.9466204
      ],
      [
       34.7806472,
       31.9467479
      ],
      [
       34.7805489,
       31.9468716
      ],
      [
       34.7804439,
       31.9469913
      ],
      [
       34.7803324,
       31.9471065
      ],
      [
       34.7802146,
       31.9472171
      ],
      [
       34.7800908,
       31.9473229
      ],
      [
       34.7799613,
       31.9474235
      ],
      [
       34.7798263,
       31.9475188
      ],
      [
       34.7796862,
       31.9476085
      ],
      [
       34.7795412,
       31.9476925
      ],
      [
       34.7793918,
       31.9477705
      ],
      [
       34.7792382,
       31.9478425
      ],
      [
       34.7790807,
       31.9479081
      ],
      [
       34.7789198,
       31.9479673
      ],
      [
       34.7787558,
       31.9480199
      ],
      [
       34.7785891,
       31.9480659
      ],
      [
       34.77842,
       31.9481051
      ],
      [
       34.7702778,
       31.9513889
      ]
     ]
    ],
    "type": "MultiLineString"
   }
  },
  {
   "type": "Feature",
   "properties": {
    "code": "NTAIMMRISN",
    "firstWaypoint": "NTAIM",
    "secondWaypoint": "MRISN",
    "nameEn": "Netaim-Mechlaf Rishon",
    "nameHe": "נטעים-מחלף ראשון",
    "military": "CIVIL",
    "byRequest": "OPEN",
    "curved": null,
    "mapSheet": "N",
    "lengthNm": 2.07329,
    "magneticTrack": "191",
    "backTrack": "11",
    "altitudeNorthRaw": "1200",
    "altitudeSouthRaw": "1200",
    "altitudeWestRaw": "X",
    "altitudeEastRaw": "X",
    "altitudeNorthFt": 1200,
    "altitudeSouthFt": 1200,
    "altitudeWestFt": null,
    "altitudeEastFt": null
   },
   "geometry": {
    "coordinates": [
     [
      [
       34.7919444,
       31.9769444
      ],
      [
       34.7808333,
       31.9436111
      ]
     ]
    ],
    "type": "MultiLineString"
   }
  },
  {
   "type": "Feature",
   "properties": {
    "code": "NTAIMSUPER",
    "firstWaypoint": "NTAIM",
    "secondWaypoint": "SUPER",
    "nameEn": "Netaim-Superland",
    "nameHe": "נטעים-סופרלנד",
    "military": "CIVIL",
    "byRequest": "OPEN",
    "curved": null,
    "mapSheet": "N",
    "lengthNm": 2.907712,
    "magneticTrack": "128",
    "backTrack": "308",
    "altitudeNorthRaw": "X",
    "altitudeSouthRaw": "X",
    "altitudeWestRaw": "1200",
    "altitudeEastRaw": "800",
    "altitudeNorthFt": null,
    "altitudeSouthFt": null,
    "altitudeWestFt": 1200,
    "altitudeEastFt": 800
   },
   "geometry": {
    "coordinates": [
     [
      [
       34.7416,
       31.9763389
      ],
      [
       34.7739337,
       31.9443558
      ],
      [
       34.7740882,
       31.9442299
      ],
      [
       34.7742481,
       31.9441089
      ],
      [
       34.7744131,
       31.9439932
      ],
      [
       34.7745831,
       31.9438829
      ],
      [
       34.7747579,
       31.943778
      ],
      [
       34.7749372,
       31.9436788
      ],
      [
       34.7751206,
       31.9435854
      ],
      [
       34.7753081,
       31.943498
      ],
      [
       34.7754993,
       31.9434165
      ],
      [
       34.7756939,
       31.9433413
      ],
      [
       34.7758917,
       31.9432723
      ],
      [
       34.7760923,
       31.9432097
      ],
      [
       34.7762956,
       31.9431535
      ],
      [
       34.7765012,
       31.9431039
      ],
      [
       34.7767089,
       31.9430609
      ],
      [
       34.7769183,
       31.9430245
      ],
      [
       34.7771291,
       31.9429949
      ],
      [
       34.7773411,
       31.942972
      ],
      [
       34.777554,
       31.9429559
      ],
      [
       34.7777674,
       31.9429466
      ],
      [
       34.777981,
       31.9429442
      ],
      [
       34.7781947,
       31.9429486
      ],
      [
       34.7784079,
       31.9429598
      ],
      [
       34.7786206,
       31.9429778
      ],
      [
       34.7788323,
       31.9430026
      ],
      [
       34.7790427,
       31.9430341
      ],
      [
       34.7792517,
       31.9430723
      ],
      [
       34.7794588,
       31.9431172
      ],
      [
       34.7796638,
       31.9431687
      ],
      [
       34.7798663,
       31.9432267
      ],
      [
       34.7800662,
       31.9432911
      ],
      [
       34.7802631,
       31.9433618
      ],
      [
       34.7804568,
       31.9434388
      ],
      [
       34.780647,
       31.943522
      ],
      [
       34.7808333,
       31.9436111
      ]
     ]
    ],
    "type": "MultiLineString"
   }
  },
  {
   "type": "Feature",
   "properties": {
    "code": "NTVOTSDROT",
    "firstWaypoint": "NTVOT",
    "secondWaypoint": "SDROT",
    "nameEn": "Netivot-Sderot",
    "nameHe": "נתיבות-שדרות",
    "military": "MIL",
    "byRequest": "BR",
    "curved": "V",
    "mapSheet": "S",
    "lengthNm": 4.807734,
    "magneticTrack": "X",
    "backTrack": "X",
    "altitudeNorthRaw": "2000",
    "altitudeSouthRaw": "1500",
    "altitudeWestRaw": "X",
    "altitudeEastRaw": "X",
    "altitudeNorthFt": 2000,
    "altitudeSouthFt": 1500,
    "altitudeWestFt": null,
    "altitudeEastFt": null
   },
   "geometry": {
    "coordinates": [
     [
      [
       34.5991667,
       31.4291667
      ],
      [
       34.6010078,
       31.4470017
      ],
      [
       34.5937438,
       31.4600573
      ],
      [
       34.5909004,
       31.4993461
      ],
      [
       34.5855556,
       31.5066667
      ]
     ]
    ],
    "type": "MultiLineString"
   }
  },
  {
   "type": "Feature",
   "properties": {
    "code": "OFKIMGILAT",
    "firstWaypoint": "OFKIM",
    "secondWaypoint": "GILAT",
    "nameEn": "Hazerim-Urim",
    "nameHe": "אופקים-גילת",
    "military": "MIL",
    "byRequest": "BR",
    "curved": null,
    "mapSheet": "S",
    "lengthNm": 1.970591,
    "magneticTrack": "57",
    "backTrack": "237",
    "altitudeNorthRaw": "X",
    "altitudeSouthRaw": "X",
    "altitudeWestRaw": "2000",
    "altitudeEastRaw": "2000",
    "altitudeNorthFt": null,
    "altitudeSouthFt": null,
    "altitudeWestFt": 2000,
    "altitudeEastFt": 2000
   },
   "geometry": {
    "coordinates": [
     [
      [
       34.6188889,
       31.3222222
      ],
      [
       34.6530556,
       31.3372222
      ]
     ]
    ],
    "type": "MultiLineString"
   }
  },
  {
   "type": "Feature",
   "properties": {
    "code": "OFKIMNTVOT",
    "firstWaypoint": "OFKIM",
    "secondWaypoint": "NTVOT",
    "nameEn": "Ofakim-Netivot",
    "nameHe": "אופקים-נתיבות",
    "military": "MIL",
    "byRequest": "BR",
    "curved": null,
    "mapSheet": "N/S",
    "lengthNm": 6.477058,
    "magneticTrack": "346",
    "backTrack": "166",
    "altitudeNorthRaw": "2000",
    "altitudeSouthRaw": "1500",
    "altitudeWestRaw": "X",
    "altitudeEastRaw": "X",
    "altitudeNorthFt": 2000,
    "altitudeSouthFt": 1500,
    "altitudeWestFt": null,
    "altitudeEastFt": null
   },
   "geometry": {
    "coordinates": [
     [
      [
       34.6188889,
       31.3222222
      ],
      [
       34.5991667,
       31.4291667
      ]
     ]
    ],
    "type": "MultiLineString"
   }
  },
  {
   "type": "Feature",
   "properties": {
    "code": "OHLIMHOVAV",
    "firstWaypoint": "OHLIM",
    "secondWaypoint": "HOVAV",
    "nameEn": "Ohalim-Ramat Hovav",
    "nameHe": "אוהלים-רמת חובב",
    "military": "CIVIL",
    "byRequest": "BR",
    "curved": null,
    "mapSheet": "S",
    "lengthNm": 3.323538,
    "magneticTrack": "174",
    "backTrack": "354",
    "altitudeNorthRaw": "3500",
    "altitudeSouthRaw": "3000",
    "altitudeWestRaw": "X",
    "altitudeEastRaw": "X",
    "altitudeNorthFt": 3500,
    "altitudeSouthFt": 3000,
    "altitudeWestFt": null,
    "altitudeEastFt": null
   },
   "geometry": {
    "coordinates": [
     [
      [
       34.8047222,
       31.1911111
      ],
      [
       34.805,
       31.1355556
      ]
     ]
    ],
    "type": "MultiLineString"
   }
  },
  {
   "type": "Feature",
   "properties": {
    "code": "OHLIMMETAH",
    "firstWaypoint": "OHLIM",
    "secondWaypoint": "METAH",
    "nameEn": null,
    "nameHe": "אוהלים-מתח",
    "military": "MIL",
    "byRequest": "BR",
    "curved": null,
    "mapSheet": "S",
    "lengthNm": 3.283636,
    "magneticTrack": "303",
    "backTrack": "123",
    "altitudeNorthRaw": "2000",
    "altitudeSouthRaw": "2000",
    "altitudeWestRaw": null,
    "altitudeEastRaw": null,
    "altitudeNorthFt": 2000,
    "altitudeSouthFt": 2000,
    "altitudeWestFt": null,
    "altitudeEastFt": null
   },
   "geometry": {
    "coordinates": [
     [
      [
       34.8047222,
       31.1911111
      ],
      [
       34.755,
       31.2255556
      ]
     ]
    ],
    "type": "MultiLineString"
   }
  },
  {
   "type": "Feature",
   "properties": {
    "code": "OHLIMOMMER",
    "firstWaypoint": "OHLIM",
    "secondWaypoint": "OMMER",
    "nameEn": "Ohalim-Omer",
    "nameHe": "אוהלים-עומר",
    "military": "CIVIL",
    "byRequest": "OPEN",
    "curved": "V",
    "mapSheet": "S",
    "lengthNm": 5.522461,
    "magneticTrack": "X",
    "backTrack": "X",
    "altitudeNorthRaw": "3500",
    "altitudeSouthRaw": "3000",
    "altitudeWestRaw": "X",
    "altitudeEastRaw": "X",
    "altitudeNorthFt": 3500,
    "altitudeSouthFt": 3000,
    "altitudeWestFt": null,
    "altitudeEastFt": null
   },
   "geometry": {
    "coordinates": [
     [
      [
       34.8284678,
       31.2748161
      ],
      [
       34.8272007,
       31.2739478
      ],
      [
       34.8280289,
       31.2712438
      ],
      [
       34.8290922,
       31.2677104
      ],
      [
       34.8291689,
       31.2675174
      ],
      [
       34.8292386,
       31.2673225
      ],
      [
       34.8293014,
       31.2671258
      ],
      [
       34.8293572,
       31.2669275
      ],
      [
       34.8294059,
       31.2667279
      ],
      [
       34.8294475,
       31.2665271
      ],
      [
       34.829482,
       31.2663253
      ],
      [
       34.8295093,
       31.2661227
      ],
      [
       34.8295293,
       31.2659195
      ],
      [
       34.8295421,
       31.2657159
      ],
      [
       34.8295477,
       31.265512
      ],
      [
       34.8295427,
       31.2645612
      ],
      [
       34.8293824,
       31.2622901
      ],
      [
       34.828832,
       31.2563987
      ],
      [
       34.8283722,
       31.2521473
      ],
      [
       34.8281092,
       31.2494588
      ],
      [
       34.8280692,
       31.2479605
      ],
      [
       34.8281023,
       31.2473681
      ],
      [
       34.828129,
       31.2470855
      ],
      [
       34.8281629,
       31.2468035
      ],
      [
       34.8282039,
       31.2465221
      ],
      [
       34.8282522,
       31.2462416
      ],
      [
       34.8283075,
       31.2459621
      ],
      [
       34.82837,
       31.2456837
      ],
      [
       34.8284396,
       31.2454065
      ],
      [
       34.8285162,
       31.2451307
      ],
      [
       34.8285998,
       31.2448564
      ],
      [
       34.8286904,
       31.2445838
      ],
      [
       34.8287879,
       31.2443129
      ],
      [
       34.8293416,
       31.2430639
      ],
      [
       34.8295453,
       31.2426791
      ],
      [
       34.8313085,
       31.2396181
      ],
      [
       34.8313954,
       31.2394079
      ],
      [
       34.8314746,
       31.2391955
      ],
      [
       34.8315463,
       31.2389811
      ],
      [
       34.8316102,
       31.2387649
      ],
      [
       34.8316663,
       31.2385472
      ],
      [
       34.8317146,
       31.238328
      ],
      [
       34.8317551,
       31.2381077
      ],
      [
       34.8317876,
       31.2378865
      ],
      [
       34.8318122,
       31.2376644
      ],
      [
       34.8318288,
       31.2374418
      ],
      [
       34.8318374,
       31.2372189
      ],
      [
       34.8318381,
       31.2369959
      ],
      [
       34.8318307,
       31.2367729
      ],
      [
       34.8318154,
       31.2365503
      ],
      [
       34.8317921,
       31.2363282
      ],
      [
       34.8317609,
       31.2361067
      ],
      [
       34.8317218,
       31.2358863
      ],
      [
       34.8316747,
       31.2356669
      ],
      [
       34.8316199,
       31.2354489
      ],
      [
       34.8315572,
       31.2352325
      ],
      [
       34.8311261,
       31.2342214
      ],
      [
       34.8303512,
       31.2327548
      ],
      [
       34.8299306,
       31.2318586
      ],
      [
       34.8296625,
       31.2311605
      ],
      [
       34.8294653,
       31.230563
      ],
      [
       34.8284672,
       31.2270563
      ],
      [
       34.8257957,
       31.2176386
      ],
      [
       34.8249869,
       31.2147401
      ],
      [
       34.8247009,
       31.2137303
      ],
      [
       34.8241552,
       31.2123862
      ],
      [
       34.8232309,
       31.210761
      ],
      [
       34.8226217,
       31.2099219
      ],
      [
       34.8214292,
       31.2085583
      ],
      [
       34.8204474,
       31.2074036
      ],
      [
       34.8187235,
       31.205426
      ],
      [
       34.817877,
       31.2044308
      ],
      [
       34.8166912,
       31.2031205
      ],
      [
       34.8157973,
       31.2022595
      ],
      [
       34.815024,
       31.2016022
      ],
      [
       34.8137843,
       31.2006649
      ],
      [
       34.8128798,
       31.2000896
      ],
      [
       34.8108297,
       31.1986476
      ],
      [
       34.8094399,
       31.1974502
      ],
      [
       34.808345,
       31.1962275
      ],
      [
       34.8071402,
       31.1943268
      ],
      [
       34.8064713,
       31.1927615
      ],
      [
       34.8060806,
       31.1919316
      ],
      [
       34.8058322,
       31.1915788
      ],
      [
       34.8054956,
       31.1912873
      ],
      [
       34.8047222,
       31.1911111
      ]
     ]
    ],
    "type": "MultiLineString"
   }
  },
  {
   "type": "Feature",
   "properties": {
    "code": "OLGAHHADRA",
    "firstWaypoint": "OLGAH",
    "secondWaypoint": "HADRA",
    "nameEn": "Olga- Hadera",
    "nameHe": "אולגה- חדרה",
    "military": "CIVIL",
    "byRequest": "OPEN",
    "curved": null,
    "mapSheet": "N",
    "lengthNm": 3.085106,
    "magneticTrack": "45",
    "backTrack": "X",
    "altitudeNorthRaw": "X",
    "altitudeSouthRaw": "X",
    "altitudeWestRaw": "X",
    "altitudeEastRaw": "1500",
    "altitudeNorthFt": null,
    "altitudeSouthFt": null,
    "altitudeWestFt": null,
    "altitudeEastFt": 1500
   },
   "geometry": {
    "coordinates": [
     [
      [
       34.8658333,
       32.4313889
      ],
      [
       34.9122222,
       32.4647222
      ]
     ]
    ],
    "type": "MultiLineString"
   }
  },
  {
   "type": "Feature",
   "properties": {
    "code": "OMMERNCITY",
    "firstWaypoint": "OMMER",
    "secondWaypoint": "NCITY",
    "nameEn": "Omer-Tzfon Hair",
    "nameHe": "עומר-צפון העיר",
    "military": "CIVIL",
    "byRequest": "OPEN",
    "curved": null,
    "mapSheet": "N/S",
    "lengthNm": 2.04907,
    "magneticTrack": "286",
    "backTrack": "106",
    "altitudeNorthRaw": "3500",
    "altitudeSouthRaw": "3000",
    "altitudeWestRaw": "X",
    "altitudeEastRaw": "X",
    "altitudeNorthFt": 3500,
    "altitudeSouthFt": 3000,
    "altitudeWestFt": null,
    "altitudeEastFt": null
   },
   "geometry": {
    "coordinates": [
     [
      [
       34.8284678,
       31.2748162
      ],
      [
       34.7913833,
       31.2874167
      ]
     ]
    ],
    "type": "MultiLineString"
   }
  },
  {
   "type": "Feature",
   "properties": {
    "code": "OMMERSOKET",
    "firstWaypoint": "OMMER",
    "secondWaypoint": "SOKET",
    "nameEn": "Omer-Tzomet Shoket",
    "nameHe": "עומר-צומת שוקת",
    "military": "CIVIL",
    "byRequest": "OPEN",
    "curved": null,
    "mapSheet": "S",
    "lengthNm": 4.213257,
    "magneticTrack": "56",
    "backTrack": "236",
    "altitudeNorthRaw": "3500",
    "altitudeSouthRaw": "3000",
    "altitudeWestRaw": "X",
    "altitudeEastRaw": "X",
    "altitudeNorthFt": 3500,
    "altitudeSouthFt": 3000,
    "altitudeWestFt": null,
    "altitudeEastFt": null
   },
   "geometry": {
    "coordinates": [
     [
      [
       34.8284678,
       31.2748162
      ],
      [
       34.9011111,
       31.3075
      ]
     ]
    ],
    "type": "MultiLineString"
   }
  },
  {
   "type": "Feature",
   "properties": {
    "code": "OMMERZGOAL",
    "firstWaypoint": "OMMER",
    "secondWaypoint": "ZGOAL",
    "nameEn": "Omer-ZGOAL",
    "nameHe": "עומר-גורל",
    "military": "CIVIL",
    "byRequest": "OPEN",
    "curved": "V",
    "mapSheet": "S",
    "lengthNm": 3.546759,
    "magneticTrack": "X",
    "backTrack": "X",
    "altitudeNorthRaw": "3500",
    "altitudeSouthRaw": "3000",
    "altitudeWestRaw": "X",
    "altitudeEastRaw": "X",
    "altitudeNorthFt": 3500,
    "altitudeSouthFt": 3000,
    "altitudeWestFt": null,
    "altitudeEastFt": null
   },
   "geometry": {
    "coordinates": [
     [
      [
       34.8284678,
       31.2748161
      ],
      [
       34.8266919,
       31.275816
      ],
      [
       34.8256597,
       31.2791361
      ],
      [
       34.8255766,
       31.2794012
      ],
      [
       34.825501,
       31.279668
      ],
      [
       34.8254331,
       31.2799363
      ],
      [
       34.8253729,
       31.2802059
      ],
      [
       34.8253204,
       31.2804767
      ],
      [
       34.8252756,
       31.2807486
      ],
      [
       34.8252387,
       31.2810213
      ],
      [
       34.8252095,
       31.2812947
      ],
      [
       34.8251881,
       31.2815687
      ],
      [
       34.8251745,
       31.281843
      ],
      [
       34.8251688,
       31.2821175
      ],
      [
       34.8251709,
       31.282392
      ],
      [
       34.8251809,
       31.2826665
      ],
      [
       34.8251987,
       31.2829406
      ],
      [
       34.8256882,
       31.2869066
      ],
      [
       34.8260167,
       31.2893159
      ],
      [
       34.8260638,
       31.2895892
      ],
      [
       34.8261032,
       31.2898633
      ],
      [
       34.826135,
       31.2901382
      ],
      [
       34.8261592,
       31.2904136
      ],
      [
       34.8261756,
       31.2906895
      ],
      [
       34.8261845,
       31.2909656
      ],
      [
       34.8261856,
       31.2912418
      ],
      [
       34.8261791,
       31.291518
      ],
      [
       34.8261648,
       31.2917939
      ],
      [
       34.826143,
       31.2920695
      ],
      [
       34.8261134,
       31.2923446
      ],
      [
       34.8260763,
       31.292619
      ],
      [
       34.8260315,
       31.2928925
      ],
      [
       34.8259791,
       31.293165
      ],
      [
       34.8259191,
       31.2934364
      ],
      [
       34.8258516,
       31.2937065
      ],
      [
       34.8257767,
       31.2939751
      ],
      [
       34.8256943,
       31.2942421
      ],
      [
       34.8256045,
       31.2945074
      ],
      [
       34.8255073,
       31.2947707
      ],
      [
       34.8254028,
       31.2950319
      ],
      [
       34.8252911,
       31.295291
      ],
      [
       34.8251608,
       31.2955486
      ],
      [
       34.8250234,
       31.2958036
      ],
      [
       34.8248789,
       31.2960556
      ],
      [
       34.8247275,
       31.2963046
      ],
      [
       34.8245693,
       31.2965505
      ],
      [
       34.8244043,
       31.2967931
      ],
      [
       34.8242326,
       31.2970322
      ],
      [
       34.8240544,
       31.2972678
      ],
      [
       34.8238697,
       31.2974996
      ],
      [
       34.8236786,
       31.2977277
      ],
      [
       34.8234813,
       31.2979517
      ],
      [
       34.8232778,
       31.2981717
      ],
      [
       34.8230683,
       31.2983874
      ],
      [
       34.8228529,
       31.2985988
      ],
      [
       34.8226316,
       31.2988058
      ],
      [
       34.8224047,
       31.2990082
      ],
      [
       34.8221723,
       31.2992059
      ],
      [
       34.8219345,
       31.2993988
      ],
      [
       34.8216914,
       31.2995868
      ],
      [
       34.8214874,
       31.2997375
      ],
      [
       34.8212788,
       31.2998835
      ],
      [
       34.8210657,
       31.3000247
      ],
      [
       34.8208483,
       31.3001609
      ],
      [
       34.8206268,
       31.3002922
      ],
      [
       34.8204012,
       31.3004182
      ],
      [
       34.8201719,
       31.3005391
      ],
      [
       34.8199388,
       31.3006547
      ],
      [
       34.8197022,
       31.3007649
      ],
      [
       34.8194623,
       31.3008696
      ],
      [
       34.8192192,
       31.3009688
      ],
      [
       34.8161702,
       31.3020324
      ],
      [
       34.8008857,
       31.3071695
      ],
      [
       34.7940144,
       31.3094394
      ],
      [
       34.7908354,
       31.3105634
      ],
      [
       34.7883981,
       31.3116179
      ],
      [
       34.7877778,
       31.3127778
      ]
     ]
    ],
    "type": "MultiLineString"
   }
  },
  {
   "type": "Feature",
   "properties": {
    "code": "OSNATLIAAD",
    "firstWaypoint": "OSNAT",
    "secondWaypoint": "LIAAD",
    "nameEn": "Osnat-Leyad",
    "nameHe": "אסנת-ליעד",
    "military": "MIL",
    "byRequest": "BR",
    "curved": null,
    "mapSheet": "N",
    "lengthNm": 7.523188,
    "magneticTrack": "352",
    "backTrack": "172",
    "altitudeNorthRaw": "1500",
    "altitudeSouthRaw": "1000",
    "altitudeWestRaw": "X",
    "altitudeEastRaw": "X",
    "altitudeNorthFt": 1500,
    "altitudeSouthFt": 1000,
    "altitudeWestFt": null,
    "altitudeEastFt": null
   },
   "geometry": {
    "coordinates": [
     [
      [
       34.5233333,
       31.8327778
      ],
      [
       34.515,
       31.9583333
      ]
     ]
    ],
    "type": "MultiLineString"
   }
  },
  {
   "type": "Feature",
   "properties": {
    "code": "OVDATBOKER",
    "firstWaypoint": "OVDAT",
    "secondWaypoint": "BOKER",
    "nameEn": "Horvot Ovdat-Sde Boker",
    "nameHe": "חורבות עבדת-שדה בוקר",
    "military": "CIVIL",
    "byRequest": "OPEN",
    "curved": null,
    "mapSheet": "S",
    "lengthNm": 4.337636,
    "magneticTrack": "350",
    "backTrack": "170",
    "altitudeNorthRaw": "4000",
    "altitudeSouthRaw": "3500",
    "altitudeWestRaw": "X",
    "altitudeEastRaw": "X",
    "altitudeNorthFt": 4000,
    "altitudeSouthFt": 3500,
    "altitudeWestFt": null,
    "altitudeEastFt": null
   },
   "geometry": {
    "coordinates": [
     [
      [
       34.7933333,
       30.8027778
      ],
      [
       34.7858333,
       30.875
      ]
     ]
    ],
    "type": "MultiLineString"
   }
  },
  {
   "type": "Feature",
   "properties": {
    "code": "OVDATRUHOT",
    "firstWaypoint": "OVDAT",
    "secondWaypoint": "RUHOT",
    "nameEn": "Tzomet Haruhot-Horvot Ovdat",
    "nameHe": "צומת הרוחות-חורבות עבדת",
    "military": "CIVIL",
    "byRequest": "OPEN",
    "curved": null,
    "mapSheet": "S",
    "lengthNm": 8.5786,
    "magneticTrack": "350",
    "backTrack": "170",
    "altitudeNorthRaw": "4500",
    "altitudeSouthRaw": "4000",
    "altitudeWestRaw": "X",
    "altitudeEastRaw": "X",
    "altitudeNorthFt": 4500,
    "altitudeSouthFt": 4000,
    "altitudeWestFt": null,
    "altitudeEastFt": null
   },
   "geometry": {
    "coordinates": [
     [
      [
       34.8088889,
       30.66
      ],
      [
       34.7933333,
       30.8027778
      ]
     ]
    ],
    "type": "MultiLineString"
   }
  },
  {
   "type": "Feature",
   "properties": {
    "code": "PARDSGNYAM",
    "firstWaypoint": "PARDS",
    "secondWaypoint": "GNYAM",
    "nameEn": "Pardes-Ganey Am",
    "nameHe": "פרדס-גני עם",
    "military": "CIVIL",
    "byRequest": "OPEN",
    "curved": null,
    "mapSheet": "N",
    "lengthNm": 3.695435,
    "magneticTrack": "35",
    "backTrack": "215",
    "altitudeNorthRaw": "1200",
    "altitudeSouthRaw": "1200",
    "altitudeWestRaw": "X",
    "altitudeEastRaw": "X",
    "altitudeNorthFt": 1200,
    "altitudeSouthFt": 1200,
    "altitudeWestFt": null,
    "altitudeEastFt": null
   },
   "geometry": {
    "coordinates": [
     [
      [
       34.8477778,
       32.1027778
      ],
      [
       34.8941667,
       32.1502778
      ]
     ]
    ],
    "type": "MultiLineString"
   }
  },
  {
   "type": "Feature",
   "properties": {
    "code": "PARDSROKCH",
    "firstWaypoint": "PARDS",
    "secondWaypoint": "ROKCH",
    "nameEn": "Pardes-Rokach",
    "nameHe": "רוקח-פרדס",
    "military": "CIVIL",
    "byRequest": "OPEN",
    "curved": null,
    "mapSheet": "N",
    "lengthNm": 2.24941,
    "magneticTrack": "264",
    "backTrack": "84",
    "altitudeNorthRaw": "X",
    "altitudeSouthRaw": "X",
    "altitudeWestRaw": "1200",
    "altitudeEastRaw": "1200",
    "altitudeNorthFt": null,
    "altitudeSouthFt": null,
    "altitudeWestFt": 1200,
    "altitudeEastFt": 1200
   },
   "geometry": {
    "coordinates": [
     [
      [
       34.8477778,
       32.1027778
      ],
      [
       34.8036111,
       32.1025
      ]
     ]
    ],
    "type": "MultiLineString"
   }
  },
  {
   "type": "Feature",
   "properties": {
    "code": "PELEGOLGAH",
    "firstWaypoint": "PELEG",
    "secondWaypoint": "OLGAH",
    "nameEn": "Peleg-Olga",
    "nameHe": "פלג-אולגה",
    "military": "CIVIL",
    "byRequest": "OPEN",
    "curved": null,
    "mapSheet": "N",
    "lengthNm": 6.238123,
    "magneticTrack": "7",
    "backTrack": "187",
    "altitudeNorthRaw": "1500",
    "altitudeSouthRaw": "800",
    "altitudeWestRaw": "X",
    "altitudeEastRaw": "X",
    "altitudeNorthFt": 1500,
    "altitudeSouthFt": 800,
    "altitudeWestFt": null,
    "altitudeEastFt": null
   },
   "geometry": {
    "coordinates": [
     [
      [
       34.8372222,
       32.33
      ],
      [
       34.8658333,
       32.4313889
      ]
     ]
    ],
    "type": "MultiLineString"
   }
  },
  {
   "type": "Feature",
   "properties": {
    "code": "PELEGSHARO",
    "firstWaypoint": "PELEG",
    "secondWaypoint": "SHARO",
    "nameEn": "Peleg-Tzomet Hasharon",
    "nameHe": "פלג-צומת השרון",
    "military": "CIVIL",
    "byRequest": "OPEN",
    "curved": null,
    "mapSheet": "N",
    "lengthNm": 3.412382,
    "magneticTrack": "92",
    "backTrack": "272",
    "altitudeNorthRaw": "X",
    "altitudeSouthRaw": "X",
    "altitudeWestRaw": "2000",
    "altitudeEastRaw": "1500",
    "altitudeNorthFt": null,
    "altitudeSouthFt": null,
    "altitudeWestFt": 2000,
    "altitudeEastFt": 1500
   },
   "geometry": {
    "coordinates": [
     [
      [
       34.9038889,
       32.3230556
      ],
      [
       34.8372222,
       32.33
      ]
     ]
    ],
    "type": "MultiLineString"
   }
  },
  {
   "type": "Feature",
   "properties": {
    "code": "RANNOGNYAM",
    "firstWaypoint": "RANNO",
    "secondWaypoint": "GNYAM",
    "nameEn": "RANNO -  GNYAM",
    "nameHe": "רעננה צפון - גני עם",
    "military": "CIVIL",
    "byRequest": "BR",
    "curved": null,
    "mapSheet": "N",
    "lengthNm": 2.444701,
    "magneticTrack": "167.017848",
    "backTrack": "X",
    "altitudeNorthRaw": "X",
    "altitudeSouthRaw": "1200",
    "altitudeWestRaw": "X",
    "altitudeEastRaw": "X",
    "altitudeNorthFt": null,
    "altitudeSouthFt": 1200,
    "altitudeWestFt": null,
    "altitudeEastFt": null
   },
   "geometry": {
    "coordinates": [
     [
      [
       34.8883333,
       32.1908333
      ],
      [
       34.8941667,
       32.1502778
      ]
     ]
    ],
    "type": "MultiLineString"
   }
  },
  {
   "type": "Feature",
   "properties": {
    "code": "RANNOZRANA",
    "firstWaypoint": "RANNO",
    "secondWaypoint": "ZRANA",
    "nameEn": "R.North-R.Center",
    "nameHe": "רעננה צפון-רעננה מרכז",
    "military": "CIVIL",
    "byRequest": "BR",
    "curved": null,
    "mapSheet": "N",
    "lengthNm": 0.814901,
    "magneticTrack": "175.982094",
    "backTrack": "X",
    "altitudeNorthRaw": "X",
    "altitudeSouthRaw": "1200",
    "altitudeWestRaw": "X",
    "altitudeEastRaw": "X",
    "altitudeNorthFt": null,
    "altitudeSouthFt": 1200,
    "altitudeWestFt": null,
    "altitudeEastFt": null
   },
   "geometry": {
    "coordinates": [
     [
      [
       34.8883333,
       32.1908333
      ],
      [
       34.8877778,
       32.1772222
      ]
     ]
    ],
    "type": "MultiLineString"
   }
  },
  {
   "type": "Feature",
   "properties": {
    "code": "REVAHHODYA",
    "firstWaypoint": "REVAH",
    "secondWaypoint": "HODYA",
    "nameEn": "Revaha-Hodia",
    "nameHe": "רווחה-הודיה",
    "military": "CIVIL",
    "byRequest": "OPEN",
    "curved": null,
    "mapSheet": "N",
    "lengthNm": 4.593215,
    "magneticTrack": "295",
    "backTrack": "115",
    "altitudeNorthRaw": "X",
    "altitudeSouthRaw": "X",
    "altitudeWestRaw": "2000",
    "altitudeEastRaw": "1500",
    "altitudeNorthFt": null,
    "altitudeSouthFt": null,
    "altitudeWestFt": 2000,
    "altitudeEastFt": 1500
   },
   "geometry": {
    "coordinates": [
     [
      [
       34.6525,
       31.6827778
      ],
      [
       34.7302778,
       31.6444444
      ]
     ]
    ],
    "type": "MultiLineString"
   }
  },
  {
   "type": "Feature",
   "properties": {
    "code": "REVAHZURIM",
    "firstWaypoint": "REVAH",
    "secondWaypoint": "ZURIM",
    "nameEn": null,
    "nameHe": "רווחה-עין צורים",
    "military": "MIL",
    "byRequest": "OPEN",
    "curved": null,
    "mapSheet": "N",
    "lengthNm": 3.511468,
    "magneticTrack": "341.2333",
    "backTrack": "161",
    "altitudeNorthRaw": "2000",
    "altitudeSouthRaw": "1500",
    "altitudeWestRaw": null,
    "altitudeEastRaw": null,
    "altitudeNorthFt": 2000,
    "altitudeSouthFt": 1500,
    "altitudeWestFt": null,
    "altitudeEastFt": null
   },
   "geometry": {
    "coordinates": [
     [
      [
       34.7302778,
       31.6444444
      ],
      [
       34.715,
       31.7016667
      ]
     ]
    ],
    "type": "MultiLineString"
   }
  },
  {
   "type": "Feature",
   "properties": {
    "code": "RIDNGDEENA",
    "firstWaypoint": "RIDNG",
    "secondWaypoint": "DEENA",
    "nameEn": "Riding-Dina",
    "nameHe": "רידינג-דינה",
    "military": "MIL",
    "byRequest": "BR",
    "curved": "V",
    "mapSheet": "N",
    "lengthNm": 8.075868,
    "magneticTrack": "X",
    "backTrack": "X",
    "altitudeNorthRaw": "1200",
    "altitudeSouthRaw": "800",
    "altitudeWestRaw": "X",
    "altitudeEastRaw": "X",
    "altitudeNorthFt": 1200,
    "altitudeSouthFt": 800,
    "altitudeWestFt": null,
    "altitudeEastFt": null
   },
   "geometry": {
    "coordinates": [
     [
      [
       34.7624333,
       32.1102
      ],
      [
       34.6405556,
       32.0238889
      ]
     ]
    ],
    "type": "MultiLineString"
   }
  },
  {
   "type": "Feature",
   "properties": {
    "code": "RIDNGHTZUK",
    "firstWaypoint": "RIDNG",
    "secondWaypoint": "HTZUK",
    "nameEn": "Riding-Hatzuk",
    "nameHe": "רידינג-הצוק",
    "military": "CIVIL",
    "byRequest": "OPEN",
    "curved": null,
    "mapSheet": "N",
    "lengthNm": 2.270596,
    "magneticTrack": "15",
    "backTrack": "195",
    "altitudeNorthRaw": "1200",
    "altitudeSouthRaw": "800",
    "altitudeWestRaw": "X",
    "altitudeEastRaw": "X",
    "altitudeNorthFt": 1200,
    "altitudeSouthFt": 800,
    "altitudeWestFt": null,
    "altitudeEastFt": null
   },
   "geometry": {
    "coordinates": [
     [
      [
       34.7624333,
       32.1102
      ],
      [
       34.77825,
       32.1456833
      ]
     ]
    ],
    "type": "MultiLineString"
   }
  },
  {
   "type": "Feature",
   "properties": {
    "code": "ROKCHRIDNG",
    "firstWaypoint": "ROKCH",
    "secondWaypoint": "RIDNG",
    "nameEn": "Rokach-Riding",
    "nameHe": "רוקח-רידינג",
    "military": "CIVIL",
    "byRequest": "OPEN",
    "curved": null,
    "mapSheet": "N",
    "lengthNm": 2.147018,
    "magneticTrack": "276",
    "backTrack": "96",
    "altitudeNorthRaw": "X",
    "altitudeSouthRaw": "X",
    "altitudeWestRaw": "1200",
    "altitudeEastRaw": "1200",
    "altitudeNorthFt": null,
    "altitudeSouthFt": null,
    "altitudeWestFt": 1200,
    "altitudeEastFt": 1200
   },
   "geometry": {
    "coordinates": [
     [
      [
       34.8036111,
       32.1025
      ],
      [
       34.7624333,
       32.1102
      ]
     ]
    ],
    "type": "MultiLineString"
   }
  },
  {
   "type": "Feature",
   "properties": {
    "code": "RUHOTLLRM",
    "firstWaypoint": "RUHOT",
    "secondWaypoint": "LLRM",
    "nameEn": "Tzomet Haruhot-Ramon",
    "nameHe": "צומת הרוחות-רמון",
    "military": "MIL",
    "byRequest": "BR",
    "curved": null,
    "mapSheet": "S",
    "lengthNm": 10.067096,
    "magneticTrack": "308",
    "backTrack": "128",
    "altitudeNorthRaw": "4500",
    "altitudeSouthRaw": "4500",
    "altitudeWestRaw": "X",
    "altitudeEastRaw": "X",
    "altitudeNorthFt": 4500,
    "altitudeSouthFt": 4500,
    "altitudeWestFt": null,
    "altitudeEastFt": null
   },
   "geometry": {
    "coordinates": [
     [
      [
       34.8088889,
       30.66
      ],
      [
       34.6666667,
       30.775
      ]
     ]
    ],
    "type": "MultiLineString"
   }
  },
  {
   "type": "Feature",
   "properties": {
    "code": "SAHARPELEG",
    "firstWaypoint": "SAHAR",
    "secondWaypoint": "PELEG",
    "nameEn": "Saar-Peleg",
    "nameHe": "סער-פלג",
    "military": "MIL",
    "byRequest": "BR",
    "curved": null,
    "mapSheet": "N",
    "lengthNm": 4.752815,
    "magneticTrack": "60",
    "backTrack": "240",
    "altitudeNorthRaw": "X",
    "altitudeSouthRaw": "X",
    "altitudeWestRaw": "500",
    "altitudeEastRaw": "1000",
    "altitudeNorthFt": null,
    "altitudeSouthFt": null,
    "altitudeWestFt": 500,
    "altitudeEastFt": 1000
   },
   "geometry": {
    "coordinates": [
     [
      [
       34.8372222,
       32.33
      ],
      [
       34.7527778,
       32.2958333
      ]
     ]
    ],
    "type": "MultiLineString"
   }
  },
  {
   "type": "Feature",
   "properties": {
    "code": "SAMARBRORA",
    "firstWaypoint": "SAMAR",
    "secondWaypoint": "BRORA",
    "nameEn": "Samar-Beer Ora",
    "nameHe": "סמר-באר אורה",
    "military": "CIVIL",
    "byRequest": "OPEN",
    "curved": null,
    "mapSheet": "S",
    "lengthNm": 7.557031,
    "magneticTrack": "188",
    "backTrack": "8",
    "altitudeNorthRaw": "3000",
    "altitudeSouthRaw": "2500",
    "altitudeWestRaw": "X",
    "altitudeEastRaw": "X",
    "altitudeNorthFt": 3000,
    "altitudeSouthFt": 2500,
    "altitudeWestFt": null,
    "altitudeEastFt": null
   },
   "geometry": {
    "coordinates": [
     [
      [
       35.0286111,
       29.8313889
      ],
      [
       34.9972222,
       29.7080556
      ]
     ]
    ],
    "type": "MultiLineString"
   }
  },
  {
   "type": "Feature",
   "properties": {
    "code": "SAMARLLOV",
    "firstWaypoint": "SAMAR",
    "secondWaypoint": "LLOV",
    "nameEn": "Samar-Ovda",
    "nameHe": "סמר-עובדה",
    "military": "MIL",
    "byRequest": "BR",
    "curved": null,
    "mapSheet": "S",
    "lengthNm": 13.696206,
    "magneticTrack": "319",
    "backTrack": "139",
    "altitudeNorthRaw": "3000",
    "altitudeSouthRaw": "3500",
    "altitudeWestRaw": "X",
    "altitudeEastRaw": "X",
    "altitudeNorthFt": 3000,
    "altitudeSouthFt": 3500,
    "altitudeWestFt": null,
    "altitudeEastFt": null
   },
   "geometry": {
    "coordinates": [
     [
      [
       35.0286111,
       29.8313889
      ],
      [
       34.9408333,
       29.935
      ],
      [
       35.0093634,
       29.8545585
      ]
     ]
    ],
    "type": "MultiLineString"
   }
  },
  {
   "type": "Feature",
   "properties": {
    "code": "SAMARYOTVT",
    "firstWaypoint": "SAMAR",
    "secondWaypoint": "YOTVT",
    "nameEn": "Samar-Yotveta",
    "nameHe": "סמר - יטבתה",
    "military": "CIVIL",
    "byRequest": "OPEN",
    "curved": "V",
    "mapSheet": "S",
    "lengthNm": 4.892591,
    "magneticTrack": "X",
    "backTrack": "X",
    "altitudeNorthRaw": "3000",
    "altitudeSouthRaw": "2500",
    "altitudeWestRaw": "X",
    "altitudeEastRaw": "X",
    "altitudeNorthFt": 3000,
    "altitudeSouthFt": 2500,
    "altitudeWestFt": null,
    "altitudeEastFt": null
   },
   "geometry": {
    "coordinates": [
     [
      [
       35.0672222,
       29.9008333
      ],
      [
       35.0636188,
       29.8952659
      ],
      [
       35.0622866,
       29.8932075
      ],
      [
       35.0621989,
       29.892992
      ],
      [
       35.0621036,
       29.892779
      ],
      [
       35.062001,
       29.8925686
      ],
      [
       35.0618911,
       29.892361
      ],
      [
       35.061774,
       29.8921565
      ],
      [
       35.0616498,
       29.8919551
      ],
      [
       35.0615187,
       29.8917571
      ],
      [
       35.0613807,
       29.8915627
      ],
      [
       35.0612359,
       29.891372
      ],
      [
       35.0610846,
       29.8911853
      ],
      [
       35.0609268,
       29.8910027
      ],
      [
       35.0607627,
       29.8908243
      ],
      [
       35.0600343,
       29.8899395
      ],
      [
       35.0573098,
       29.8874121
      ],
      [
       35.0568062,
       29.8872127
      ],
      [
       35.0560509,
       29.8868055
      ],
      [
       35.0540744,
       29.885838
      ],
      [
       35.0511612,
       29.8844551
      ],
      [
       35.0461968,
       29.8820284
      ],
      [
       35.0451442,
       29.8813191
      ],
      [
       35.0406741,
       29.876267
      ],
      [
       35.027404,
       29.846979
      ],
      [
       35.0286111,
       29.8313889
      ]
     ]
    ],
    "type": "MultiLineString"
   }
  },
  {
   "type": "Feature",
   "properties": {
    "code": "SDROTGVARM",
    "firstWaypoint": "SDROT",
    "secondWaypoint": "GVARM",
    "nameEn": "Sderot-Gvaram",
    "nameHe": "שדרות-גברעם",
    "military": "MIL",
    "byRequest": "BR",
    "curved": null,
    "mapSheet": "N",
    "lengthNm": 5.641888,
    "magneticTrack": "37",
    "backTrack": "176",
    "altitudeNorthRaw": "2000",
    "altitudeSouthRaw": "1500",
    "altitudeWestRaw": "X",
    "altitudeEastRaw": "X",
    "altitudeNorthFt": 2000,
    "altitudeSouthFt": 1500,
    "altitudeWestFt": null,
    "altitudeEastFt": null
   },
   "geometry": {
    "coordinates": [
     [
      [
       34.5855556,
       31.5066667
      ],
      [
       34.6092802,
       31.5298837
      ],
      [
       34.6102778,
       31.5933333
      ]
     ]
    ],
    "type": "MultiLineString"
   }
  },
  {
   "type": "Feature",
   "properties": {
    "code": "SDTYMEIRON",
    "firstWaypoint": "SDTYM",
    "secondWaypoint": "EIRON",
    "nameEn": "Sdot Yam - EIRON",
    "nameHe": "שדות ים - עירון",
    "military": "CIVIL",
    "byRequest": "OPEN",
    "curved": null,
    "mapSheet": "N",
    "lengthNm": 7.135212,
    "magneticTrack": "92",
    "backTrack": "272",
    "altitudeNorthRaw": "X",
    "altitudeSouthRaw": "X",
    "altitudeWestRaw": "3000",
    "altitudeEastRaw": "X",
    "altitudeNorthFt": null,
    "altitudeSouthFt": null,
    "altitudeWestFt": 3000,
    "altitudeEastFt": null
   },
   "geometry": {
    "coordinates": [
     [
      [
       34.885,
       32.4966667
      ],
      [
       35.0244444,
       32.4808333
      ]
     ]
    ],
    "type": "MultiLineString"
   }
  },
  {
   "type": "Feature",
   "properties": {
    "code": "SDTYMOLGAH",
    "firstWaypoint": "SDTYM",
    "secondWaypoint": "OLGAH",
    "nameEn": "Sdot Yam-Olga",
    "nameHe": "שדות ים-אולגה",
    "military": "CIVIL",
    "byRequest": "OPEN",
    "curved": null,
    "mapSheet": "N",
    "lengthNm": 4.025183,
    "magneticTrack": "188",
    "backTrack": "X",
    "altitudeNorthRaw": "X",
    "altitudeSouthRaw": "800",
    "altitudeWestRaw": "X",
    "altitudeEastRaw": "X",
    "altitudeNorthFt": null,
    "altitudeSouthFt": 800,
    "altitudeWestFt": null,
    "altitudeEastFt": null
   },
   "geometry": {
    "coordinates": [
     [
      [
       34.8658333,
       32.4313889
      ],
      [
       34.885,
       32.4966667
      ]
     ]
    ],
    "type": "MultiLineString"
   }
  },
  {
   "type": "Feature",
   "properties": {
    "code": "SEGEVZALMN",
    "firstWaypoint": "SEGEV",
    "secondWaypoint": "ZALMN",
    "nameEn": "Segev-Zalmon",
    "nameHe": "שגב-צלמון",
    "military": "CIVIL",
    "byRequest": "OPEN",
    "curved": null,
    "mapSheet": "N",
    "lengthNm": 7.549784,
    "magneticTrack": "88",
    "backTrack": "268",
    "altitudeNorthRaw": "X",
    "altitudeSouthRaw": "X",
    "altitudeWestRaw": "3000",
    "altitudeEastRaw": "2500",
    "altitudeNorthFt": null,
    "altitudeSouthFt": null,
    "altitudeWestFt": 3000,
    "altitudeEastFt": 2500
   },
   "geometry": {
    "coordinates": [
     [
      [
       35.4116667,
       32.8533333
      ],
      [
       35.2625,
       32.8611111
      ]
     ]
    ],
    "type": "MultiLineString"
   }
  },
  {
   "type": "Feature",
   "properties": {
    "code": "SFAIMAPOLN",
    "firstWaypoint": "SFAIM",
    "secondWaypoint": "APOLN",
    "nameEn": "Shfaym-Apolonia",
    "nameHe": "שפיים-אפולוניה",
    "military": "CIVIL",
    "byRequest": "OPEN",
    "curved": null,
    "mapSheet": "N",
    "lengthNm": 1.269774,
    "magneticTrack": "198",
    "backTrack": "18",
    "altitudeNorthRaw": "1600",
    "altitudeSouthRaw": "800",
    "altitudeWestRaw": "X",
    "altitudeEastRaw": "X",
    "altitudeNorthFt": 1600,
    "altitudeSouthFt": 800,
    "altitudeWestFt": null,
    "altitudeEastFt": null
   },
   "geometry": {
    "coordinates": [
     [
      [
       34.8072222,
       32.2105556
      ],
      [
       34.7972222,
       32.1911111
      ]
     ]
    ],
    "type": "MultiLineString"
   }
  },
  {
   "type": "Feature",
   "properties": {
    "code": "SFAIMVINGT",
    "firstWaypoint": "SFAIM",
    "secondWaypoint": "VINGT",
    "nameEn": "Shfaym-Vingate",
    "nameHe": "שפיים-ווינגיט",
    "military": "CIVIL",
    "byRequest": "OPEN",
    "curved": null,
    "mapSheet": "N",
    "lengthNm": 2.737499,
    "magneticTrack": "4",
    "backTrack": "184",
    "altitudeNorthRaw": "1600",
    "altitudeSouthRaw": "800",
    "altitudeWestRaw": "X",
    "altitudeEastRaw": "X",
    "altitudeNorthFt": 1600,
    "altitudeSouthFt": 800,
    "altitudeWestFt": null,
    "altitudeEastFt": null
   },
   "geometry": {
    "coordinates": [
     [
      [
       34.8072222,
       32.2105556
      ],
      [
       34.8169444,
       32.2555556
      ]
     ]
    ],
    "type": "MultiLineString"
   }
  },
  {
   "type": "Feature",
   "properties": {
    "code": "SHAHRALLON",
    "firstWaypoint": "SHAHR",
    "secondWaypoint": "ALLON",
    "nameEn": "Kochav Hashahar-Alon",
    "nameHe": "כוכב השחר-אלון",
    "military": "CIVIL",
    "byRequest": "OPEN",
    "curved": "V",
    "mapSheet": "N",
    "lengthNm": 5.404371,
    "magneticTrack": "X",
    "backTrack": "X",
    "altitudeNorthRaw": "4000",
    "altitudeSouthRaw": "3500",
    "altitudeWestRaw": "X",
    "altitudeEastRaw": "X",
    "altitudeNorthFt": 4000,
    "altitudeSouthFt": 3500,
    "altitudeWestFt": null,
    "altitudeEastFt": null
   },
   "geometry": {
    "coordinates": [
     [
      [
       35.3369444,
       31.9575
      ],
      [
       35.3348431,
       31.9852693
      ],
      [
       35.3564962,
       32.0185817
      ],
      [
       35.3666667,
       32.0413889
      ]
     ]
    ],
    "type": "MultiLineString"
   }
  },
  {
   "type": "Feature",
   "properties": {
    "code": "SHALMZUKIM",
    "firstWaypoint": "SHALM",
    "secondWaypoint": "ZUKIM",
    "nameEn": "Mitzpe Shalem-Eynot Zukim",
    "nameHe": "מצפה שלם-עינות צוקים",
    "military": "CIVIL",
    "byRequest": "OPEN",
    "curved": null,
    "mapSheet": "N",
    "lengthNm": 9.730707,
    "magneticTrack": "9",
    "backTrack": "189",
    "altitudeNorthRaw": "4000",
    "altitudeSouthRaw": "3500",
    "altitudeWestRaw": "X",
    "altitudeEastRaw": "X",
    "altitudeNorthFt": 4000,
    "altitudeSouthFt": 3500,
    "altitudeWestFt": null,
    "altitudeEastFt": null
   },
   "geometry": {
    "coordinates": [
     [
      [
       35.4025,
       31.5586111
      ],
      [
       35.4497222,
       31.7161111
      ]
     ]
    ],
    "type": "MultiLineString"
   }
  },
  {
   "type": "Feature",
   "properties": {
    "code": "SHARGLTRUN",
    "firstWaypoint": "SHARG",
    "secondWaypoint": "LTRUN",
    "nameEn": "Shaar Haguy-Latroon",
    "nameHe": "שער הגיא-לטרון",
    "military": "CIVIL",
    "byRequest": "OPEN",
    "curved": null,
    "mapSheet": "N",
    "lengthNm": 2.091262,
    "magneticTrack": "298",
    "backTrack": "118",
    "altitudeNorthRaw": "X",
    "altitudeSouthRaw": "X",
    "altitudeWestRaw": "2300",
    "altitudeEastRaw": "1800",
    "altitudeNorthFt": null,
    "altitudeSouthFt": null,
    "altitudeWestFt": 2300,
    "altitudeEastFt": 1800
   },
   "geometry": {
    "coordinates": [
     [
      [
       35.0211111,
       31.8197222
      ],
      [
       34.9866667,
       31.8386111
      ]
     ]
    ],
    "type": "MultiLineString"
   }
  },
  {
   "type": "Feature",
   "properties": {
    "code": "SHAROHADRA",
    "firstWaypoint": "SHARO",
    "secondWaypoint": "HADRA",
    "nameEn": "Tzomet Hasharon-Tzomet Nachal Hadera",
    "nameHe": "צומת השרון-צומת נחל חדרה",
    "military": "CIVIL",
    "byRequest": "OPEN",
    "curved": null,
    "mapSheet": "N",
    "lengthNm": 8.487405,
    "magneticTrack": "358",
    "backTrack": "178",
    "altitudeNorthRaw": "1500",
    "altitudeSouthRaw": "2000",
    "altitudeWestRaw": "X",
    "altitudeEastRaw": "X",
    "altitudeNorthFt": 1500,
    "altitudeSouthFt": 2000,
    "altitudeWestFt": null,
    "altitudeEastFt": null
   },
   "geometry": {
    "coordinates": [
     [
      [
       34.9038889,
       32.3230556
      ],
      [
       34.9122222,
       32.4647222
      ]
     ]
    ],
    "type": "MultiLineString"
   }
  },
  {
   "type": "Feature",
   "properties": {
    "code": "SHRUTLLOV",
    "firstWaypoint": "SHRUT",
    "secondWaypoint": "LLOV",
    "nameEn": "Shaharot-Ovda",
    "nameHe": "שחרות-עובדה",
    "military": "MIL",
    "byRequest": "BR",
    "curved": null,
    "mapSheet": "S",
    "lengthNm": 3.639554,
    "magneticTrack": "295",
    "backTrack": "115",
    "altitudeNorthRaw": "X",
    "altitudeSouthRaw": "X",
    "altitudeWestRaw": "3000",
    "altitudeEastRaw": "2500",
    "altitudeNorthFt": null,
    "altitudeSouthFt": null,
    "altitudeWestFt": 3000,
    "altitudeEastFt": 2500
   },
   "geometry": {
    "coordinates": [
     [
      [
       35.0033333,
       29.9078333
      ],
      [
       34.9408333,
       29.935
      ]
     ]
    ],
    "type": "MultiLineString"
   }
  },
  {
   "type": "Feature",
   "properties": {
    "code": "SIGALYATED",
    "firstWaypoint": "SIGAL",
    "secondWaypoint": "YATED",
    "nameEn": "Sigal-Yated",
    "nameHe": "סיגל-יתד",
    "military": "MIL",
    "byRequest": "BR",
    "curved": null,
    "mapSheet": "S",
    "lengthNm": 2.219791,
    "magneticTrack": "69",
    "backTrack": "249",
    "altitudeNorthRaw": "X",
    "altitudeSouthRaw": "X",
    "altitudeWestRaw": "3000",
    "altitudeEastRaw": "3500",
    "altitudeNorthFt": null,
    "altitudeSouthFt": null,
    "altitudeWestFt": 3000,
    "altitudeEastFt": 3500
   },
   "geometry": {
    "coordinates": [
     [
      [
       34.2927778,
       31.195
      ],
      [
       34.3344444,
       31.2047222
      ]
     ]
    ],
    "type": "MultiLineString"
   }
  },
  {
   "type": "Feature",
   "properties": {
    "code": "SIRNINTAIM",
    "firstWaypoint": "SIRNI",
    "secondWaypoint": "NTAIM",
    "nameEn": "Nezer Sireni-Netaim",
    "nameHe": "נצר סירני-נטעים",
    "military": "CIVIL",
    "byRequest": "OPEN",
    "curved": null,
    "mapSheet": "N",
    "lengthNm": 2.907355,
    "magneticTrack": "284.56884",
    "backTrack": "X",
    "altitudeNorthRaw": "X",
    "altitudeSouthRaw": "X",
    "altitudeWestRaw": "X",
    "altitudeEastRaw": "800",
    "altitudeNorthFt": null,
    "altitudeSouthFt": null,
    "altitudeWestFt": null,
    "altitudeEastFt": 800
   },
   "geometry": {
    "coordinates": [
     [
      [
       34.8299339,
       31.9279361
      ],
      [
       34.8297021,
       31.9281084
      ],
      [
       34.8288964,
       31.9284341
      ],
      [
       34.8268315,
       31.9288157
      ],
      [
       34.825116,
       31.929258
      ],
      [
       34.8231897,
       31.9299382
      ],
      [
       34.8216484,
       31.9305301
      ],
      [
       34.8207374,
       31.9309449
      ],
      [
       34.8198262,
       31.9313895
      ],
      [
       34.8193001,
       31.9317458
      ],
      [
       34.8185979,
       31.9323999
      ],
      [
       34.8177198,
       31.933292
      ],
      [
       34.8171568,
       31.9341254
      ],
      [
       34.8168028,
       31.9351383
      ],
      [
       34.8165187,
       31.9361515
      ],
      [
       34.8160561,
       31.9380291
      ],
      [
       34.8159766,
       31.9386336
      ],
      [
       34.8159403,
       31.9389496
      ],
      [
       34.8160451,
       31.939325
      ],
      [
       34.7808333,
       31.9436111
      ]
     ]
    ],
    "type": "MultiLineString"
   }
  },
  {
   "type": "Feature",
   "properties": {
    "code": "SITIMZZHOR",
    "firstWaypoint": "SITIM",
    "secondWaypoint": "ZZHOR",
    "nameEn": "Shitim - Tzomet Tzihor",
    "nameHe": "שיטים-צומת ציחור",
    "military": "MIL",
    "byRequest": "BR",
    "curved": null,
    "mapSheet": "S",
    "lengthNm": 6.038797,
    "magneticTrack": "358",
    "backTrack": "178",
    "altitudeNorthRaw": "3500",
    "altitudeSouthRaw": "3000",
    "altitudeWestRaw": "X",
    "altitudeEastRaw": "X",
    "altitudeNorthFt": 3500,
    "altitudeSouthFt": 3000,
    "altitudeWestFt": null,
    "altitudeEastFt": null
   },
   "geometry": {
    "coordinates": [
     [
      [
       35.0144444,
       30.1758333
      ],
      [
       35.02,
       30.2766667
      ]
     ]
    ],
    "type": "MultiLineString"
   }
  },
  {
   "type": "Feature",
   "properties": {
    "code": "SIZFNSITIM",
    "firstWaypoint": "SIZFN",
    "secondWaypoint": "SITIM",
    "nameEn": "Shizafon-Shitim",
    "nameHe": "שזפון-שיטים",
    "military": "MIL",
    "byRequest": "BR",
    "curved": "V",
    "mapSheet": "S",
    "lengthNm": 7.676824,
    "magneticTrack": "358",
    "backTrack": "178",
    "altitudeNorthRaw": "3500",
    "altitudeSouthRaw": "3000",
    "altitudeWestRaw": "X",
    "altitudeEastRaw": "X",
    "altitudeNorthFt": 3500,
    "altitudeSouthFt": 3000,
    "altitudeWestFt": null,
    "altitudeEastFt": null
   },
   "geometry": {
    "coordinates": [
     [
      [
       35.0144444,
       30.0475
      ],
      [
       35.0144444,
       30.1758333
      ]
     ]
    ],
    "type": "MultiLineString"
   }
  },
  {
   "type": "Feature",
   "properties": {
    "code": "SIZFNYAHEL",
    "firstWaypoint": "SIZFN",
    "secondWaypoint": "YAHEL",
    "nameEn": "Shizafon - Yahel",
    "nameHe": "שזפון-יהל",
    "military": "MIL",
    "byRequest": "BR",
    "curved": null,
    "mapSheet": "S",
    "lengthNm": 6.525624,
    "magneticTrack": "66",
    "backTrack": "246",
    "altitudeNorthRaw": "3000",
    "altitudeSouthRaw": "2500",
    "altitudeWestRaw": "X",
    "altitudeEastRaw": "X",
    "altitudeNorthFt": 3000,
    "altitudeSouthFt": 2500,
    "altitudeWestFt": null,
    "altitudeEastFt": null
   },
   "geometry": {
    "coordinates": [
     [
      [
       35.1333333,
       30.0822222
      ],
      [
       35.0144444,
       30.0475
      ]
     ]
    ],
    "type": "MultiLineString"
   }
  },
  {
   "type": "Feature",
   "properties": {
    "code": "SMRATSZION",
    "firstWaypoint": "SMRAT",
    "secondWaypoint": "SZION",
    "nameEn": "Shomrat-Shavey Tzion",
    "nameHe": "שמרת-שבי ציון",
    "military": "CIVIL",
    "byRequest": "OPEN",
    "curved": "V",
    "mapSheet": "N",
    "lengthNm": 1.670887,
    "magneticTrack": "X",
    "backTrack": "X",
    "altitudeNorthRaw": "X",
    "altitudeSouthRaw": "2000",
    "altitudeWestRaw": "X",
    "altitudeEastRaw": "X",
    "altitudeNorthFt": null,
    "altitudeSouthFt": 2000,
    "altitudeWestFt": null,
    "altitudeEastFt": null
   },
   "geometry": {
    "coordinates": [
     [
      [
       35.09,
       32.9516667
      ],
      [
       35.0933333,
       32.9794444
      ]
     ]
    ],
    "type": "MultiLineString"
   }
  },
  {
   "type": "Feature",
   "properties": {
    "code": "SOKETMYTAR",
    "firstWaypoint": "SOKET",
    "secondWaypoint": "MYTAR",
    "nameEn": "Tzomet Shoket-Mytar",
    "nameHe": "צומת שוקת-מיתר",
    "military": "CIVIL",
    "byRequest": "OPEN",
    "curved": null,
    "mapSheet": "S",
    "lengthNm": 1.946235,
    "magneticTrack": "72",
    "backTrack": "X",
    "altitudeNorthRaw": "X",
    "altitudeSouthRaw": "X",
    "altitudeWestRaw": "X",
    "altitudeEastRaw": "3500",
    "altitudeNorthFt": null,
    "altitudeSouthFt": null,
    "altitudeWestFt": null,
    "altitudeEastFt": 3500
   },
   "geometry": {
    "coordinates": [
     [
      [
       34.9011111,
       31.3075
      ],
      [
       34.9380556,
       31.3147222
      ]
     ]
    ],
    "type": "MultiLineString"
   }
  },
  {
   "type": "Feature",
   "properties": {
    "code": "SORESSHARG",
    "firstWaypoint": "SORES",
    "secondWaypoint": "SHARG",
    "nameEn": "Shoresh-Shaar Haguy",
    "nameHe": "שורש-שער הגיא",
    "military": "CIVIL",
    "byRequest": "OPEN",
    "curved": null,
    "mapSheet": "N",
    "lengthNm": 3.054443,
    "magneticTrack": "288",
    "backTrack": "108",
    "altitudeNorthRaw": "X",
    "altitudeSouthRaw": "X",
    "altitudeWestRaw": "3300",
    "altitudeEastRaw": "2800",
    "altitudeNorthFt": null,
    "altitudeSouthFt": null,
    "altitudeWestFt": 3300,
    "altitudeEastFt": 2800
   },
   "geometry": {
    "coordinates": [
     [
      [
       35.0211111,
       31.8197222
      ],
      [
       35.0761111,
       31.7997222
      ]
     ]
    ],
    "type": "MultiLineString"
   }
  },
  {
   "type": "Feature",
   "properties": {
    "code": "SOVALBKAMA",
    "firstWaypoint": "SOVAL",
    "secondWaypoint": "BKAMA",
    "nameEn": "Shoval-Beit Kama",
    "nameHe": "שובל-בית קמה",
    "military": "CIVIL",
    "byRequest": "OPEN",
    "curved": null,
    "mapSheet": "N",
    "lengthNm": 2.061001,
    "magneticTrack": "24",
    "backTrack": "204",
    "altitudeNorthRaw": "3000",
    "altitudeSouthRaw": "2500",
    "altitudeWestRaw": "X",
    "altitudeEastRaw": "X",
    "altitudeNorthFt": 3000,
    "altitudeSouthFt": 2500,
    "altitudeWestFt": null,
    "altitudeEastFt": null
   },
   "geometry": {
    "coordinates": [
     [
      [
       34.7463889,
       31.4113889
      ],
      [
       34.7655556,
       31.4416667
      ]
     ]
    ],
    "type": "MultiLineString"
   }
  },
  {
   "type": "Feature",
   "properties": {
    "code": "SOVALMINGV",
    "firstWaypoint": "SOVAL",
    "secondWaypoint": "MINGV",
    "nameEn": "SHOVAL -MISHMAR HANEGEV",
    "nameHe": "שובל -משמר הנגב",
    "military": "CIVIL",
    "byRequest": "OPEN",
    "curved": null,
    "mapSheet": "S",
    "lengthNm": 3.072368,
    "magneticTrack": "28",
    "backTrack": "208",
    "altitudeNorthRaw": "3000",
    "altitudeSouthRaw": "2000/2500",
    "altitudeWestRaw": "X",
    "altitudeEastRaw": "X",
    "altitudeNorthFt": 3000,
    "altitudeSouthFt": null,
    "altitudeWestFt": null,
    "altitudeEastFt": null
   },
   "geometry": {
    "coordinates": [
     [
      [
       34.7127778,
       31.3688889
      ],
      [
       34.7463889,
       31.4113889
      ]
     ]
    ],
    "type": "MultiLineString"
   }
  },
  {
   "type": "Feature",
   "properties": {
    "code": "SUPERTYONA",
    "firstWaypoint": "SUPER",
    "secondWaypoint": "TYONA",
    "nameEn": "Superland-Tel Yona",
    "nameHe": "סופרלנד - תל יונה",
    "military": "CIVIL",
    "byRequest": "OPEN",
    "curved": null,
    "mapSheet": "N",
    "lengthNm": 1.849631,
    "magneticTrack": "331",
    "backTrack": "151",
    "altitudeNorthRaw": "X",
    "altitudeSouthRaw": "X",
    "altitudeWestRaw": "1200",
    "altitudeEastRaw": "800",
    "altitudeNorthFt": null,
    "altitudeSouthFt": null,
    "altitudeWestFt": 1200,
    "altitudeEastFt": 800
   },
   "geometry": {
    "coordinates": [
     [
      [
       34.7272222,
       32.0047222
      ],
      [
       34.7416,
       31.9763389
      ]
     ]
    ],
    "type": "MultiLineString"
   }
  },
  {
   "type": "Feature",
   "properties": {
    "code": "TARADMYTAR",
    "firstWaypoint": "TARAD",
    "secondWaypoint": "MYTAR",
    "nameEn": "Tel Arad-Mytar",
    "nameHe": "תל ערד-מיתר",
    "military": "CIVIL",
    "byRequest": "OPEN",
    "curved": null,
    "mapSheet": "S",
    "lengthNm": 9.887089,
    "magneticTrack": "278",
    "backTrack": "98",
    "altitudeNorthRaw": "X",
    "altitudeSouthRaw": "X",
    "altitudeWestRaw": "4000",
    "altitudeEastRaw": "3500",
    "altitudeNorthFt": null,
    "altitudeSouthFt": null,
    "altitudeWestFt": 4000,
    "altitudeEastFt": 3500
   },
   "geometry": {
    "coordinates": [
     [
      [
       35.1255556,
       31.2775
      ],
      [
       34.9380556,
       31.3147222
      ]
     ]
    ],
    "type": "MultiLineString"
   }
  },
  {
   "type": "Feature",
   "properties": {
    "code": "TAVORALUMT",
    "firstWaypoint": "TAVOR",
    "secondWaypoint": "ALUMT",
    "nameEn": "Kfar Tavor-Alumot",
    "nameHe": "כפר תבור-אלומות",
    "military": "CIVIL",
    "byRequest": "BR",
    "curved": null,
    "mapSheet": "N",
    "lengthNm": 6.554215,
    "magneticTrack": "72",
    "backTrack": "252",
    "altitudeNorthRaw": "X",
    "altitudeSouthRaw": "X",
    "altitudeWestRaw": "3000",
    "altitudeEastRaw": "2500",
    "altitudeNorthFt": null,
    "altitudeSouthFt": null,
    "altitudeWestFt": 3000,
    "altitudeEastFt": 2500
   },
   "geometry": {
    "coordinates": [
     [
      [
       35.42,
       32.6902778
      ],
      [
       35.5463889,
       32.7141667
      ]
     ]
    ],
    "type": "MultiLineString"
   }
  },
  {
   "type": "Feature",
   "properties": {
    "code": "TAVORDESHE",
    "firstWaypoint": "TAVOR",
    "secondWaypoint": "DESHE",
    "nameEn": "Kfar Tavor-Karey Deshe",
    "nameHe": "כפר תבור-כרי דשא",
    "military": "CIVIL",
    "byRequest": "OPEN",
    "curved": null,
    "mapSheet": "N",
    "lengthNm": 12.16929,
    "magneticTrack": "23",
    "backTrack": "203",
    "altitudeNorthRaw": "2500",
    "altitudeSouthRaw": "3000",
    "altitudeWestRaw": "X",
    "altitudeEastRaw": "X",
    "altitudeNorthFt": 2500,
    "altitudeSouthFt": 3000,
    "altitudeWestFt": null,
    "altitudeEastFt": null
   },
   "geometry": {
    "coordinates": [
     [
      [
       35.42,
       32.6902778
      ],
      [
       35.5127699,
       32.8398401
      ],
      [
       35.5325,
       32.87
      ]
     ]
    ],
    "type": "MultiLineString"
   }
  },
  {
   "type": "Feature",
   "properties": {
    "code": "TIRATKOYAR",
    "firstWaypoint": "TIRAT",
    "secondWaypoint": "KOYAR",
    "nameEn": "Tirat Zvi-Kochav Hayarden",
    "nameHe": "טירת צבי-כוכב הירדן",
    "military": "CIVIL",
    "byRequest": "OPEN",
    "curved": null,
    "mapSheet": "N",
    "lengthNm": 10.393971,
    "magneticTrack": "360",
    "backTrack": "180",
    "altitudeNorthRaw": "3500",
    "altitudeSouthRaw": "3000",
    "altitudeWestRaw": "X",
    "altitudeEastRaw": "X",
    "altitudeNorthFt": 3500,
    "altitudeSouthFt": 3000,
    "altitudeWestFt": null,
    "altitudeEastFt": null
   },
   "geometry": {
    "coordinates": [
     [
      [
       35.5436111,
       32.5975
      ],
      [
       35.5266667,
       32.4244444
      ]
     ]
    ],
    "type": "MultiLineString"
   }
  },
  {
   "type": "Feature",
   "properties": {
    "code": "TLLIMLLKZ",
    "firstWaypoint": "TLLIM",
    "secondWaypoint": "LLKZ",
    "nameEn": "Tlalim - Kzioth",
    "nameHe": "טללים- קציעות",
    "military": "CIVIL",
    "byRequest": "BR",
    "curved": "V",
    "mapSheet": "S",
    "lengthNm": 19.832358,
    "magneticTrack": "X",
    "backTrack": "X",
    "altitudeNorthRaw": "X",
    "altitudeSouthRaw": "X",
    "altitudeWestRaw": "3500",
    "altitudeEastRaw": "4000",
    "altitudeNorthFt": null,
    "altitudeSouthFt": null,
    "altitudeWestFt": 3500,
    "altitudeEastFt": 4000
   },
   "geometry": {
    "coordinates": [
     [
      [
       34.7630359,
       30.9906853
      ],
      [
       34.7552847,
       30.9858217
      ],
      [
       34.7425709,
       30.9803818
      ],
      [
       34.7320094,
       30.976623
      ],
      [
       34.722745,
       30.972682
      ],
      [
       34.7141376,
       30.9670686
      ],
      [
       34.7072533,
       30.9623915
      ],
      [
       34.6992856,
       30.9586399
      ],
      [
       34.6915243,
       30.956749
      ],
      [
       34.6823913,
       30.9562855
      ],
      [
       34.6629569,
       30.9578797
      ],
      [
       34.6561311,
       30.95912
      ],
      [
       34.6461814,
       30.9633108
      ],
      [
       34.6389646,
       30.9662317
      ],
      [
       34.63374,
       30.9668233
      ],
      [
       34.6251021,
       30.9642519
      ],
      [
       34.6123078,
       30.9556984
      ],
      [
       34.5862893,
       30.9365646
      ],
      [
       34.5804584,
       30.9321441
      ],
      [
       34.5770101,
       30.9294679
      ],
      [
       34.5702521,
       30.9236432
      ],
      [
       34.566305,
       30.9211362
      ],
      [
       34.5571507,
       30.9181767
      ],
      [
       34.5466804,
       30.9159693
      ],
      [
       34.5344093,
       30.9144486
      ],
      [
       34.5284934,
       30.9137109
      ],
      [
       34.5210035,
       30.9117955
      ],
      [
       34.496642,
       30.9043327
      ],
      [
       34.4885461,
       30.9020706
      ],
      [
       34.4849989,
       30.9015207
      ],
      [
       34.4802866,
       30.9015157
      ],
      [
       34.4724849,
       30.902755
      ],
      [
       34.4722215,
       30.9027969
      ],
      [
       34.4436111,
       30.8588889
      ]
     ]
    ],
    "type": "MultiLineString"
   }
  },
  {
   "type": "Feature",
   "properties": {
    "code": "TLLIMNEGEV",
    "firstWaypoint": "TLLIM",
    "secondWaypoint": "NEGEV",
    "nameEn": "Tlalim-Tzomet Hanegev",
    "nameHe": "טללים-צומת הנגב",
    "military": "CIVIL",
    "byRequest": "OPEN",
    "curved": null,
    "mapSheet": "S",
    "lengthNm": 5.974181,
    "magneticTrack": "36",
    "backTrack": "216",
    "altitudeNorthRaw": "4000",
    "altitudeSouthRaw": "3500",
    "altitudeWestRaw": "X",
    "altitudeEastRaw": "X",
    "altitudeNorthFt": 4000,
    "altitudeSouthFt": 3500,
    "altitudeWestFt": null,
    "altitudeEastFt": null
   },
   "geometry": {
    "coordinates": [
     [
      [
       34.7622222,
       30.9905556
      ],
      [
       34.8380556,
       31.0661111
      ]
     ]
    ],
    "type": "MultiLineString"
   }
  },
  {
   "type": "Feature",
   "properties": {
    "code": "TYONACLORE",
    "firstWaypoint": "TYONA",
    "secondWaypoint": "CLORE",
    "nameEn": "Tel Yona-Clore",
    "nameHe": "תל יונה-קלור",
    "military": "CIVIL",
    "byRequest": "OPEN",
    "curved": null,
    "mapSheet": "N",
    "lengthNm": 2.922557,
    "magneticTrack": "3",
    "backTrack": "183",
    "altitudeNorthRaw": "1200",
    "altitudeSouthRaw": "800",
    "altitudeWestRaw": "X",
    "altitudeEastRaw": "X",
    "altitudeNorthFt": 1200,
    "altitudeSouthFt": 800,
    "altitudeWestFt": null,
    "altitudeEastFt": null
   },
   "geometry": {
    "coordinates": [
     [
      [
       34.7272222,
       32.0047222
      ],
      [
       34.7358333,
       32.0530167
      ]
     ]
    ],
    "type": "MultiLineString"
   }
  },
  {
   "type": "Feature",
   "properties": {
    "code": "TZHOTOFKIM",
    "firstWaypoint": "TZHOT",
    "secondWaypoint": "OFKIM",
    "nameEn": "TZHALCOT-Ofakim",
    "nameHe": "צלחות-אופקים",
    "military": "MIL",
    "byRequest": "BR",
    "curved": null,
    "mapSheet": "S",
    "lengthNm": 4.660079,
    "magneticTrack": "73.49619",
    "backTrack": "253.4962",
    "altitudeNorthRaw": "X",
    "altitudeSouthRaw": "X",
    "altitudeWestRaw": "2000",
    "altitudeEastRaw": "2000",
    "altitudeNorthFt": null,
    "altitudeSouthFt": null,
    "altitudeWestFt": 2000,
    "altitudeEastFt": 2000
   },
   "geometry": {
    "coordinates": [
     [
      [
       34.5297222,
       31.3077778
      ],
      [
       34.6188889,
       31.3222222
      ]
     ]
    ],
    "type": "MultiLineString"
   }
  },
  {
   "type": "Feature",
   "properties": {
    "code": "VINGTPELEG",
    "firstWaypoint": "VINGT",
    "secondWaypoint": "PELEG",
    "nameEn": "Vingate-Peleg",
    "nameHe": "ווינגיט-פלג",
    "military": "CIVIL",
    "byRequest": "OPEN",
    "curved": null,
    "mapSheet": "N",
    "lengthNm": 4.571955,
    "magneticTrack": "7",
    "backTrack": "187",
    "altitudeNorthRaw": "1500",
    "altitudeSouthRaw": "800",
    "altitudeWestRaw": "X",
    "altitudeEastRaw": "X",
    "altitudeNorthFt": 1500,
    "altitudeSouthFt": 800,
    "altitudeWestFt": null,
    "altitudeEastFt": null
   },
   "geometry": {
    "coordinates": [
     [
      [
       34.8169444,
       32.2555556
      ],
      [
       34.8372222,
       32.33
      ]
     ]
    ],
    "type": "MultiLineString"
   }
  },
  {
   "type": "Feature",
   "properties": {
    "code": "YAHELBMNUH",
    "firstWaypoint": "YAHEL",
    "secondWaypoint": "BMNUH",
    "nameEn": "Yahel-Beer Menuha",
    "nameHe": "יהל-באר מנוחה",
    "military": "CIVIL",
    "byRequest": "OPEN",
    "curved": null,
    "mapSheet": "S",
    "lengthNm": 13.227708,
    "magneticTrack": "355",
    "backTrack": "175",
    "altitudeNorthRaw": "3000",
    "altitudeSouthRaw": "2500",
    "altitudeWestRaw": "X",
    "altitudeEastRaw": "X",
    "altitudeNorthFt": 3000,
    "altitudeSouthFt": 2500,
    "altitudeWestFt": null,
    "altitudeEastFt": null
   },
   "geometry": {
    "coordinates": [
     [
      [
       35.1333333,
       30.0822222
      ],
      [
       35.1341667,
       30.3033333
      ]
     ]
    ],
    "type": "MultiLineString"
   }
  },
  {
   "type": "Feature",
   "properties": {
    "code": "YAHOLYASFA",
    "firstWaypoint": "YAHOL",
    "secondWaypoint": "YASFA",
    "nameEn": "Yam Holon-Yam Shfaym",
    "nameHe": "ים חולון-ים שפיים",
    "military": "MIL",
    "byRequest": "BR",
    "curved": null,
    "mapSheet": "N",
    "lengthNm": 14.405303,
    "magneticTrack": "31",
    "backTrack": "211",
    "altitudeNorthRaw": "1000",
    "altitudeSouthRaw": "500",
    "altitudeWestRaw": "X",
    "altitudeEastRaw": "X",
    "altitudeNorthFt": 1000,
    "altitudeSouthFt": 500,
    "altitudeWestFt": null,
    "altitudeEastFt": null
   },
   "geometry": {
    "coordinates": [
     [
      [
       34.6247222,
       32.2186111
      ],
      [
       34.4605556,
       32.0225
      ]
     ]
    ],
    "type": "MultiLineString"
   }
  },
  {
   "type": "Feature",
   "properties": {
    "code": "YAPALYAHOL",
    "firstWaypoint": "YAPAL",
    "secondWaypoint": "YAHOL",
    "nameEn": "Yam Palmachim-Yam Holon",
    "nameHe": "ים פלמחים-ים חולון",
    "military": "MIL",
    "byRequest": "BR",
    "curved": null,
    "mapSheet": "N",
    "lengthNm": 6.431956,
    "magneticTrack": "356",
    "backTrack": "176",
    "altitudeNorthRaw": "1000",
    "altitudeSouthRaw": "500",
    "altitudeWestRaw": "X",
    "altitudeEastRaw": "X",
    "altitudeNorthFt": 1000,
    "altitudeSouthFt": 500,
    "altitudeWestFt": null,
    "altitudeEastFt": null
   },
   "geometry": {
    "coordinates": [
     [
      [
       34.4605556,
       32.0225
      ],
      [
       34.4583333,
       31.915
      ]
     ]
    ],
    "type": "MultiLineString"
   }
  },
  {
   "type": "Feature",
   "properties": {
    "code": "YASDDYAPAL",
    "firstWaypoint": "YASDD",
    "secondWaypoint": "YAPAL",
    "nameEn": "Yam Ashdod-Yam Palmachim",
    "nameHe": "ים אשדוד-ים פלמחים",
    "military": "MIL",
    "byRequest": "BR",
    "curved": null,
    "mapSheet": "N",
    "lengthNm": 6.265464,
    "magneticTrack": "356",
    "backTrack": "176",
    "altitudeNorthRaw": "1000",
    "altitudeSouthRaw": "500",
    "altitudeWestRaw": "X",
    "altitudeEastRaw": "X",
    "altitudeNorthFt": 1000,
    "altitudeSouthFt": 500,
    "altitudeWestFt": null,
    "altitudeEastFt": null
   },
   "geometry": {
    "coordinates": [
     [
      [
       34.4583333,
       31.915
      ],
      [
       34.4563889,
       31.8102778
      ]
     ]
    ],
    "type": "MultiLineString"
   }
  },
  {
   "type": "Feature",
   "properties": {
    "code": "YASFASAHAR",
    "firstWaypoint": "YASFA",
    "secondWaypoint": "SAHAR",
    "nameEn": "Yam Shfaym-Saar",
    "nameHe": "ים שפיים-סער",
    "military": "MIL",
    "byRequest": "BR",
    "curved": null,
    "mapSheet": "N",
    "lengthNm": 7.983165,
    "magneticTrack": "50",
    "backTrack": "230",
    "altitudeNorthRaw": "X",
    "altitudeSouthRaw": "X",
    "altitudeWestRaw": "500",
    "altitudeEastRaw": "1000",
    "altitudeNorthFt": null,
    "altitudeSouthFt": null,
    "altitudeWestFt": 500,
    "altitudeEastFt": 1000
   },
   "geometry": {
    "coordinates": [
     [
      [
       34.7527778,
       32.2958333
      ],
      [
       34.6247222,
       32.2186111
      ]
     ]
    ],
    "type": "MultiLineString"
   }
  },
  {
   "type": "Feature",
   "properties": {
    "code": "YATEDAMIOZ",
    "firstWaypoint": "YATED",
    "secondWaypoint": "AMIOZ",
    "nameEn": "Yated - Amioz",
    "nameHe": "יתד-עמיעוז",
    "military": "MIL",
    "byRequest": "BR",
    "curved": null,
    "mapSheet": "S",
    "lengthNm": 4.689288,
    "magneticTrack": "44",
    "backTrack": "224",
    "altitudeNorthRaw": "2500",
    "altitudeSouthRaw": "2000",
    "altitudeWestRaw": "X",
    "altitudeEastRaw": "X",
    "altitudeNorthFt": 2500,
    "altitudeSouthFt": 2000,
    "altitudeWestFt": null,
    "altitudeEastFt": null
   },
   "geometry": {
    "coordinates": [
     [
      [
       34.3344444,
       31.2047222
      ],
      [
       34.4027778,
       31.2566667
      ]
     ]
    ],
    "type": "MultiLineString"
   }
  },
  {
   "type": "Feature",
   "properties": {
    "code": "YATEDGVULT",
    "firstWaypoint": "YATED",
    "secondWaypoint": "GVULT",
    "nameEn": "Yated-Gvulot",
    "nameHe": "יתד-גבולות",
    "military": "MIL",
    "byRequest": "BR",
    "curved": null,
    "mapSheet": "S",
    "lengthNm": 6.610629,
    "magneticTrack": "72",
    "backTrack": "252",
    "altitudeNorthRaw": "X",
    "altitudeSouthRaw": "X",
    "altitudeWestRaw": "2500",
    "altitudeEastRaw": "2000",
    "altitudeNorthFt": null,
    "altitudeSouthFt": null,
    "altitudeWestFt": 2500,
    "altitudeEastFt": 2000
   },
   "geometry": {
    "coordinates": [
     [
      [
       34.3344444,
       31.2047222
      ],
      [
       34.4602778,
       31.2275
      ]
     ]
    ],
    "type": "MultiLineString"
   }
  },
  {
   "type": "Feature",
   "properties": {
    "code": "YAVNENAGID",
    "firstWaypoint": "YAVNE",
    "secondWaypoint": "NAGID",
    "nameEn": "Yavne East-Kfar Hanagid",
    "nameHe": "יבנה מזרח-כפר הנגיד",
    "military": "CIVIL",
    "byRequest": "OPEN",
    "curved": null,
    "mapSheet": "N",
    "lengthNm": 1.065127,
    "magneticTrack": "352",
    "backTrack": "172",
    "altitudeNorthRaw": "1200",
    "altitudeSouthRaw": "800",
    "altitudeWestRaw": "X",
    "altitudeEastRaw": "X",
    "altitudeNorthFt": 1200,
    "altitudeSouthFt": 800,
    "altitudeWestFt": null,
    "altitudeEastFt": null
   },
   "geometry": {
    "coordinates": [
     [
      [
       34.7569444,
       31.8719444
      ],
      [
       34.7558333,
       31.8897222
      ]
     ]
    ],
    "type": "MultiLineString"
   }
  },
  {
   "type": "Feature",
   "properties": {
    "code": "YOTVTKTORA",
    "firstWaypoint": "YOTVT",
    "secondWaypoint": "KTORA",
    "nameEn": "Yotveta-Tzomet Ktora",
    "nameHe": "יטבתה -צומת קטורה",
    "military": "CIVIL",
    "byRequest": "OPEN",
    "curved": "V",
    "mapSheet": "S",
    "lengthNm": 5.543659,
    "magneticTrack": "X",
    "backTrack": "X",
    "altitudeNorthRaw": "3000",
    "altitudeSouthRaw": "2500",
    "altitudeWestRaw": "X",
    "altitudeEastRaw": "X",
    "altitudeNorthFt": 3000,
    "altitudeSouthFt": 2500,
    "altitudeWestFt": null,
    "altitudeEastFt": null
   },
   "geometry": {
    "coordinates": [
     [
      [
       35.0763889,
       29.9894444
      ],
      [
       35.069357,
       29.9818484
      ],
      [
       35.0633349,
       29.9661317
      ],
      [
       35.0605113,
       29.9543546
      ],
      [
       35.0590245,
       29.9411552
      ],
      [
       35.0613788,
       29.9276991
      ],
      [
       35.0620616,
       29.9263512
      ],
      [
       35.0633341,
       29.9150087
      ],
      [
       35.0649013,
       29.9092956
      ],
      [
       35.0672222,
       29.9008333
      ]
     ]
    ],
    "type": "MultiLineString"
   }
  },
  {
   "type": "Feature",
   "properties": {
    "code": "YOTVTSHRUT",
    "firstWaypoint": "YOTVT",
    "secondWaypoint": "SHRUT",
    "nameEn": "Yotvata-Shaharot",
    "nameHe": "יוטבתה-שחרות",
    "military": "CIVIL",
    "byRequest": "OPEN",
    "curved": null,
    "mapSheet": "S",
    "lengthNm": 3.355893,
    "magneticTrack": "272",
    "backTrack": "92",
    "altitudeNorthRaw": "X",
    "altitudeSouthRaw": "X",
    "altitudeWestRaw": "3000",
    "altitudeEastRaw": "2500",
    "altitudeNorthFt": null,
    "altitudeSouthFt": null,
    "altitudeWestFt": 3000,
    "altitudeEastFt": 2500
   },
   "geometry": {
    "coordinates": [
     [
      [
       35.0033333,
       29.9078333
      ],
      [
       35.0672222,
       29.9008333
      ]
     ]
    ],
    "type": "MultiLineString"
   }
  },
  {
   "type": "Feature",
   "properties": {
    "code": "YRIHODUMIM",
    "firstWaypoint": "YRIHO",
    "secondWaypoint": "DUMIM",
    "nameEn": "mizpe yeriho-Kfar Edomim",
    "nameHe": "מצפה יריחו-כפר אדומים",
    "military": "CIVIL",
    "byRequest": "OPEN",
    "curved": null,
    "mapSheet": "N",
    "lengthNm": 3.340411,
    "magneticTrack": "286",
    "backTrack": "66",
    "altitudeNorthRaw": "X",
    "altitudeSouthRaw": "X",
    "altitudeWestRaw": "4000",
    "altitudeEastRaw": "3500",
    "altitudeNorthFt": null,
    "altitudeSouthFt": null,
    "altitudeWestFt": 4000,
    "altitudeEastFt": 3500
   },
   "geometry": {
    "coordinates": [
     [
      [
       35.3875,
       31.8194444
      ],
      [
       35.3247222,
       31.8038889
      ]
     ]
    ],
    "type": "MultiLineString"
   }
  },
  {
   "type": "Feature",
   "properties": {
    "code": "YRIHOMIHMS",
    "firstWaypoint": "YRIHO",
    "secondWaypoint": "MIHMS",
    "nameEn": "mizpe yeriho- malle mihmash",
    "nameHe": "מצפה יריחו- מעלה מכמש",
    "military": "CIVIL",
    "byRequest": "OPEN",
    "curved": null,
    "mapSheet": "N",
    "lengthNm": 3.630983,
    "magneticTrack": "298.9851",
    "backTrack": "118.9851",
    "altitudeNorthRaw": "4000/5000",
    "altitudeSouthRaw": "3500",
    "altitudeWestRaw": "X",
    "altitudeEastRaw": "X",
    "altitudeNorthFt": null,
    "altitudeSouthFt": 3500,
    "altitudeWestFt": null,
    "altitudeEastFt": null
   },
   "geometry": {
    "coordinates": [
     [
      [
       35.3875,
       31.8194444
      ],
      [
       35.3294444,
       31.8544444
      ]
     ]
    ],
    "type": "MultiLineString"
   }
  },
  {
   "type": "Feature",
   "properties": {
    "code": "YRUHMDIMON",
    "firstWaypoint": "YRUHM",
    "secondWaypoint": "DIMON",
    "nameEn": "Yeruham-Dimona",
    "nameHe": "ירוחם-דימונה",
    "military": "CIVIL",
    "byRequest": "OPEN",
    "curved": "V",
    "mapSheet": "S",
    "lengthNm": 7.107797,
    "magneticTrack": "X",
    "backTrack": "X",
    "altitudeNorthRaw": "4000",
    "altitudeSouthRaw": "3500",
    "altitudeWestRaw": "X",
    "altitudeEastRaw": "X",
    "altitudeNorthFt": 4000,
    "altitudeSouthFt": 3500,
    "altitudeWestFt": null,
    "altitudeEastFt": null
   },
   "geometry": {
    "coordinates": [
     [
      [
       35.0058333,
       31.0677778
      ],
      [
       34.9963143,
       31.0529172
      ],
      [
       34.9856721,
       31.0477353
      ],
      [
       34.9418496,
       30.9974216
      ],
      [
       34.9208078,
       30.9951129
      ],
      [
       34.9108333,
       30.9897222
      ]
     ]
    ],
    "type": "MultiLineString"
   }
  },
  {
   "type": "Feature",
   "properties": {
    "code": "YRUHMNEGEV",
    "firstWaypoint": "YRUHM",
    "secondWaypoint": "NEGEV",
    "nameEn": "Yeruham-Tzomet Hanegev",
    "nameHe": "ירוחם-צומת הנגב",
    "military": "CIVIL",
    "byRequest": "BR",
    "curved": null,
    "mapSheet": "S",
    "lengthNm": 5.911103,
    "magneticTrack": "333",
    "backTrack": "136",
    "altitudeNorthRaw": "4000",
    "altitudeSouthRaw": "3500",
    "altitudeWestRaw": "X",
    "altitudeEastRaw": "X",
    "altitudeNorthFt": 4000,
    "altitudeSouthFt": 3500,
    "altitudeWestFt": null,
    "altitudeEastFt": null
   },
   "geometry": {
    "coordinates": [
     [
      [
       34.8380556,
       31.0661111
      ],
      [
       34.9108333,
       30.9897222
      ]
     ]
    ],
    "type": "MultiLineString"
   }
  },
  {
   "type": "Feature",
   "properties": {
    "code": "ZAFITDIMON",
    "firstWaypoint": "ZAFIT",
    "secondWaypoint": "DIMON",
    "nameEn": "Tzomet Tzafit-Dimona",
    "nameHe": "צומת צפית-דימונה",
    "military": "MIL",
    "byRequest": "BR",
    "curved": null,
    "mapSheet": "S",
    "lengthNm": 10.149951,
    "magneticTrack": "270.51866",
    "backTrack": "108",
    "altitudeNorthRaw": "X",
    "altitudeSouthRaw": "X",
    "altitudeWestRaw": "4000",
    "altitudeEastRaw": "3500",
    "altitudeNorthFt": null,
    "altitudeSouthFt": null,
    "altitudeWestFt": 4000,
    "altitudeEastFt": 3500
   },
   "geometry": {
    "coordinates": [
     [
      [
       35.1997222,
       31.0425
      ],
      [
       35.0262984,
       31.0597991
      ],
      [
       35.0058333,
       31.0677778
      ]
     ]
    ],
    "type": "MultiLineString"
   }
  },
  {
   "type": "Feature",
   "properties": {
    "code": "ZALMNDESHE",
    "firstWaypoint": "ZALMN",
    "secondWaypoint": "DESHE",
    "nameEn": "Zalmon-Karey Deshe",
    "nameHe": "צלמון- כרי דשא",
    "military": "CIVIL",
    "byRequest": "OPEN",
    "curved": null,
    "mapSheet": "N",
    "lengthNm": 6.185216,
    "magneticTrack": "76",
    "backTrack": "256",
    "altitudeNorthRaw": "X",
    "altitudeSouthRaw": "X",
    "altitudeWestRaw": "3000",
    "altitudeEastRaw": "2500",
    "altitudeNorthFt": null,
    "altitudeSouthFt": null,
    "altitudeWestFt": 3000,
    "altitudeEastFt": 2500
   },
   "geometry": {
    "coordinates": [
     [
      [
       35.5325,
       32.87
      ],
      [
       35.4116667,
       32.8533333
      ]
     ]
    ],
    "type": "MultiLineString"
   }
  },
  {
   "type": "Feature",
   "properties": {
    "code": "ZASHDMEHOL",
    "firstWaypoint": "ZASHD",
    "secondWaypoint": "MEHOL",
    "nameEn": null,
    "nameHe": "צומת אשדוד-משולש חולות",
    "military": "MIL",
    "byRequest": "BR",
    "curved": null,
    "mapSheet": "N",
    "lengthNm": 8.549155,
    "magneticTrack": "13.55483",
    "backTrack": "193.5548",
    "altitudeNorthRaw": "1200",
    "altitudeSouthRaw": "800",
    "altitudeWestRaw": null,
    "altitudeEastRaw": null,
    "altitudeNorthFt": 1200,
    "altitudeSouthFt": 800,
    "altitudeWestFt": null,
    "altitudeEastFt": null
   },
   "geometry": {
    "coordinates": [
     [
      [
       34.7083333,
       31.8261111
      ],
      [
       34.7641667,
       31.9608333
      ]
     ]
    ],
    "type": "MultiLineString"
   }
  },
  {
   "type": "Feature",
   "properties": {
    "code": "ZASHDNMASD",
    "firstWaypoint": "ZASHD",
    "secondWaypoint": "NMASD",
    "nameEn": "Tzomet Ashdod/Bney Darom-Namal Ashdod",
    "nameHe": "צומת אשדוד/בני דרום-נמל אשדוד",
    "military": "CIVIL",
    "byRequest": "OPEN",
    "curved": null,
    "mapSheet": "N",
    "lengthNm": 4.264134,
    "magneticTrack": "273",
    "backTrack": "93",
    "altitudeNorthRaw": "X",
    "altitudeSouthRaw": "X",
    "altitudeWestRaw": "800",
    "altitudeEastRaw": "1200",
    "altitudeNorthFt": null,
    "altitudeSouthFt": null,
    "altitudeWestFt": 800,
    "altitudeEastFt": 1200
   },
   "geometry": {
    "coordinates": [
     [
      [
       34.6248967,
       31.8329132
      ],
      [
       34.7083333,
       31.8261111
      ]
     ]
    ],
    "type": "MultiLineString"
   }
  },
  {
   "type": "Feature",
   "properties": {
    "code": "ZASHDYAVNE",
    "firstWaypoint": "ZASHD",
    "secondWaypoint": "YAVNE",
    "nameEn": "Tzomet Ashdod/Bney Darom-Yavne East",
    "nameHe": "צומת אשדוד - יבנה מזרח",
    "military": "CIVIL",
    "byRequest": "OPEN",
    "curved": null,
    "mapSheet": "N",
    "lengthNm": 3.698857,
    "magneticTrack": "216",
    "backTrack": "36",
    "altitudeNorthRaw": "1200",
    "altitudeSouthRaw": "800",
    "altitudeWestRaw": "X",
    "altitudeEastRaw": "X",
    "altitudeNorthFt": 1200,
    "altitudeSouthFt": 800,
    "altitudeWestFt": null,
    "altitudeEastFt": null
   },
   "geometry": {
    "coordinates": [
     [
      [
       34.7569444,
       31.8719444
      ],
      [
       34.7083333,
       31.8261111
      ]
     ]
    ],
    "type": "MultiLineString"
   }
  },
  {
   "type": "Feature",
   "properties": {
    "code": "ZDAFANMASD",
    "firstWaypoint": "ZDAFA",
    "secondWaypoint": "NMASD",
    "nameEn": "Tzdafa-Namal Ashdod",
    "nameHe": "צדפה-נמל אשדוד",
    "military": "CIVIL",
    "byRequest": "OPEN",
    "curved": null,
    "mapSheet": "N",
    "lengthNm": 3.359767,
    "magneticTrack": "17",
    "backTrack": "197",
    "altitudeNorthRaw": "1200",
    "altitudeSouthRaw": "800",
    "altitudeWestRaw": "X",
    "altitudeEastRaw": "X",
    "altitudeNorthFt": 1200,
    "altitudeSouthFt": 800,
    "altitudeWestFt": null,
    "altitudeEastFt": null
   },
   "geometry": {
    "coordinates": [
     [
      [
       34.6252778,
       31.8333333
      ],
      [
       34.5996079,
       31.7816279
      ]
     ]
    ],
    "type": "MultiLineString"
   }
  },
  {
   "type": "Feature",
   "properties": {
    "code": "ZDAFAOSNAT",
    "firstWaypoint": "ZDAFA",
    "secondWaypoint": "OSNAT",
    "nameEn": "Tzdafa-Osnat",
    "nameHe": "צדפה-אסנת",
    "military": "MIL",
    "byRequest": "BR",
    "curved": null,
    "mapSheet": "N",
    "lengthNm": 4.95857,
    "magneticTrack": "302",
    "backTrack": "X",
    "altitudeNorthRaw": "1600",
    "altitudeSouthRaw": "2000",
    "altitudeWestRaw": "X",
    "altitudeEastRaw": "X",
    "altitudeNorthFt": 1600,
    "altitudeSouthFt": 2000,
    "altitudeWestFt": null,
    "altitudeEastFt": null
   },
   "geometry": {
    "coordinates": [
     [
      [
       34.5996833,
       31.7816
      ],
      [
       34.5233333,
       31.8327778
      ]
     ]
    ],
    "type": "MultiLineString"
   }
  },
  {
   "type": "Feature",
   "properties": {
    "code": "ZGOALZLHAV",
    "firstWaypoint": "ZGOAL",
    "secondWaypoint": "ZLHAV",
    "nameEn": "ZGOAL-Tzomet Lehavim",
    "nameHe": "גורל- צומת להבים",
    "military": "CIVIL",
    "byRequest": "OPEN",
    "curved": "V",
    "mapSheet": "S",
    "lengthNm": 3.652004,
    "magneticTrack": "359",
    "backTrack": "179",
    "altitudeNorthRaw": "3500",
    "altitudeSouthRaw": "3000",
    "altitudeWestRaw": "X",
    "altitudeEastRaw": "X",
    "altitudeNorthFt": 3500,
    "altitudeSouthFt": 3000,
    "altitudeWestFt": null,
    "altitudeEastFt": null
   },
   "geometry": {
    "coordinates": [
     [
      [
       34.7877778,
       31.3127778
      ],
      [
       34.785688,
       31.3287262
      ],
      [
       34.7887684,
       31.3411923
      ],
      [
       34.7937844,
       31.3566489
      ],
      [
       34.7952883,
       31.3608739
      ],
      [
       34.7952489,
       31.3643556
      ],
      [
       34.7933333,
       31.3725
      ]
     ]
    ],
    "type": "MultiLineString"
   }
  },
  {
   "type": "Feature",
   "properties": {
    "code": "ZHRYABSEMS",
    "firstWaypoint": "ZHRYA",
    "secondWaypoint": "BSEMS",
    "nameEn": "Zcharia-Beit Shemesh",
    "nameHe": "זכריה-בית שמש",
    "military": "CIVIL",
    "byRequest": "OPEN",
    "curved": "V",
    "mapSheet": "N",
    "lengthNm": 3.950382,
    "magneticTrack": "X",
    "backTrack": "X",
    "altitudeNorthRaw": "3000",
    "altitudeSouthRaw": "2500",
    "altitudeWestRaw": "X",
    "altitudeEastRaw": "X",
    "altitudeNorthFt": 3000,
    "altitudeSouthFt": 2500,
    "altitudeWestFt": null,
    "altitudeEastFt": null
   },
   "geometry": {
    "coordinates": [
     [
      [
       34.945,
       31.6997222
      ],
      [
       34.9600365,
       31.7066464
      ],
      [
       34.9813889,
       31.7547222
      ]
     ]
    ],
    "type": "MultiLineString"
   }
  },
  {
   "type": "Feature",
   "properties": {
    "code": "ZLHAVBKAMA",
    "firstWaypoint": "ZLHAV",
    "secondWaypoint": "BKAMA",
    "nameEn": "Tzomet Lehavim-Beit Kama",
    "nameHe": "צומת להבים-בית קמה",
    "military": "CIVIL",
    "byRequest": "OPEN",
    "curved": null,
    "mapSheet": "S",
    "lengthNm": 4.540462,
    "magneticTrack": "346",
    "backTrack": "166",
    "altitudeNorthRaw": "3500",
    "altitudeSouthRaw": "3000",
    "altitudeWestRaw": "X",
    "altitudeEastRaw": "X",
    "altitudeNorthFt": 3500,
    "altitudeSouthFt": 3000,
    "altitudeWestFt": null,
    "altitudeEastFt": null
   },
   "geometry": {
    "coordinates": [
     [
      [
       34.7933333,
       31.3725
      ],
      [
       34.7831652,
       31.42574
      ],
      [
       34.7655556,
       31.4416667
      ]
     ]
    ],
    "type": "MultiLineString"
   }
  },
  {
   "type": "Feature",
   "properties": {
    "code": "ZMGENTZHOT",
    "firstWaypoint": "ZMGEN",
    "secondWaypoint": "TZHOT",
    "nameEn": "Tzomet Magen-Urim",
    "nameHe": "צומת מגן-צלחות",
    "military": "MIL",
    "byRequest": "BR",
    "curved": null,
    "mapSheet": "N/S",
    "lengthNm": 5.07628,
    "magneticTrack": "76",
    "backTrack": "256",
    "altitudeNorthRaw": "X",
    "altitudeSouthRaw": "X",
    "altitudeWestRaw": "2000",
    "altitudeEastRaw": "2000",
    "altitudeNorthFt": null,
    "altitudeSouthFt": null,
    "altitudeWestFt": 2000,
    "altitudeEastFt": 2000
   },
   "geometry": {
    "coordinates": [
     [
      [
       34.4322222,
       31.2938889
      ],
      [
       34.5297222,
       31.3077778
      ]
     ]
    ],
    "type": "MultiLineString"
   }
  },
  {
   "type": "Feature",
   "properties": {
    "code": "ZMGIDAFULA",
    "firstWaypoint": "ZMGID",
    "secondWaypoint": "AFULA",
    "nameEn": "Tzomet Megido-Tzomet Afula",
    "nameHe": "צומת מגידו-צומת עפולה",
    "military": "CIVIL",
    "byRequest": "OPEN",
    "curved": null,
    "mapSheet": "N",
    "lengthNm": 4.958353,
    "magneticTrack": "63",
    "backTrack": "243",
    "altitudeNorthRaw": "2500",
    "altitudeSouthRaw": "3000",
    "altitudeWestRaw": "X",
    "altitudeEastRaw": "X",
    "altitudeNorthFt": 2500,
    "altitudeSouthFt": 3000,
    "altitudeWestFt": null,
    "altitudeEastFt": null
   },
   "geometry": {
    "coordinates": [
     [
      [
       35.1911111,
       32.5727778
      ],
      [
       35.2819444,
       32.6036111
      ]
     ]
    ],
    "type": "MultiLineString"
   }
  },
  {
   "type": "Feature",
   "properties": {
    "code": "ZMGIDLLRD",
    "firstWaypoint": "ZMGID",
    "secondWaypoint": "LLRD",
    "nameEn": "Tzomet Megido-Ramat David",
    "nameHe": "צומת מגידו-רמת דוד",
    "military": "MIL",
    "byRequest": "BR",
    "curved": null,
    "mapSheet": "N",
    "lengthNm": 5.632674,
    "magneticTrack": "170",
    "backTrack": "X",
    "altitudeNorthRaw": "X",
    "altitudeSouthRaw": "3000",
    "altitudeWestRaw": "X",
    "altitudeEastRaw": "X",
    "altitudeNorthFt": null,
    "altitudeSouthFt": 3000,
    "altitudeWestFt": null,
    "altitudeEastFt": null
   },
   "geometry": {
    "coordinates": [
     [
      [
       35.1833333,
       32.6666667
      ],
      [
       35.1911111,
       32.5727778
      ]
     ]
    ],
    "type": "MultiLineString"
   }
  },
  {
   "type": "Feature",
   "properties": {
    "code": "ZOFARHAZVA",
    "firstWaypoint": "ZOFAR",
    "secondWaypoint": "HAZVA",
    "nameEn": "Zofar-Hazeva",
    "nameHe": "צופר-חצבה",
    "military": "CIVIL",
    "byRequest": "OPEN",
    "curved": null,
    "mapSheet": "S",
    "lengthNm": 13.036469,
    "magneticTrack": "6",
    "backTrack": "186",
    "altitudeNorthRaw": "4000",
    "altitudeSouthRaw": "3500",
    "altitudeWestRaw": "X",
    "altitudeEastRaw": "X",
    "altitudeNorthFt": 4000,
    "altitudeSouthFt": 3500,
    "altitudeWestFt": null,
    "altitudeEastFt": null
   },
   "geometry": {
    "coordinates": [
     [
      [
       35.1866667,
       30.5597222
      ],
      [
       35.2363889,
       30.7733333
      ]
     ]
    ],
    "type": "MultiLineString"
   }
  },
  {
   "type": "Feature",
   "properties": {
    "code": "ZOFARHRGVS",
    "firstWaypoint": "ZOFAR",
    "secondWaypoint": "HRGVS",
    "nameEn": "Zofar-Har Geves",
    "nameHe": "צופר-הר גבס",
    "military": "CIVIL",
    "byRequest": "OPEN",
    "curved": null,
    "mapSheet": "S",
    "lengthNm": 12.816587,
    "magneticTrack": "282",
    "backTrack": "102",
    "altitudeNorthRaw": "X",
    "altitudeSouthRaw": "X",
    "altitudeWestRaw": "4500",
    "altitudeEastRaw": "3500",
    "altitudeNorthFt": null,
    "altitudeSouthFt": null,
    "altitudeWestFt": 4500,
    "altitudeEastFt": 3500
   },
   "geometry": {
    "coordinates": [
     [
      [
       35.1866667,
       30.5597222
      ],
      [
       34.95,
       30.6227778
      ]
     ]
    ],
    "type": "MultiLineString"
   }
  },
  {
   "type": "Feature",
   "properties": {
    "code": "ZOHARHATRU",
    "firstWaypoint": "ZOHAR",
    "secondWaypoint": "HATRU",
    "nameEn": "Neve Zohar-Tzomet Hatrurim",
    "nameHe": "נווה זוהר-צומת חתרורים",
    "military": "CIVIL",
    "byRequest": "OPEN",
    "curved": null,
    "mapSheet": "S",
    "lengthNm": 7.575226,
    "magneticTrack": "297",
    "backTrack": "117",
    "altitudeNorthRaw": "X",
    "altitudeSouthRaw": "X",
    "altitudeWestRaw": "4000",
    "altitudeEastRaw": "3500",
    "altitudeNorthFt": null,
    "altitudeSouthFt": null,
    "altitudeWestFt": 4000,
    "altitudeEastFt": 3500
   },
   "geometry": {
    "coordinates": [
     [
      [
       35.2483333,
       31.2188889
      ],
      [
       35.3725,
       31.1508333
      ]
     ]
    ],
    "type": "MultiLineString"
   }
  },
  {
   "type": "Feature",
   "properties": {
    "code": "ZOHARMMORR",
    "firstWaypoint": "ZOHAR",
    "secondWaypoint": "MMORR",
    "nameEn": "Neve Zohar-Mor",
    "nameHe": "נווה זוהר-מור",
    "military": "CIVIL",
    "byRequest": "OPEN",
    "curved": null,
    "mapSheet": "S",
    "lengthNm": 6.203718,
    "magneticTrack": "353",
    "backTrack": "173",
    "altitudeNorthRaw": "4000",
    "altitudeSouthRaw": "3500",
    "altitudeWestRaw": "X",
    "altitudeEastRaw": "X",
    "altitudeNorthFt": 4000,
    "altitudeSouthFt": 3500,
    "altitudeWestFt": null,
    "altitudeEastFt": null
   },
   "geometry": {
    "coordinates": [
     [
      [
       35.3725,
       31.1508333
      ],
      [
       35.3683333,
       31.2544444
      ]
     ]
    ],
    "type": "MultiLineString"
   }
  },
  {
   "type": "Feature",
   "properties": {
    "code": "ZOREADALIA",
    "firstWaypoint": "ZOREA",
    "secondWaypoint": "DALIA",
    "nameEn": "Dalia-Hazorea",
    "nameHe": "דליה-הזורע",
    "military": "MIL",
    "byRequest": "OPEN",
    "curved": null,
    "mapSheet": "N",
    "lengthNm": 3.549354,
    "magneticTrack": "206",
    "backTrack": "X",
    "altitudeNorthRaw": "X",
    "altitudeSouthRaw": "2000",
    "altitudeWestRaw": "X",
    "altitudeEastRaw": "X",
    "altitudeNorthFt": null,
    "altitudeSouthFt": 2000,
    "altitudeWestFt": null,
    "altitudeEastFt": null
   },
   "geometry": {
    "coordinates": [
     [
      [
       35.1188889,
       32.6480556
      ],
      [
       35.0833333,
       32.5969444
      ]
     ]
    ],
    "type": "MultiLineString"
   }
  },
  {
   "type": "Feature",
   "properties": {
    "code": "ZOREALLRD",
    "firstWaypoint": "ZOREA",
    "secondWaypoint": "LLRD",
    "nameEn": "Hazorea-Ramat David",
    "nameHe": "הזורע-רמת דוד",
    "military": "MIL",
    "byRequest": "OPEN",
    "curved": null,
    "mapSheet": "N",
    "lengthNm": 3.447398,
    "magneticTrack": "66",
    "backTrack": "246",
    "altitudeNorthRaw": "X",
    "altitudeSouthRaw": "X",
    "altitudeWestRaw": "2000",
    "altitudeEastRaw": "X",
    "altitudeNorthFt": null,
    "altitudeSouthFt": null,
    "altitudeWestFt": 2000,
    "altitudeEastFt": null
   },
   "geometry": {
    "coordinates": [
     [
      [
       35.1188889,
       32.6480556
      ],
      [
       35.1833333,
       32.6666667
      ]
     ]
    ],
    "type": "MultiLineString"
   }
  },
  {
   "type": "Feature",
   "properties": {
    "code": "ZRANAGNYAM",
    "firstWaypoint": "ZRANA",
    "secondWaypoint": "GNYAM",
    "nameEn": "Raanana Centaer-Ganey Am",
    "nameHe": "רעננה מרכז-גני עם",
    "military": "CIVIL",
    "byRequest": "BR",
    "curved": null,
    "mapSheet": "N",
    "lengthNm": 1.644663,
    "magneticTrack": "162.589917",
    "backTrack": "X",
    "altitudeNorthRaw": "X",
    "altitudeSouthRaw": "1200",
    "altitudeWestRaw": "X",
    "altitudeEastRaw": "X",
    "altitudeNorthFt": null,
    "altitudeSouthFt": 1200,
    "altitudeWestFt": null,
    "altitudeEastFt": null
   },
   "geometry": {
    "coordinates": [
     [
      [
       34.8877778,
       32.1772222
      ],
      [
       34.8941667,
       32.1502778
      ]
     ]
    ],
    "type": "MultiLineString"
   }
  },
  {
   "type": "Feature",
   "properties": {
    "code": "ZUKIMALMOG",
    "firstWaypoint": "ZUKIM",
    "secondWaypoint": "ALMOG",
    "nameEn": "Eynot Zukim-Almog",
    "nameHe": "עינות צוקים-אלמוג",
    "military": "CIVIL",
    "byRequest": "OPEN",
    "curved": "V",
    "mapSheet": "N",
    "lengthNm": 4.569386,
    "magneticTrack": "X",
    "backTrack": "X",
    "altitudeNorthRaw": "4000",
    "altitudeSouthRaw": "3500",
    "altitudeWestRaw": "X",
    "altitudeEastRaw": "X",
    "altitudeNorthFt": 4000,
    "altitudeSouthFt": 3500,
    "altitudeWestFt": null,
    "altitudeEastFt": null
   },
   "geometry": {
    "coordinates": [
     [
      [
       35.4497222,
       31.7161111
      ],
      [
       35.4635382,
       31.7449237
      ],
      [
       35.4563889,
       31.7897222
      ]
     ]
    ],
    "type": "MultiLineString"
   }
  },
  {
   "type": "Feature",
   "properties": {
    "code": "ZURIMBEZRA",
    "firstWaypoint": "ZURIM",
    "secondWaypoint": "BEZRA",
    "nameEn": "Nir Banim-Beit Ezra",
    "nameHe": "עין צורים-בית עזרא",
    "military": "MIL",
    "byRequest": "OPEN",
    "curved": null,
    "mapSheet": "N",
    "lengthNm": 4.262039,
    "magneticTrack": "298.0312",
    "backTrack": "118",
    "altitudeNorthRaw": "X",
    "altitudeSouthRaw": "X",
    "altitudeWestRaw": "2000",
    "altitudeEastRaw": "1500",
    "altitudeNorthFt": null,
    "altitudeSouthFt": null,
    "altitudeWestFt": 2000,
    "altitudeEastFt": 1500
   },
   "geometry": {
    "coordinates": [
     [
      [
       34.715,
       31.7016667
      ],
      [
       34.6458333,
       31.7414167
      ]
     ]
    ],
    "type": "MultiLineString"
   }
  },
  {
   "type": "Feature",
   "properties": {
    "code": "ZURIMLLHS",
    "firstWaypoint": "ZURIM",
    "secondWaypoint": "LLHS",
    "nameEn": "Nir Banim-Hazor",
    "nameHe": "עין צורים-חצור",
    "military": "MIL",
    "byRequest": "OPEN",
    "curved": "V",
    "mapSheet": "N",
    "lengthNm": 3.382088,
    "magneticTrack": "X",
    "backTrack": null,
    "altitudeNorthRaw": "2000",
    "altitudeSouthRaw": "1500",
    "altitudeWestRaw": "X",
    "altitudeEastRaw": "X",
    "altitudeNorthFt": 2000,
    "altitudeSouthFt": 1500,
    "altitudeWestFt": null,
    "altitudeEastFt": null
   },
   "geometry": {
    "coordinates": [
     [
      [
       34.715,
       31.7016667
      ],
      [
       34.7230556,
       31.7577778
      ]
     ]
    ],
    "type": "MultiLineString"
   }
  },
  {
   "type": "Feature",
   "properties": {
    "code": "ZZHORBMNUH",
    "firstWaypoint": "ZZHOR",
    "secondWaypoint": "BMNUH",
    "nameEn": "Tzomet Tzihor - Beer Menuha",
    "nameHe": "ציחור-באר מנוחה",
    "military": "MIL",
    "byRequest": "BR",
    "curved": "V",
    "mapSheet": "S",
    "lengthNm": 6.257917,
    "magneticTrack": "X",
    "backTrack": "X",
    "altitudeNorthRaw": "X",
    "altitudeSouthRaw": "X",
    "altitudeWestRaw": "4000",
    "altitudeEastRaw": "3000",
    "altitudeNorthFt": null,
    "altitudeSouthFt": null,
    "altitudeWestFt": 4000,
    "altitudeEastFt": 3000
   },
   "geometry": {
    "coordinates": [
     [
      [
       35.02,
       30.2766667
      ],
      [
       35.026824,
       30.2789903
      ],
      [
       35.0486847,
       30.2784375
      ],
      [
       35.069149,
       30.283844
      ],
      [
       35.0800355,
       30.2894339
      ],
      [
       35.1007813,
       30.2905006
      ],
      [
       35.1341667,
       30.3033333
      ]
     ]
    ],
    "type": "MultiLineString"
   }
  },
  {
   "type": "Feature",
   "properties": {
    "code": "ZZHORMESAR",
    "firstWaypoint": "ZZHOR",
    "secondWaypoint": "MESAR",
    "nameEn": "Tzomet Tzihor-Maale Meishar",
    "nameHe": "צומת ציחור-מעלה מישר",
    "military": "CIVIL",
    "byRequest": "BR",
    "curved": "V",
    "mapSheet": "S",
    "lengthNm": 15.07443,
    "magneticTrack": "X",
    "backTrack": "X",
    "altitudeNorthRaw": "4000",
    "altitudeSouthRaw": "3000",
    "altitudeWestRaw": "X",
    "altitudeEastRaw": "X",
    "altitudeNorthFt": 4000,
    "altitudeSouthFt": 3000,
    "altitudeWestFt": null,
    "altitudeEastFt": null
   },
   "geometry": {
    "coordinates": [
     [
      [
       35.02,
       30.2766667
      ],
      [
       35.0033388,
       30.2820808
      ],
      [
       34.9840701,
       30.2904425
      ],
      [
       34.9634297,
       30.3149582
      ],
      [
       34.9436111,
       30.5016667
      ]
     ]
    ],
    "type": "MultiLineString"
   }
  }
 ]
}
