{
 "type": "FeatureCollection",
 "features": [
  {
   "type": "Feature",
   "properties": {
    "code": "LLD101",
    "nameHe": "בראשית 101",
    "nameEn": "Bereshit 101",
    "zoneTypeCode": "AIP_DANGER",
    "floorAmslFt": 0,
    "ceilingAmslFt": 4000,
    "aglCeilingFt": null,
    "notes": "not in א'-17 appendix ב' — source: gdb only (A17 flag X) | gdb editor stamp: AMI 2023-04-24T00:00:00.000"
   },
   "geometry": {
    "coordinates": [
     [
      [
       [
        35.228648,
        31.7125719
       ],
       [
        35.2063241,
        31.6981949
       ],
       [
        35.1859128,
        31.6921928
       ],
       [
        35.1861789,
        31.7273154
       ],
       [
        35.20813,
        31.7252187
       ],
       [
        35.228648,
        31.7125719
       ]
      ]
     ]
    ],
    "type": "MultiPolygon"
   }
  },
  {
   "type": "Feature",
   "properties": {
    "code": "LLD102",
    "nameHe": "בראשית 102",
    "nameEn": "Bereshit 102",
    "zoneTypeCode": "AIP_DANGER",
    "floorAmslFt": 0,
    "ceilingAmslFt": 4000,
    "aglCeilingFt": null,
    "notes": "not in א'-17 appendix ב' — source: gdb only (A17 flag X) | gdb editor stamp: AMI 2023-04-24T00:00:00.000"
   },
   "geometry": {
    "coordinates": [
     [
      [
       [
        35.1837993,
        31.7263408
       ],
       [
        35.1841,
        31.6816833
       ],
       [
        35.1569667,
        31.6634667
       ],
       [
        35.0942207,
        31.6937066
       ],
       [
        35.1117219,
        31.7160297
       ],
       [
        35.1597907,
        31.7422117
       ],
       [
        35.1787092,
        31.7272851
       ],
       [
        35.1837993,
        31.7263408
       ]
      ]
     ]
    ],
    "type": "MultiPolygon"
   }
  },
  {
   "type": "Feature",
   "properties": {
    "code": "LLD233",
    "nameHe": "בראשית 233",
    "nameEn": "Bereshit 233",
    "zoneTypeCode": "AIP_DANGER",
    "floorAmslFt": 0,
    "ceilingAmslFt": 4000,
    "aglCeilingFt": null,
    "notes": "not in א'-17 appendix ב' — source: gdb only (A17 flag X) | gdb editor stamp: AMI 2023-04-24T00:00:00.000"
   },
   "geometry": {
    "coordinates": [
     [
      [
       [
        35.3216012,
        31.878327
       ],
       [
        35.3215269,
        31.8384494
       ],
       [
        35.2814956,
        31.8182742
       ],
       [
        35.2603843,
        31.815949
       ],
       [
        35.2630743,
        31.8519242
       ],
       [
        35.3216012,
        31.878327
       ]
      ]
     ]
    ],
    "type": "MultiPolygon"
   }
  },
  {
   "type": "Feature",
   "properties": {
    "code": "LLD234",
    "nameHe": "בראשית 234",
    "nameEn": "Bereshit 234",
    "zoneTypeCode": "AIP_DANGER",
    "floorAmslFt": 0,
    "ceilingAmslFt": 4000,
    "aglCeilingFt": null,
    "notes": "not in א'-17 appendix ב' — source: gdb only (A17 flag X) | gdb editor stamp: AMI 2023-04-24T00:00:00.000"
   },
   "geometry": {
    "coordinates": [
     [
      [
       [
        35.3024258,
        31.8248317
       ],
       [
        35.3246163,
        31.8341042
       ],
       [
        35.3190734,
        31.8036649
       ],
       [
        35.3010825,
        31.7866236
       ],
       [
        35.2557736,
        31.7851476
       ],
       [
        35.2573755,
        31.8114257
       ],
       [
        35.2855143,
        31.8160854
       ],
       [
        35.3024258,
        31.8248317
       ]
      ]
     ]
    ],
    "type": "MultiPolygon"
   }
  },
  {
   "type": "Feature",
   "properties": {
    "code": "LLD235",
    "nameHe": "בראשית 235",
    "nameEn": "Bereshit 235",
    "zoneTypeCode": "AIP_DANGER",
    "floorAmslFt": 0,
    "ceilingAmslFt": 4000,
    "aglCeilingFt": null,
    "notes": "not in א'-17 appendix ב' — source: gdb only (A17 flag X) | gdb editor stamp: AMI 2023-04-24T00:00:00.000"
   },
   "geometry": {
    "coordinates": [
     [
      [
       [
        35.3043677,
        31.7433107
       ],
       [
        35.341222,
        31.7342391
       ],
       [
        35.3416865,
        31.7216312
       ],
       [
        35.3269502,
        31.7173196
       ],
       [
        35.3077854,
        31.7234906
       ],
       [
        35.2893272,
        31.7253508
       ],
       [
        35.2741828,
        31.717986
       ],
       [
        35.2628485,
        31.7248694
       ],
       [
        35.2562977,
        31.7356475
       ],
       [
        35.2623417,
        31.7499535
       ],
       [
        35.2553329,
        31.769861
       ],
       [
        35.2589709,
        31.7813213
       ],
       [
        35.2850844,
        31.7822056
       ],
       [
        35.3043677,
        31.7433107
       ]
      ]
     ]
    ],
    "type": "MultiPolygon"
   }
  },
  {
   "type": "Feature",
   "properties": {
    "code": "LLD236",
    "nameHe": "בראשית 236",
    "nameEn": "Bereshit 236",
    "zoneTypeCode": "AIP_DANGER",
    "floorAmslFt": 0,
    "ceilingAmslFt": 4000,
    "aglCeilingFt": null,
    "notes": "not in א'-17 appendix ב' — source: gdb only (A17 flag X) | gdb editor stamp: AMI 2023-04-24T00:00:00.000"
   },
   "geometry": {
    "coordinates": [
     [
      [
       [
        35.1875798,
        31.7550671
       ],
       [
        35.23425,
        31.7492667
       ],
       [
        35.2524361,
        31.7377403
       ],
       [
        35.2601504,
        31.7220203
       ],
       [
        35.2680566,
        31.7164417
       ],
       [
        35.2424149,
        31.7088775
       ],
       [
        35.2087238,
        31.7289384
       ],
       [
        35.1873629,
        31.7309788
       ],
       [
        35.1875798,
        31.7550671
       ]
      ]
     ]
    ],
    "type": "MultiPolygon"
   }
  },
  {
   "type": "Feature",
   "properties": {
    "code": "LLD237",
    "nameHe": "בראשית 237",
    "nameEn": "Bereshit 237",
    "zoneTypeCode": "AIP_DANGER",
    "floorAmslFt": 0,
    "ceilingAmslFt": 4000,
    "aglCeilingFt": null,
    "notes": "not in א'-17 appendix ב' — source: gdb only (A17 flag X) | gdb editor stamp: AMI 2023-04-24T00:00:00.000"
   },
   "geometry": {
    "coordinates": [
     [
      [
       [
        35.2201833,
        31.7883667
       ],
       [
        35.2204333,
        31.7884167
       ],
       [
        35.2557007,
        31.7828588
       ],
       [
        35.2522085,
        31.7701779
       ],
       [
        35.2582973,
        31.74955
       ],
       [
        35.2524361,
        31.7377403
       ],
       [
        35.23425,
        31.7492667
       ],
       [
        35.2169204,
        31.7520605
       ],
       [
        35.2199833,
        31.7880167
       ],
       [
        35.2201833,
        31.7883667
       ]
      ]
     ]
    ],
    "type": "MultiPolygon"
   }
  },
  {
   "type": "Feature",
   "properties": {
    "code": "LLD238",
    "nameHe": "בראשית 238",
    "nameEn": "Bereshit 238",
    "zoneTypeCode": "AIP_DANGER",
    "floorAmslFt": 0,
    "ceilingAmslFt": 4000,
    "aglCeilingFt": null,
    "notes": "not in א'-17 appendix ב' — source: gdb only (A17 flag X) | gdb editor stamp: AMI 2023-04-24T00:00:00.000"
   },
   "geometry": {
    "coordinates": [
     [
      [
       [
        35.2203667,
        31.7903333
       ],
       [
        35.2245174,
        31.8198881
       ],
       [
        35.2205914,
        31.8460933
       ],
       [
        35.2589601,
        31.849823
       ],
       [
        35.2529353,
        31.7853434
       ],
       [
        35.2203667,
        31.7903333
       ]
      ]
     ]
    ],
    "type": "MultiPolygon"
   }
  },
  {
   "type": "Feature",
   "properties": {
    "code": "LLD239",
    "nameHe": "בראשית 239",
    "nameEn": "Bereshit 239",
    "zoneTypeCode": "AIP_DANGER",
    "floorAmslFt": 0,
    "ceilingAmslFt": 4000,
    "aglCeilingFt": null,
    "notes": "not in א'-17 appendix ב' — source: gdb only (A17 flag X) | gdb editor stamp: AMI 2023-04-24T00:00:00.000"
   },
   "geometry": {
    "coordinates": [
     [
      [
       [
        35.1883272,
        31.8125142
       ],
       [
        35.2217518,
        31.8211117
       ],
       [
        35.2180803,
        31.7879503
       ],
       [
        35.2147158,
        31.7516966
       ],
       [
        35.1875798,
        31.7550671
       ],
       [
        35.1883272,
        31.8125142
       ]
      ]
     ]
    ],
    "type": "MultiPolygon"
   }
  },
  {
   "type": "Feature",
   "properties": {
    "code": "LLD240",
    "nameHe": "בראשית 240",
    "nameEn": "Bereshit 240",
    "zoneTypeCode": "AIP_DANGER",
    "floorAmslFt": 0,
    "ceilingAmslFt": 4000,
    "aglCeilingFt": null,
    "notes": "not in א'-17 appendix ב' — source: gdb only (A17 flag X) | gdb editor stamp: AMI 2023-04-24T00:00:00.000"
   },
   "geometry": {
    "coordinates": [
     [
      [
       [
        35.154118,
        31.8176186
       ],
       [
        35.1808242,
        31.8193824
       ],
       [
        35.1880898,
        31.814312
       ],
       [
        35.1222085,
        31.7860101
       ],
       [
        35.1069374,
        31.79618
       ],
       [
        35.1018495,
        31.8319682
       ],
       [
        35.1164393,
        31.8270562
       ],
       [
        35.127763,
        31.8381786
       ],
       [
        35.1385585,
        31.8335589
       ],
       [
        35.1399806,
        31.8225101
       ],
       [
        35.154118,
        31.8176186
       ]
      ]
     ]
    ],
    "type": "MultiPolygon"
   }
  },
  {
   "type": "Feature",
   "properties": {
    "code": "LLD241",
    "nameHe": "בראשית 241",
    "nameEn": "Bereshit 241",
    "zoneTypeCode": "AIP_DANGER",
    "floorAmslFt": 0,
    "ceilingAmslFt": 4000,
    "aglCeilingFt": null,
    "notes": "not in א'-17 appendix ב' — source: gdb only (A17 flag X) | gdb editor stamp: AMI 2023-04-24T00:00:00.000"
   },
   "geometry": {
    "coordinates": [
     [
      [
       [
        35.1858333,
        31.8117167
       ],
       [
        35.1847655,
        31.7663418
       ],
       [
        35.1336195,
        31.7659205
       ],
       [
        35.1229714,
        31.7839963
       ],
       [
        35.1858333,
        31.8117167
       ]
      ]
     ]
    ],
    "type": "MultiPolygon"
   }
  },
  {
   "type": "Feature",
   "properties": {
    "code": "LLD242",
    "nameHe": "בראשית 242",
    "nameEn": "Bereshit 242",
    "zoneTypeCode": "AIP_DANGER",
    "floorAmslFt": 0,
    "ceilingAmslFt": 4000,
    "aglCeilingFt": null,
    "notes": "not in א'-17 appendix ב' — source: gdb only (A17 flag X) | gdb editor stamp: AMI 2023-04-24T00:00:00.000"
   },
   "geometry": {
    "coordinates": [
     [
      [
       [
        35.1322668,
        31.7642987
       ],
       [
        35.1876985,
        31.7642055
       ],
       [
        35.1873629,
        31.7309788
       ],
       [
        35.1802381,
        31.7314561
       ],
       [
        35.1607017,
        31.7468528
       ],
       [
        35.1469175,
        31.7394793
       ],
       [
        35.1322668,
        31.7642987
       ]
      ]
     ]
    ],
    "type": "MultiPolygon"
   }
  },
  {
   "type": "Feature",
   "properties": {
    "code": "LLD28",
    "nameHe": "גליל הצנחה חוף התמרים",
    "nameEn": "HOF HATMARIM Parachuting",
    "zoneTypeCode": "AIP_DANGER",
    "floorAmslFt": 0,
    "ceilingAmslFt": 14000,
    "aglCeilingFt": null,
    "notes": "א'-17 definition note: חצי מעגל מצפון שמרכזה בנקודה הבאה ברדיוס 3 ק \" מ : · וקטום בחלקו המזרחי לאורך כביש 4 ותוואי מסילת הרכבת . | gdb editor stamp: AMI 2023-01-31T00:00:00.000"
   },
   "geometry": {
    "coordinates": [
     [
      [
       [
        35.0482694,
        32.9110044
       ],
       [
        35.0482082,
        32.9133379
       ],
       [
        35.0482233,
        32.913774
       ],
       [
        35.0482467,
        32.9142097
       ],
       [
        35.0482784,
        32.9146451
       ],
       [
        35.0483185,
        32.9150801
       ],
       [
        35.0483668,
        32.9155144
       ],
       [
        35.0484235,
        32.915948
       ],
       [
        35.0484884,
        32.9163807
       ],
       [
        35.0485616,
        32.9168126
       ],
       [
        35.0486431,
        32.9172434
       ],
       [
        35.0487328,
        32.917673
       ],
       [
        35.0488307,
        32.9181013
       ],
       [
        35.0489367,
        32.9185283
       ],
       [
        35.0490509,
        32.9189537
       ],
       [
        35.0491733,
        32.9193776
       ],
       [
        35.0493037,
        32.9197997
       ],
       [
        35.0494422,
        32.92022
       ],
       [
        35.0495887,
        32.9206384
       ],
       [
        35.0497431,
        32.9210547
       ],
       [
        35.0499055,
        32.9214689
       ],
       [
        35.0500759,
        32.9218807
       ],
       [
        35.050254,
        32.9222903
       ],
       [
        35.05044,
        32.9226973
       ],
       [
        35.0506338,
        32.9231018
       ],
       [
        35.0508352,
        32.9235036
       ],
       [
        35.0510443,
        32.9239026
       ],
       [
        35.051261,
        32.9242986
       ],
       [
        35.0514853,
        32.9246917
       ],
       [
        35.051717,
        32.9250817
       ],
       [
        35.0519562,
        32.9254685
       ],
       [
        35.0522028,
        32.925852
       ],
       [
        35.0524566,
        32.9262321
       ],
       [
        35.0527177,
        32.9266087
       ],
       [
        35.052986,
        32.9269816
       ],
       [
        35.0532613,
        32.9273509
       ],
       [
        35.0535437,
        32.9277164
       ],
       [
        35.053833,
        32.928078
       ],
       [
        35.0541292,
        32.9284356
       ],
       [
        35.0544322,
        32.9287892
       ],
       [
        35.054742,
        32.9291385
       ],
       [
        35.0550584,
        32.9294836
       ],
       [
        35.0553813,
        32.9298244
       ],
       [
        35.0557107,
        32.9301607
       ],
       [
        35.0560465,
        32.9304925
       ],
       [
        35.0563886,
        32.9308197
       ],
       [
        35.056737,
        32.9311422
       ],
       [
        35.0570914,
        32.9314599
       ],
       [
        35.0574519,
        32.9317728
       ],
       [
        35.0578183,
        32.9320807
       ],
       [
        35.0581906,
        32.9323836
       ],
       [
        35.0585686,
        32.9326814
       ],
       [
        35.0589523,
        32.932974
       ],
       [
        35.0593415,
        32.9332613
       ],
       [
        35.0597361,
        32.9335433
       ],
       [
        35.0601361,
        32.93382
       ],
       [
        35.0605414,
        32.9340911
       ],
       [
        35.0609517,
        32.9343567
       ],
       [
        35.061363,
        32.9346141
       ],
       [
        35.0617791,
        32.934866
       ],
       [
        35.0622,
        32.9351122
       ],
       [
        35.0626254,
        32.9353527
       ],
       [
        35.0630554,
        32.9355875
       ],
       [
        35.0634897,
        32.9358165
       ],
       [
        35.0639283,
        32.9360395
       ],
       [
        35.0643711,
        32.9362567
       ],
       [
        35.064818,
        32.9364678
       ],
       [
        35.0652687,
        32.9366729
       ],
       [
        35.0657234,
        32.9368719
       ],
       [
        35.0661817,
        32.9370648
       ],
       [
        35.0666436,
        32.9372514
       ],
       [
        35.067109,
        32.9374319
       ],
       [
        35.0675778,
        32.937606
       ],
       [
        35.0680498,
        32.9377738
       ],
       [
        35.0685249,
        32.9379352
       ],
       [
        35.069003,
        32.9380902
       ],
       [
        35.069484,
        32.9382387
       ],
       [
        35.0699678,
        32.9383807
       ],
       [
        35.0704542,
        32.9385162
       ],
       [
        35.070943,
        32.9386451
       ],
       [
        35.0714343,
        32.9387675
       ],
       [
        35.0719278,
        32.9388832
       ],
       [
        35.0724235,
        32.9389922
       ],
       [
        35.0729211,
        32.9390946
       ],
       [
        35.0734206,
        32.9391902
       ],
       [
        35.0739219,
        32.9392791
       ],
       [
        35.0744248,
        32.9393612
       ],
       [
        35.0749292,
        32.9394365
       ],
       [
        35.0754349,
        32.9395051
       ],
       [
        35.0759419,
        32.9395668
       ],
       [
        35.07645,
        32.9396217
       ],
       [
        35.0769591,
        32.9396697
       ],
       [
        35.077469,
        32.9397109
       ],
       [
        35.0779796,
        32.9397452
       ],
       [
        35.0784908,
        32.9397726
       ],
       [
        35.0790025,
        32.9397932
       ],
       [
        35.0795145,
        32.9398068
       ],
       [
        35.0800266,
        32.9398135
       ],
       [
        35.0805389,
        32.9398134
       ],
       [
        35.081051,
        32.9398063
       ],
       [
        35.0797296,
        32.935674
       ],
       [
        35.083635,
        32.9237634
       ],
       [
        35.0863862,
        32.9232863
       ],
       [
        35.0913786,
        32.921407
       ],
       [
        35.0956845,
        32.9182501
       ],
       [
        35.0953184,
        32.914578
       ],
       [
        35.0940805,
        32.9102318
       ],
       [
        35.0924274,
        32.910422
       ],
       [
        35.0859328,
        32.9105086
       ],
       [
        35.0482694,
        32.9110044
       ]
      ]
     ]
    ],
    "type": "MultiPolygon"
   }
  },
  {
   "type": "Feature",
   "properties": {
    "code": "LLD29",
    "nameHe": "גליל הצנחה באר שבע",
    "nameEn": "Tyman Parachuting",
    "zoneTypeCode": "AIP_DANGER",
    "floorAmslFt": 5000,
    "ceilingAmslFt": 11000,
    "aglCeilingFt": null,
    "notes": "א'-17 definition note: מעגל שרדיוסו 5 ק \" מ ומרכזו בנקודה : | gdb editor stamp: ILANS 2019-06-28T08:55:49.000"
   },
   "geometry": {
    "coordinates": [
     [
      [
       [
        34.7227778,
        31.3320404
       ],
       [
        34.7248664,
        31.3320047
       ],
       [
        34.7269518,
        31.3318977
       ],
       [
        34.7290306,
        31.3317197
       ],
       [
        34.7310994,
        31.3314708
       ],
       [
        34.7331551,
        31.3311514
       ],
       [
        34.7351943,
        31.3307622
       ],
       [
        34.7372139,
        31.3303036
       ],
       [
        34.7392107,
        31.3297764
       ],
       [
        34.7411814,
        31.3291815
       ],
       [
        34.7431229,
        31.3285197
       ],
       [
        34.7450323,
        31.3277922
       ],
       [
        34.7469064,
        31.3270001
       ],
       [
        34.7487423,
        31.3261446
       ],
       [
        34.7505371,
        31.3252271
       ],
       [
        34.752288,
        31.3242491
       ],
       [
        34.7539922,
        31.3232121
       ],
       [
        34.7556469,
        31.3221177
       ],
       [
        34.7572496,
        31.3209676
       ],
       [
        34.7587978,
        31.3197638
       ],
       [
        34.7602889,
        31.318508
       ],
       [
        34.7617206,
        31.3172024
       ],
       [
        34.7630908,
        31.3158489
       ],
       [
        34.7643971,
        31.3144496
       ],
       [
        34.7656375,
        31.3130069
       ],
       [
        34.7668102,
        31.311523
       ],
       [
        34.7679131,
        31.3100002
       ],
       [
        34.7689446,
        31.308441
       ],
       [
        34.7699031,
        31.3068477
       ],
       [
        34.770787,
        31.305223
       ],
       [
        34.771595,
        31.3035695
       ],
       [
        34.7723257,
        31.3018896
       ],
       [
        34.7729781,
        31.3001861
       ],
       [
        34.773551,
        31.2984617
       ],
       [
        34.7740436,
        31.2967191
       ],
       [
        34.7744552,
        31.2949611
       ],
       [
        34.774785,
        31.2931903
       ],
       [
        34.7750325,
        31.2914098
       ],
       [
        34.7751974,
        31.2896222
       ],
       [
        34.7752795,
        31.2878303
       ],
       [
        34.7752785,
        31.2860371
       ],
       [
        34.7751945,
        31.2842453
       ],
       [
        34.7750276,
        31.2824579
       ],
       [
        34.7747781,
        31.2806775
       ],
       [
        34.7744464,
        31.278907
       ],
       [
        34.774033,
        31.2771493
       ],
       [
        34.7735387,
        31.2754071
       ],
       [
        34.772964,
        31.2736831
       ],
       [
        34.7723101,
        31.2719802
       ],
       [
        34.7715779,
        31.2703008
       ],
       [
        34.7707685,
        31.2686479
       ],
       [
        34.7698833,
        31.2670238
       ],
       [
        34.7689237,
        31.2654313
       ],
       [
        34.7678911,
        31.2638728
       ],
       [
        34.7667873,
        31.2623507
       ],
       [
        34.765614,
        31.2608676
       ],
       [
        34.7643729,
        31.2594257
       ],
       [
        34.7630662,
        31.2580273
       ],
       [
        34.7616958,
        31.2566746
       ],
       [
        34.7602639,
        31.2553698
       ],
       [
        34.7587728,
        31.2541148
       ],
       [
        34.7572249,
        31.2529118
       ],
       [
        34.7556225,
        31.2517626
       ],
       [
        34.7539683,
        31.250669
       ],
       [
        34.7522648,
        31.2496328
       ],
       [
        34.7505147,
        31.2486555
       ],
       [
        34.7487209,
        31.2477388
       ],
       [
        34.746886,
        31.246884
       ],
       [
        34.7450131,
        31.2460925
       ],
       [
        34.7431051,
        31.2453657
       ],
       [
        34.741165,
        31.2447045
       ],
       [
        34.7391958,
        31.2441101
       ],
       [
        34.7372007,
        31.2435834
       ],
       [
        34.7351829,
        31.2431252
       ],
       [
        34.7331454,
        31.2427363
       ],
       [
        34.7310916,
        31.2424173
       ],
       [
        34.7290247,
        31.2421686
       ],
       [
        34.7269479,
        31.2419907
       ],
       [
        34.7248645,
        31.2418839
       ],
       [
        34.7227778,
        31.2418482
       ],
       [
        34.7206911,
        31.2418839
       ],
       [
        34.7186077,
        31.2419907
       ],
       [
        34.7165309,
        31.2421686
       ],
       [
        34.714464,
        31.2424173
       ],
       [
        34.7124101,
        31.2427363
       ],
       [
        34.7103727,
        31.2431252
       ],
       [
        34.7083548,
        31.2435834
       ],
       [
        34.7063598,
        31.2441101
       ],
       [
        34.7043906,
        31.2447045
       ],
       [
        34.7024505,
        31.2453657
       ],
       [
        34.7005424,
        31.2460925
       ],
       [
        34.6986695,
        31.246884
       ],
       [
        34.6968347,
        31.2477388
       ],
       [
        34.6950408,
        31.2486555
       ],
       [
        34.6932908,
        31.2496328
       ],
       [
        34.6915873,
        31.250669
       ],
       [
        34.689933,
        31.2517626
       ],
       [
        34.6883307,
        31.2529118
       ],
       [
        34.6867828,
        31.2541148
       ],
       [
        34.6852917,
        31.2553698
       ],
       [
        34.6838598,
        31.2566746
       ],
       [
        34.6824894,
        31.2580273
       ],
       [
        34.6811826,
        31.2594257
       ],
       [
        34.6799416,
        31.2608676
       ],
       [
        34.6787682,
        31.2623507
       ],
       [
        34.6776644,
        31.2638728
       ],
       [
        34.6766319,
        31.2654313
       ],
       [
        34.6756722,
        31.2670238
       ],
       [
        34.6747871,
        31.2686479
       ],
       [
        34.6739777,
        31.2703008
       ],
       [
        34.6732455,
        31.2719802
       ],
       [
        34.6725915,
        31.2736831
       ],
       [
        34.6720169,
        31.2754071
       ],
       [
        34.6715225,
        31.2771493
       ],
       [
        34.6711091,
        31.278907
       ],
       [
        34.6707774,
        31.2806775
       ],
       [
        34.670528,
        31.2824579
       ],
       [
        34.6703611,
        31.2842453
       ],
       [
        34.6702771,
        31.2860371
       ],
       [
        34.6702761,
        31.2878303
       ],
       [
        34.6703581,
        31.2896222
       ],
       [
        34.670523,
        31.2914098
       ],
       [
        34.6707706,
        31.2931903
       ],
       [
        34.6711004,
        31.2949611
       ],
       [
        34.6715119,
        31.2967191
       ],
       [
        34.6720046,
        31.2984617
       ],
       [
        34.6725775,
        31.3001861
       ],
       [
        34.6732298,
        31.3018896
       ],
       [
        34.6739606,
        31.3035695
       ],
       [
        34.6747685,
        31.305223
       ],
       [
        34.6756524,
        31.3068477
       ],
       [
        34.6766109,
        31.308441
       ],
       [
        34.6776425,
        31.3100002
       ],
       [
        34.6787454,
        31.311523
       ],
       [
        34.679918,
        31.3130069
       ],
       [
        34.6811585,
        31.3144496
       ],
       [
        34.6824648,
        31.3158489
       ],
       [
        34.6838349,
        31.3172024
       ],
       [
        34.6852667,
        31.318508
       ],
       [
        34.6867578,
        31.3197638
       ],
       [
        34.6883059,
        31.3209676
       ],
       [
        34.6899087,
        31.3221177
       ],
       [
        34.6915634,
        31.3232121
       ],
       [
        34.6932675,
        31.3242491
       ],
       [
        34.6950184,
        31.3252271
       ],
       [
        34.6968132,
        31.3261446
       ],
       [
        34.6986491,
        31.3270001
       ],
       [
        34.7005233,
        31.3277922
       ],
       [
        34.7024326,
        31.3285197
       ],
       [
        34.7043742,
        31.3291815
       ],
       [
        34.7063449,
        31.3297764
       ],
       [
        34.7083416,
        31.3303036
       ],
       [
        34.7103612,
        31.3307622
       ],
       [
        34.7124005,
        31.3311514
       ],
       [
        34.7144561,
        31.3314708
       ],
       [
        34.716525,
        31.3317197
       ],
       [
        34.7186037,
        31.3318977
       ],
       [
        34.7206891,
        31.3320047
       ],
       [
        34.7227778,
        31.3320404
       ]
      ]
     ]
    ],
    "type": "MultiPolygon"
   }
  },
  {
   "type": "Feature",
   "properties": {
    "code": "LLD30",
    "nameHe": "טורבינות עמק הבכא",
    "nameEn": null,
    "zoneTypeCode": "AIP_DANGER",
    "floorAmslFt": 0,
    "ceilingAmslFt": 4500,
    "aglCeilingFt": null,
    "notes": "geometry from א'-17 appendix ב' text (15 published vertices) — zone absent from ZONE_gdb.zip"
   },
   "geometry": {
    "type": "Polygon",
    "coordinates": [
     [
      [
       35.7906667,
       33.1873333
      ],
      [
       35.8315,
       33.178
      ],
      [
       35.8363333,
       33.1713333
      ],
      [
       35.836,
       33.1633333
      ],
      [
       35.8288333,
       33.146
      ],
      [
       35.8168333,
       33.147
      ],
      [
       35.813,
       33.1386667
      ],
      [
       35.8028333,
       33.1371667
      ],
      [
       35.7916667,
       33.1446667
      ],
      [
       35.7791667,
       33.144
      ],
      [
       35.7668333,
       33.1461667
      ],
      [
       35.7625,
       33.1718333
      ],
      [
       35.7701667,
       33.177
      ],
      [
       35.7783333,
       33.1773333
      ],
      [
       35.7859444,
       33.184
      ],
      [
       35.7906667,
       33.1873333
      ]
     ]
    ]
   }
  },
  {
   "type": "Feature",
   "properties": {
    "code": "LLD31",
    "nameHe": "רמת חובב",
    "nameEn": null,
    "zoneTypeCode": "AIP_DANGER",
    "floorAmslFt": 0,
    "ceilingAmslFt": 1900,
    "aglCeilingFt": null,
    "notes": "geometry from א'-17 appendix ב' text (7 published vertices) — zone absent from ZONE_gdb.zip | תיאום: לתיאום טיסה במרחב זה יש ליצור קשר עם יוסי מעוז קב\"ט בטלפון 054-2479323."
   },
   "geometry": {
    "type": "Polygon",
    "coordinates": [
     [
      [
       34.7924444,
       31.1417
      ],
      [
       34.7791583,
       31.1419472
      ],
      [
       34.7811083,
       31.1230389
      ],
      [
       34.7977,
       31.1209611
      ],
      [
       34.7981333,
       31.12865
      ],
      [
       34.7979611,
       31.1356889
      ],
      [
       34.7925361,
       31.1365
      ],
      [
       34.7924444,
       31.1417
      ]
     ]
    ]
   }
  },
  {
   "type": "Feature",
   "properties": {
    "code": "LLD34",
    "nameHe": "מנחתי טיסנים אלישמע",
    "nameEn": "UAS Elishema Strip",
    "zoneTypeCode": "AIP_DANGER",
    "floorAmslFt": 0,
    "ceilingAmslFt": 600,
    "aglCeilingFt": null,
    "notes": "א'-17 definition note: מעגל שרדיוסו 1.3 ק \" מ ומרכזו בנקודה : | gdb editor stamp: ILANS 2017-06-07T15:37:10.000"
   },
   "geometry": {
    "coordinates": [
     [
      [
       [
        34.9227461,
        32.1558881
       ],
       [
        34.9230869,
        32.1558794
       ],
       [
        34.9234272,
        32.1558634
       ],
       [
        34.923767,
        32.1558403
       ],
       [
        34.9241061,
        32.1558101
       ],
       [
        34.9244441,
        32.1557727
       ],
       [
        34.924781,
        32.1557283
       ],
       [
        34.9251164,
        32.1556767
       ],
       [
        34.9254503,
        32.1556181
       ],
       [
        34.9257823,
        32.1555526
       ],
       [
        34.9261124,
        32.15548
       ],
       [
        34.9264402,
        32.1554005
       ],
       [
        34.9267656,
        32.1553142
       ],
       [
        34.9270884,
        32.155221
       ],
       [
        34.9274084,
        32.155121
       ],
       [
        34.9277254,
        32.1550144
       ],
       [
        34.9280392,
        32.1549011
       ],
       [
        34.9283496,
        32.1547813
       ],
       [
        34.9286565,
        32.1546549
       ],
       [
        34.9289595,
        32.1545221
       ],
       [
        34.9292586,
        32.154383
       ],
       [
        34.9295536,
        32.1542377
       ],
       [
        34.9298443,
        32.1540862
       ],
       [
        34.9301304,
        32.1539286
       ],
       [
        34.9304119,
        32.153765
       ],
       [
        34.9306885,
        32.1535956
       ],
       [
        34.9309602,
        32.1534204
       ],
       [
        34.9312266,
        32.1532395
       ],
       [
        34.9314877,
        32.1530531
       ],
       [
        34.9317433,
        32.1528612
       ],
       [
        34.9319933,
        32.152664
       ],
       [
        34.9322374,
        32.1524617
       ],
       [
        34.9324756,
        32.1522542
       ],
       [
        34.9327077,
        32.1520418
       ],
       [
        34.9329335,
        32.1518246
       ],
       [
        34.933153,
        32.1516027
       ],
       [
        34.9333659,
        32.1513762
       ],
       [
        34.9335722,
        32.1511454
       ],
       [
        34.9337716,
        32.1509102
       ],
       [
        34.9339642,
        32.150671
       ],
       [
        34.9341498,
        32.1504277
       ],
       [
        34.9343283,
        32.1501806
       ],
       [
        34.9344995,
        32.1499299
       ],
       [
        34.9346634,
        32.1496756
       ],
       [
        34.9348198,
        32.1494179
       ],
       [
        34.9349687,
        32.1491571
       ],
       [
        34.9351099,
        32.1488932
       ],
       [
        34.9352435,
        32.1486264
       ],
       [
        34.9353692,
        32.1483568
       ],
       [
        34.9354871,
        32.1480847
       ],
       [
        34.935597,
        32.1478102
       ],
       [
        34.9356989,
        32.1475335
       ],
       [
        34.9357927,
        32.1472547
       ],
       [
        34.9358784,
        32.146974
       ],
       [
        34.9359559,
        32.1466916
       ],
       [
        34.9360252,
        32.1464077
       ],
       [
        34.9360862,
        32.1461224
       ],
       [
        34.9361388,
        32.1458359
       ],
       [
        34.9361832,
        32.1455483
       ],
       [
        34.9362191,
        32.14526
       ],
       [
        34.9362467,
        32.1449709
       ],
       [
        34.9362659,
        32.1446814
       ],
       [
        34.9362766,
        32.1443916
       ],
       [
        34.9362789,
        32.1441016
       ],
       [
        34.9362728,
        32.1438116
       ],
       [
        34.9362582,
        32.1435219
       ],
       [
        34.9362352,
        32.1432326
       ],
       [
        34.9362038,
        32.1429438
       ],
       [
        34.9361641,
        32.1426558
       ],
       [
        34.936116,
        32.1423687
       ],
       [
        34.9360595,
        32.1420827
       ],
       [
        34.9359947,
        32.141798
       ],
       [
        34.9359217,
        32.1415148
       ],
       [
        34.9358405,
        32.1412331
       ],
       [
        34.9357511,
        32.1409533
       ],
       [
        34.9356536,
        32.1406754
       ],
       [
        34.9355481,
        32.1403997
       ],
       [
        34.9354346,
        32.1401262
       ],
       [
        34.9353132,
        32.1398553
       ],
       [
        34.9351839,
        32.139587
       ],
       [
        34.9350469,
        32.1393214
       ],
       [
        34.9349021,
        32.1390589
       ],
       [
        34.9347499,
        32.1387995
       ],
       [
        34.9345901,
        32.1385433
       ],
       [
        34.9344229,
        32.1382906
       ],
       [
        34.9342484,
        32.1380415
       ],
       [
        34.9340667,
        32.1377961
       ],
       [
        34.933878,
        32.1375547
       ],
       [
        34.9336823,
        32.1373173
       ],
       [
        34.9334797,
        32.137084
       ],
       [
        34.9332705,
        32.1368551
       ],
       [
        34.9330546,
        32.1366307
       ],
       [
        34.9328323,
        32.1364109
       ],
       [
        34.9326037,
        32.1361958
       ],
       [
        34.9323689,
        32.1359857
       ],
       [
        34.932128,
        32.1357805
       ],
       [
        34.9318813,
        32.1355804
       ],
       [
        34.9316288,
        32.1353856
       ],
       [
        34.9313708,
        32.1351962
       ],
       [
        34.9311073,
        32.1350123
       ],
       [
        34.9308386,
        32.1348339
       ],
       [
        34.9305647,
        32.1346613
       ],
       [
        34.9302859,
        32.1344945
       ],
       [
        34.9300024,
        32.1343336
       ],
       [
        34.9297142,
        32.1341788
       ],
       [
        34.9294217,
        32.13403
       ],
       [
        34.9291249,
        32.1338874
       ],
       [
        34.9288241,
        32.1337512
       ],
       [
        34.9285194,
        32.1336213
       ],
       [
        34.928211,
        32.1334978
       ],
       [
        34.9278991,
        32.1333809
       ],
       [
        34.9275839,
        32.1332706
       ],
       [
        34.9272657,
        32.1331669
       ],
       [
        34.9269444,
        32.13307
       ],
       [
        34.9266205,
        32.1329799
       ],
       [
        34.9262941,
        32.1328966
       ],
       [
        34.9259653,
        32.1328202
       ],
       [
        34.9256344,
        32.1327507
       ],
       [
        34.9253016,
        32.1326882
       ],
       [
        34.9249671,
        32.1326328
       ],
       [
        34.9246311,
        32.1325844
       ],
       [
        34.9242938,
        32.1325431
       ],
       [
        34.9239553,
        32.1325089
       ],
       [
        34.923616,
        32.1324818
       ],
       [
        34.923276,
        32.1324619
       ],
       [
        34.9229356,
        32.1324492
       ],
       [
        34.9225948,
        32.1324436
       ],
       [
        34.922254,
        32.1324452
       ],
       [
        34.9219134,
        32.1324539
       ],
       [
        34.9215731,
        32.1324699
       ],
       [
        34.9212334,
        32.132493
       ],
       [
        34.9208944,
        32.1325232
       ],
       [
        34.9205565,
        32.1325605
       ],
       [
        34.9202197,
        32.132605
       ],
       [
        34.9198843,
        32.1326565
       ],
       [
        34.9195505,
        32.1327151
       ],
       [
        34.9192185,
        32.1327806
       ],
       [
        34.9188886,
        32.1328532
       ],
       [
        34.9185608,
        32.1329326
       ],
       [
        34.9182355,
        32.133019
       ],
       [
        34.9179127,
        32.1331121
       ],
       [
        34.9175928,
        32.133212
       ],
       [
        34.9172759,
        32.1333187
       ],
       [
        34.9169621,
        32.1334319
       ],
       [
        34.9166518,
        32.1335517
       ],
       [
        34.916345,
        32.1336781
       ],
       [
        34.916042,
        32.1338108
       ],
       [
        34.9157429,
        32.1339499
       ],
       [
        34.915448,
        32.1340952
       ],
       [
        34.9151574,
        32.1342467
       ],
       [
        34.9148712,
        32.1344042
       ],
       [
        34.9145898,
        32.1345678
       ],
       [
        34.9143132,
        32.1347372
       ],
       [
        34.9140416,
        32.1349123
       ],
       [
        34.9137751,
        32.1350932
       ],
       [
        34.913514,
        32.1352795
       ],
       [
        34.9132584,
        32.1354714
       ],
       [
        34.9130085,
        32.1356685
       ],
       [
        34.9127643,
        32.1358708
       ],
       [
        34.9125261,
        32.1360783
       ],
       [
        34.9122941,
        32.1362906
       ],
       [
        34.9120682,
        32.1365078
       ],
       [
        34.9118488,
        32.1367297
       ],
       [
        34.9116358,
        32.1369561
       ],
       [
        34.9114295,
        32.1371869
       ],
       [
        34.91123,
        32.137422
       ],
       [
        34.9110374,
        32.1376613
       ],
       [
        34.9108517,
        32.1379045
       ],
       [
        34.9106732,
        32.1381515
       ],
       [
        34.910502,
        32.1384023
       ],
       [
        34.9103381,
        32.1386565
       ],
       [
        34.9101816,
        32.1389141
       ],
       [
        34.9100326,
        32.139175
       ],
       [
        34.9098913,
        32.1394389
       ],
       [
        34.9097577,
        32.1397056
       ],
       [
        34.9096319,
        32.1399752
       ],
       [
        34.909514,
        32.1402472
       ],
       [
        34.909404,
        32.1405217
       ],
       [
        34.909302,
        32.1407984
       ],
       [
        34.9092081,
        32.1410772
       ],
       [
        34.9091224,
        32.1413579
       ],
       [
        34.9090448,
        32.1416402
       ],
       [
        34.9089754,
        32.1419242
       ],
       [
        34.9089143,
        32.1422095
       ],
       [
        34.9088616,
        32.142496
       ],
       [
        34.9088172,
        32.1427835
       ],
       [
        34.9087811,
        32.1430719
       ],
       [
        34.9087535,
        32.1433609
       ],
       [
        34.9087342,
        32.1436504
       ],
       [
        34.9087234,
        32.1439403
       ],
       [
        34.908721,
        32.1442303
       ],
       [
        34.9087271,
        32.1445202
       ],
       [
        34.9087415,
        32.1448099
       ],
       [
        34.9087644,
        32.1450993
       ],
       [
        34.9087957,
        32.1453881
       ],
       [
        34.9088354,
        32.1456761
       ],
       [
        34.9088834,
        32.1459632
       ],
       [
        34.9089398,
        32.1462492
       ],
       [
        34.9090045,
        32.1465339
       ],
       [
        34.9090774,
        32.1468172
       ],
       [
        34.9091586,
        32.1470988
       ],
       [
        34.9092479,
        32.1473787
       ],
       [
        34.9093453,
        32.1476566
       ],
       [
        34.9094508,
        32.1479324
       ],
       [
        34.9095642,
        32.1482058
       ],
       [
        34.9096856,
        32.1484768
       ],
       [
        34.9098148,
        32.1487452
       ],
       [
        34.9099518,
        32.1490107
       ],
       [
        34.9100964,
        32.1492733
       ],
       [
        34.9102487,
        32.1495327
       ],
       [
        34.9104084,
        32.1497889
       ],
       [
        34.9105756,
        32.1500417
       ],
       [
        34.91075,
        32.1502908
       ],
       [
        34.9109316,
        32.1505362
       ],
       [
        34.9111203,
        32.1507777
       ],
       [
        34.911316,
        32.1510152
       ],
       [
        34.9115185,
        32.1512484
       ],
       [
        34.9117278,
        32.1514773
       ],
       [
        34.9119436,
        32.1517018
       ],
       [
        34.9121659,
        32.1519216
       ],
       [
        34.9123945,
        32.1521367
       ],
       [
        34.9126293,
        32.152347
       ],
       [
        34.9128702,
        32.1525522
       ],
       [
        34.9131169,
        32.1527523
       ],
       [
        34.9133694,
        32.1529471
       ],
       [
        34.9136275,
        32.1531366
       ],
       [
        34.913891,
        32.1533205
       ],
       [
        34.9141598,
        32.1534989
       ],
       [
        34.9144336,
        32.1536715
       ],
       [
        34.9147125,
        32.1538384
       ],
       [
        34.914996,
        32.1539993
       ],
       [
        34.9152842,
        32.1541542
       ],
       [
        34.9155768,
        32.154303
       ],
       [
        34.9158736,
        32.1544456
       ],
       [
        34.9161745,
        32.1545819
       ],
       [
        34.9164793,
        32.1547118
       ],
       [
        34.9167877,
        32.1548353
       ],
       [
        34.9170997,
        32.1549522
       ],
       [
        34.9174149,
        32.1550626
       ],
       [
        34.9177333,
        32.1551663
       ],
       [
        34.9180545,
        32.1552632
       ],
       [
        34.9183785,
        32.1553534
       ],
       [
        34.9187051,
        32.1554367
       ],
       [
        34.9190339,
        32.1555131
       ],
       [
        34.9193649,
        32.1555826
       ],
       [
        34.9196977,
        32.155645
       ],
       [
        34.9200323,
        32.1557005
       ],
       [
        34.9203684,
        32.1557489
       ],
       [
        34.9207059,
        32.1557902
       ],
       [
        34.9210444,
        32.1558244
       ],
       [
        34.9213838,
        32.1558515
       ],
       [
        34.9217238,
        32.1558714
       ],
       [
        34.9220644,
        32.1558841
       ],
       [
        34.9224052,
        32.1558897
       ],
       [
        34.9227461,
        32.1558881
       ]
      ]
     ]
    ],
    "type": "MultiPolygon"
   }
  },
  {
   "type": "Feature",
   "properties": {
    "code": "LLD35",
    "nameHe": "אירובוטיקס ק . גת",
    "nameEn": null,
    "zoneTypeCode": "AIP_DANGER",
    "floorAmslFt": 0,
    "ceilingAmslFt": 900,
    "aglCeilingFt": null,
    "notes": "geometry from א'-17 appendix ב' text (radius 1 ק\"מ around 31° 35' 47.00\" N 34° 47' 22.00\" E) — zone absent from ZONE_gdb.zip | תיאום: לצורך תיאום טיסה בסגירה זו יש לפנות למנהל חמ\"ל אינטל בטלפון 08-6121111."
   },
   "geometry": {
    "type": "Polygon",
    "coordinates": [
     [
      [
       34.7894444,
       31.6053821
      ],
      [
       34.7884094,
       31.6053388
      ],
      [
       34.7873844,
       31.6052093
      ],
      [
       34.7863792,
       31.6049948
      ],
      [
       34.7854036,
       31.6046975
      ],
      [
       34.7844668,
       31.6043201
      ],
      [
       34.7835781,
       31.6038663
      ],
      [
       34.7827458,
       31.6033406
      ],
      [
       34.781978,
       31.6027478
      ],
      [
       34.7812822,
       31.6020939
      ],
      [
       34.780665,
       31.6013849
      ],
      [
       34.7801324,
       31.6006279
      ],
      [
       34.7796894,
       31.5998301
      ],
      [
       34.7793404,
       31.5989991
      ],
      [
       34.7790887,
       31.598143
      ],
      [
       34.7789368,
       31.5972699
      ],
      [
       34.7788861,
       31.5963885
      ],
      [
       34.778937,
       31.595507
      ],
      [
       34.7790891,
       31.594634
      ],
      [
       34.779341,
       31.5937779
      ],
      [
       34.7796901,
       31.592947
      ],
      [
       34.7801332,
       31.5921492
      ],
      [
       34.7806659,
       31.5913922
      ],
      [
       34.7812832,
       31.5906834
      ],
      [
       34.7819791,
       31.5900295
      ],
      [
       34.7827468,
       31.5894369
      ],
      [
       34.783579,
       31.5889112
      ],
      [
       34.7844677,
       31.5884575
      ],
      [
       34.7854043,
       31.5880802
      ],
      [
       34.7863798,
       31.5877829
      ],
      [
       34.7873848,
       31.5875685
      ],
      [
       34.7884096,
       31.587439
      ],
      [
       34.7894444,
       31.5873957
      ],
      [
       34.7904792,
       31.587439
      ],
      [
       34.7915041,
       31.5875685
      ],
      [
       34.7925091,
       31.5877829
      ],
      [
       34.7934846,
       31.5880802
      ],
      [
       34.7944212,
       31.5884575
      ],
      [
       34.7953099,
       31.5889112
      ],
      [
       34.7961421,
       31.5894369
      ],
      [
       34.7969098,
       31.5900295
      ],
      [
       34.7976057,
       31.5906834
      ],
      [
       34.7982229,
       31.5913922
      ],
      [
       34.7987557,
       31.5921492
      ],
      [
       34.7991988,
       31.592947
      ],
      [
       34.7995479,
       31.5937779
      ],
      [
       34.7997998,
       31.594634
      ],
      [
       34.7999519,
       31.595507
      ],
      [
       34.8000028,
       31.5963885
      ],
      [
       34.7999521,
       31.5972699
      ],
      [
       34.7998001,
       31.598143
      ],
      [
       34.7995485,
       31.5989991
      ],
      [
       34.7991995,
       31.5998301
      ],
      [
       34.7987565,
       31.6006279
      ],
      [
       34.7982239,
       31.6013849
      ],
      [
       34.7976067,
       31.6020939
      ],
      [
       34.7969109,
       31.6027478
      ],
      [
       34.7961431,
       31.6033406
      ],
      [
       34.7953108,
       31.6038663
      ],
      [
       34.7944221,
       31.6043201
      ],
      [
       34.7934853,
       31.6046975
      ],
      [
       34.7925097,
       31.6049948
      ],
      [
       34.7915045,
       31.6052093
      ],
      [
       34.7904794,
       31.6053388
      ],
      [
       34.7894444,
       31.6053821
      ]
     ]
    ]
   }
  },
  {
   "type": "Feature",
   "properties": {
    "code": "LLD36",
    "nameHe": "מחצבת חתרורים",
    "nameEn": "Machzevat Hatrurim",
    "zoneTypeCode": "AIP_DANGER",
    "floorAmslFt": 0,
    "ceilingAmslFt": 1900,
    "aglCeilingFt": null,
    "notes": "א'-17 definition note: מעגל שרדיוסו 2 ק \" מ ומרכזו בנקודה : | gdb editor stamp: ILANS 2017-06-27T10:30:24.000"
   },
   "geometry": {
    "coordinates": [
     [
      [
       [
        35.2773759,
        31.1730317
       ],
       [
        35.2777941,
        31.1730207
       ],
       [
        35.278212,
        31.1730025
       ],
       [
        35.2786293,
        31.1729772
       ],
       [
        35.279046,
        31.1729447
       ],
       [
        35.2794619,
        31.1729051
       ],
       [
        35.2798767,
        31.1728584
       ],
       [
        35.2802904,
        31.1728045
       ],
       [
        35.2807027,
        31.1727436
       ],
       [
        35.2811135,
        31.1726756
       ],
       [
        35.2815227,
        31.1726006
       ],
       [
        35.2819301,
        31.1725185
       ],
       [
        35.2823355,
        31.1724295
       ],
       [
        35.2827387,
        31.1723336
       ],
       [
        35.2831396,
        31.1722307
       ],
       [
        35.2835381,
        31.172121
       ],
       [
        35.2839339,
        31.1720045
       ],
       [
        35.284327,
        31.1718813
       ],
       [
        35.2847171,
        31.1717513
       ],
       [
        35.2851041,
        31.1716146
       ],
       [
        35.2854878,
        31.1714713
       ],
       [
        35.2858682,
        31.1713215
       ],
       [
        35.286245,
        31.1711652
       ],
       [
        35.2866181,
        31.1710025
       ],
       [
        35.2869874,
        31.1708333
       ],
       [
        35.2873527,
        31.1706579
       ],
       [
        35.2877138,
        31.1704763
       ],
       [
        35.2880706,
        31.1702885
       ],
       [
        35.288423,
        31.1700946
       ],
       [
        35.2887709,
        31.1698947
       ],
       [
        35.289114,
        31.1696889
       ],
       [
        35.2894523,
        31.1694772
       ],
       [
        35.2897856,
        31.1692598
       ],
       [
        35.2901138,
        31.1690367
       ],
       [
        35.2904367,
        31.168808
       ],
       [
        35.2907543,
        31.1685738
       ],
       [
        35.2910664,
        31.1683342
       ],
       [
        35.2913729,
        31.1680894
       ],
       [
        35.2916736,
        31.1678393
       ],
       [
        35.2919685,
        31.1675841
       ],
       [
        35.2922573,
        31.1673239
       ],
       [
        35.2925401,
        31.1670587
       ],
       [
        35.2928167,
        31.1667888
       ],
       [
        35.293087,
        31.1665142
       ],
       [
        35.2933508,
        31.1662351
       ],
       [
        35.2936081,
        31.1659514
       ],
       [
        35.2938588,
        31.1656634
       ],
       [
        35.2941027,
        31.1653712
       ],
       [
        35.2943398,
        31.1650748
       ],
       [
        35.29457,
        31.1647744
       ],
       [
        35.2947932,
        31.1644701
       ],
       [
        35.2950093,
        31.1641621
       ],
       [
        35.2952182,
        31.1638504
       ],
       [
        35.2954198,
        31.1635352
       ],
       [
        35.295614,
        31.1632166
       ],
       [
        35.2958009,
        31.1628947
       ],
       [
        35.2959802,
        31.1625697
       ],
       [
        35.2961519,
        31.1622417
       ],
       [
        35.2963161,
        31.1619108
       ],
       [
        35.2964725,
        31.1615771
       ],
       [
        35.2966211,
        31.1612409
       ],
       [
        35.2967619,
        31.1609021
       ],
       [
        35.2968948,
        31.160561
       ],
       [
        35.2970198,
        31.1602177
       ],
       [
        35.2971368,
        31.1598723
       ],
       [
        35.2972457,
        31.159525
       ],
       [
        35.2973466,
        31.1591759
       ],
       [
        35.2974393,
        31.1588251
       ],
       [
        35.2975239,
        31.1584728
       ],
       [
        35.2976003,
        31.1581191
       ],
       [
        35.2976685,
        31.1577642
       ],
       [
        35.2977285,
        31.1574082
       ],
       [
        35.2977802,
        31.1570512
       ],
       [
        35.2978236,
        31.1566934
       ],
       [
        35.2978586,
        31.1563349
       ],
       [
        35.2978854,
        31.1559759
       ],
       [
        35.2979038,
        31.1556165
       ],
       [
        35.2979139,
        31.1552569
       ],
       [
        35.2979157,
        31.1548972
       ],
       [
        35.2979091,
        31.1545375
       ],
       [
        35.2978941,
        31.1541779
       ],
       [
        35.2978709,
        31.1538188
       ],
       [
        35.2978393,
        31.1534601
       ],
       [
        35.2977993,
        31.153102
       ],
       [
        35.2977511,
        31.1527446
       ],
       [
        35.2976947,
        31.1523882
       ],
       [
        35.2976299,
        31.1520328
       ],
       [
        35.297557,
        31.1516786
       ],
       [
        35.2974758,
        31.1513256
       ],
       [
        35.2973865,
        31.1509742
       ],
       [
        35.297289,
        31.1506244
       ],
       [
        35.2971834,
        31.1502763
       ],
       [
        35.2970698,
        31.1499301
       ],
       [
        35.2969482,
        31.1495859
       ],
       [
        35.2968186,
        31.1492438
       ],
       [
        35.2966811,
        31.1489041
       ],
       [
        35.2965358,
        31.1485667
       ],
       [
        35.2963827,
        31.148232
       ],
       [
        35.2962218,
        31.1478999
       ],
       [
        35.2960533,
        31.1475707
       ],
       [
        35.2958772,
        31.1472444
       ],
       [
        35.2956936,
        31.1469212
       ],
       [
        35.2955024,
        31.1466012
       ],
       [
        35.2953039,
        31.1462845
       ],
       [
        35.2950982,
        31.1459713
       ],
       [
        35.2948851,
        31.1456617
       ],
       [
        35.294665,
        31.1453559
       ],
       [
        35.2944378,
        31.1450538
       ],
       [
        35.2942036,
        31.1447557
       ],
       [
        35.2939626,
        31.1444617
       ],
       [
        35.2937148,
        31.1441719
       ],
       [
        35.2934604,
        31.1438864
       ],
       [
        35.2931993,
        31.1436053
       ],
       [
        35.2929319,
        31.1433288
       ],
       [
        35.292658,
        31.1430569
       ],
       [
        35.2923779,
        31.1427897
       ],
       [
        35.2920917,
        31.1425274
       ],
       [
        35.2917994,
        31.1422701
       ],
       [
        35.2915012,
        31.1420178
       ],
       [
        35.2911973,
        31.1417707
       ],
       [
        35.2908877,
        31.1415289
       ],
       [
        35.2905725,
        31.1412924
       ],
       [
        35.2902519,
        31.1410613
       ],
       [
        35.289926,
        31.1408358
       ],
       [
        35.289595,
        31.140616
       ],
       [
        35.2892589,
        31.1404019
       ],
       [
        35.2889179,
        31.1401935
       ],
       [
        35.2885722,
        31.1399911
       ],
       [
        35.2882218,
        31.1397946
       ],
       [
        35.287867,
        31.1396042
       ],
       [
        35.2875078,
        31.1394199
       ],
       [
        35.2871444,
        31.1392418
       ],
       [
        35.286777,
        31.13907
       ],
       [
        35.2864056,
        31.1389045
       ],
       [
        35.2860305,
        31.1387454
       ],
       [
        35.2856518,
        31.1385928
       ],
       [
        35.2852696,
        31.1384467
       ],
       [
        35.2848841,
        31.1383072
       ],
       [
        35.2844954,
        31.1381743
       ],
       [
        35.2841037,
        31.1380482
       ],
       [
        35.2837092,
        31.1379287
       ],
       [
        35.283312,
        31.1378161
       ],
       [
        35.2829123,
        31.1377103
       ],
       [
        35.2825102,
        31.1376113
       ],
       [
        35.2821059,
        31.1375193
       ],
       [
        35.2816995,
        31.1374343
       ],
       [
        35.2812913,
        31.1373562
       ],
       [
        35.2808813,
        31.1372852
       ],
       [
        35.2804697,
        31.1372211
       ],
       [
        35.2800568,
        31.1371642
       ],
       [
        35.2796426,
        31.1371144
       ],
       [
        35.2792273,
        31.1370716
       ],
       [
        35.2788111,
        31.1370361
       ],
       [
        35.2783942,
        31.1370076
       ],
       [
        35.2779767,
        31.1369863
       ],
       [
        35.2775588,
        31.1369722
       ],
       [
        35.2771406,
        31.1369652
       ],
       [
        35.2767224,
        31.1369655
       ],
       [
        35.2763043,
        31.1369728
       ],
       [
        35.2758864,
        31.1369874
       ],
       [
        35.2754689,
        31.1370091
       ],
       [
        35.2750521,
        31.137038
       ],
       [
        35.2746359,
        31.1370741
       ],
       [
        35.2742207,
        31.1371172
       ],
       [
        35.2738066,
        31.1371675
       ],
       [
        35.2733937,
        31.1372249
       ],
       [
        35.2729822,
        31.1372893
       ],
       [
        35.2725724,
        31.1373608
       ],
       [
        35.2721642,
        31.1374393
       ],
       [
        35.271758,
        31.1375248
       ],
       [
        35.2713538,
        31.1376172
       ],
       [
        35.2709518,
        31.1377166
       ],
       [
        35.2705522,
        31.1378228
       ],
       [
        35.2701552,
        31.1379358
       ],
       [
        35.2697608,
        31.1380557
       ],
       [
        35.2693693,
        31.1381823
       ],
       [
        35.2689809,
        31.1383156
       ],
       [
        35.2685956,
        31.1384555
       ],
       [
        35.2682136,
        31.138602
       ],
       [
        35.2678351,
        31.138755
       ],
       [
        35.2674602,
        31.1389145
       ],
       [
        35.267089,
        31.1390804
       ],
       [
        35.2667218,
        31.1392526
       ],
       [
        35.2663587,
        31.1394311
       ],
       [
        35.2659998,
        31.1396157
       ],
       [
        35.2656452,
        31.1398065
       ],
       [
        35.2652951,
        31.1400033
       ],
       [
        35.2649497,
        31.1402062
       ],
       [
        35.264609,
        31.1404148
       ],
       [
        35.2642732,
        31.1406293
       ],
       [
        35.2639425,
        31.1408495
       ],
       [
        35.2636169,
        31.1410754
       ],
       [
        35.2632966,
        31.1413067
       ],
       [
        35.2629818,
        31.1415436
       ],
       [
        35.2626725,
        31.1417857
       ],
       [
        35.2623689,
        31.1420332
       ],
       [
        35.2620711,
        31.1422858
       ],
       [
        35.2617792,
        31.1425434
       ],
       [
        35.2614933,
        31.142806
       ],
       [
        35.2612136,
        31.1430735
       ],
       [
        35.2609401,
        31.1433457
       ],
       [
        35.260673,
        31.1436225
       ],
       [
        35.2604124,
        31.1439039
       ],
       [
        35.2601584,
        31.1441897
       ],
       [
        35.259911,
        31.1444797
       ],
       [
        35.2596704,
        31.144774
       ],
       [
        35.2594367,
        31.1450723
       ],
       [
        35.2592099,
        31.1453746
       ],
       [
        35.2589902,
        31.1456807
       ],
       [
        35.2587776,
        31.1459906
       ],
       [
        35.2585722,
        31.146304
       ],
       [
        35.2583742,
        31.1466208
       ],
       [
        35.2581835,
        31.146941
       ],
       [
        35.2580004,
        31.1472644
       ],
       [
        35.2578247,
        31.1475909
       ],
       [
        35.2576566,
        31.1479204
       ],
       [
        35.2574963,
        31.1482526
       ],
       [
        35.2573436,
        31.1485876
       ],
       [
        35.2571988,
        31.148925
       ],
       [
        35.2570618,
        31.1492649
       ],
       [
        35.2569327,
        31.1496071
       ],
       [
        35.2568116,
        31.1499515
       ],
       [
        35.2566985,
        31.1502978
       ],
       [
        35.2565934,
        31.150646
       ],
       [
        35.2564964,
        31.150996
       ],
       [
        35.2564076,
        31.1513475
       ],
       [
        35.2563269,
        31.1517005
       ],
       [
        35.2562545,
        31.1520548
       ],
       [
        35.2561903,
        31.1524103
       ],
       [
        35.2561343,
        31.1527668
       ],
       [
        35.2560866,
        31.1531242
       ],
       [
        35.2560472,
        31.1534824
       ],
       [
        35.2560161,
        31.1538411
       ],
       [
        35.2559934,
        31.1542003
       ],
       [
        35.2559789,
        31.1545598
       ],
       [
        35.2559729,
        31.1549196
       ],
       [
        35.2559751,
        31.1552793
       ],
       [
        35.2559857,
        31.1556389
       ],
       [
        35.2560047,
        31.1559983
       ],
       [
        35.256032,
        31.1563573
       ],
       [
        35.2560676,
        31.1567157
       ],
       [
        35.2561115,
        31.1570735
       ],
       [
        35.2561637,
        31.1574304
       ],
       [
        35.2562241,
        31.1577864
       ],
       [
        35.2562929,
        31.1581412
       ],
       [
        35.2563698,
        31.1584949
       ],
       [
        35.2564549,
        31.1588471
       ],
       [
        35.2565482,
        31.1591978
       ],
       [
        35.2566495,
        31.1595468
       ],
       [
        35.256759,
        31.159894
       ],
       [
        35.2568765,
        31.1602393
       ],
       [
        35.257002,
        31.1605824
       ],
       [
        35.2571354,
        31.1609234
       ],
       [
        35.2572767,
        31.161262
       ],
       [
        35.2574258,
        31.1615981
       ],
       [
        35.2575827,
        31.1619316
       ],
       [
        35.2577473,
        31.1622624
       ],
       [
        35.2579195,
        31.1625902
       ],
       [
        35.2580993,
        31.162915
       ],
       [
        35.2582866,
        31.1632367
       ],
       [
        35.2584813,
        31.1635551
       ],
       [
        35.2586834,
        31.1638701
       ],
       [
        35.2588928,
        31.1641815
       ],
       [
        35.2591093,
        31.1644894
       ],
       [
        35.2593329,
        31.1647934
       ],
       [
        35.2595635,
        31.1650935
       ],
       [
        35.2598011,
        31.1653897
       ],
       [
        35.2600455,
        31.1656817
       ],
       [
        35.2602966,
        31.1659694
       ],
       [
        35.2605543,
        31.1662528
       ],
       [
        35.2608185,
        31.1665317
       ],
       [
        35.2610892,
        31.166806
       ],
       [
        35.2613662,
        31.1670756
       ],
       [
        35.2616494,
        31.1673404
       ],
       [
        35.2619386,
        31.1676003
       ],
       [
        35.2622339,
        31.1678552
       ],
       [
        35.262535,
        31.168105
       ],
       [
        35.2628418,
        31.1683495
       ],
       [
        35.2631542,
        31.1685888
       ],
       [
        35.2634722,
        31.1688226
       ],
       [
        35.2637954,
        31.1690509
       ],
       [
        35.264124,
        31.1692737
       ],
       [
        35.2644576,
        31.1694907
       ],
       [
        35.2647962,
        31.169702
       ],
       [
        35.2651396,
        31.1699075
       ],
       [
        35.2654878,
        31.170107
       ],
       [
        35.2658405,
        31.1703005
       ],
       [
        35.2661976,
        31.1704879
       ],
       [
        35.266559,
        31.1706692
       ],
       [
        35.2669245,
        31.1708442
       ],
       [
        35.267294,
        31.1710129
       ],
       [
        35.2676674,
        31.1711753
       ],
       [
        35.2680444,
        31.1713312
       ],
       [
        35.268425,
        31.1714806
       ],
       [
        35.268809,
        31.1716235
       ],
       [
        35.2691962,
        31.1717597
       ],
       [
        35.2695865,
        31.1718893
       ],
       [
        35.2699797,
        31.1720121
       ],
       [
        35.2703757,
        31.1721282
       ],
       [
        35.2707744,
        31.1722374
       ],
       [
        35.2711754,
        31.1723399
       ],
       [
        35.2715788,
        31.1724354
       ],
       [
        35.2719843,
        31.1725239
       ],
       [
        35.2723918,
        31.1726055
       ],
       [
        35.2728011,
        31.1726801
       ],
       [
        35.273212,
        31.1727476
       ],
       [
        35.2736245,
        31.1728081
       ],
       [
        35.2740382,
        31.1728615
       ],
       [
        35.2744531,
        31.1729078
       ],
       [
        35.274869,
        31.172947
       ],
       [
        35.2752857,
        31.172979
       ],
       [
        35.2757031,
        31.1730039
       ],
       [
        35.276121,
        31.1730216
       ],
       [
        35.2765392,
        31.1730321
       ],
       [
        35.2769576,
        31.1730355
       ],
       [
        35.2773759,
        31.1730317
       ]
      ]
     ]
    ],
    "type": "MultiPolygon"
   }
  },
  {
   "type": "Feature",
   "properties": {
    "code": "LLD37",
    "nameHe": "גליל הצנחה מחניים מערב",
    "nameEn": "Mahanaim West Parachuting",
    "zoneTypeCode": "AIP_DANGER",
    "floorAmslFt": 0,
    "ceilingAmslFt": 11000,
    "aglCeilingFt": null,
    "notes": "א'-17 definition note: גליל הצנחה שמרכזו בנקודה : · רדיוסו 2.5 ק \" מ והוא קטום בין הנקודות : · 33° 00' 02.00\" N 35° 33' 33.00\" E ( נתחם מערבית למסלול 33/15 ) | gdb editor stamp: AMI 2023-01-31T00:00:00.000"
   },
   "geometry": {
    "coordinates": [
     [
      [
       [
        35.5855831,
        32.9618881
       ],
       [
        35.5851405,
        32.961741
       ],
       [
        35.5846948,
        32.9616005
       ],
       [
        35.5842462,
        32.9614668
       ],
       [
        35.5837949,
        32.9613398
       ],
       [
        35.5833409,
        32.9612196
       ],
       [
        35.5828845,
        32.9611062
       ],
       [
        35.5824258,
        32.9609997
       ],
       [
        35.5819649,
        32.9609001
       ],
       [
        35.5815019,
        32.9608074
       ],
       [
        35.5810371,
        32.9607216
       ],
       [
        35.5805706,
        32.9606429
       ],
       [
        35.5801024,
        32.9605712
       ],
       [
        35.5796328,
        32.9605065
       ],
       [
        35.579162,
        32.9604488
       ],
       [
        35.5786899,
        32.9603983
       ],
       [
        35.5782169,
        32.9603548
       ],
       [
        35.5777431,
        32.9603184
       ],
       [
        35.5772686,
        32.9602892
       ],
       [
        35.5767935,
        32.960267
       ],
       [
        35.576318,
        32.960252
       ],
       [
        35.5758423,
        32.9602441
       ],
       [
        35.5753665,
        32.9602434
       ],
       [
        35.5748907,
        32.9602498
       ],
       [
        35.5744152,
        32.9602633
       ],
       [
        35.57394,
        32.960284
       ],
       [
        35.5734653,
        32.9603118
       ],
       [
        35.5729913,
        32.9603467
       ],
       [
        35.5725181,
        32.9603887
       ],
       [
        35.5720459,
        32.9604378
       ],
       [
        35.5715748,
        32.960494
       ],
       [
        35.5711049,
        32.9605573
       ],
       [
        35.5706365,
        32.9606276
       ],
       [
        35.5701696,
        32.9607049
       ],
       [
        35.5697044,
        32.9607891
       ],
       [
        35.569241,
        32.9608804
       ],
       [
        35.5687797,
        32.9609786
       ],
       [
        35.5683205,
        32.9610837
       ],
       [
        35.5678636,
        32.9611957
       ],
       [
        35.5674091,
        32.9613145
       ],
       [
        35.5669573,
        32.9614401
       ],
       [
        35.5665081,
        32.9615724
       ],
       [
        35.5660618,
        32.9617115
       ],
       [
        35.5656185,
        32.9618573
       ],
       [
        35.5651783,
        32.9620097
       ],
       [
        35.5647415,
        32.9621686
       ],
       [
        35.564308,
        32.9623341
       ],
       [
        35.5638781,
        32.9625061
       ],
       [
        35.563452,
        32.9626845
       ],
       [
        35.5630296,
        32.9628692
       ],
       [
        35.5626112,
        32.9630603
       ],
       [
        35.5621969,
        32.9632576
       ],
       [
        35.5617869,
        32.9634611
       ],
       [
        35.5613812,
        32.9636707
       ],
       [
        35.56098,
        32.9638863
       ],
       [
        35.5605834,
        32.964108
       ],
       [
        35.5601915,
        32.9643355
       ],
       [
        35.5598045,
        32.9645689
       ],
       [
        35.5594225,
        32.9648081
       ],
       [
        35.5590457,
        32.965053
       ],
       [
        35.558674,
        32.9653035
       ],
       [
        35.5583077,
        32.9655595
       ],
       [
        35.5579468,
        32.9658209
       ],
       [
        35.5575915,
        32.9660878
       ],
       [
        35.5572419,
        32.9663599
       ],
       [
        35.5568981,
        32.9666373
       ],
       [
        35.5565603,
        32.9669197
       ],
       [
        35.5562284,
        32.9672072
       ],
       [
        35.5559026,
        32.9674996
       ],
       [
        35.5555831,
        32.9677968
       ],
       [
        35.5552699,
        32.9680988
       ],
       [
        35.5549631,
        32.9684054
       ],
       [
        35.5546629,
        32.9687166
       ],
       [
        35.5543692,
        32.9690323
       ],
       [
        35.5540823,
        32.9693523
       ],
       [
        35.5538022,
        32.9696765
       ],
       [
        35.5535289,
        32.970005
       ],
       [
        35.5532627,
        32.9703374
       ],
       [
        35.5530035,
        32.9706738
       ],
       [
        35.5527514,
        32.971014
       ],
       [
        35.5525066,
        32.971358
       ],
       [
        35.552269,
        32.9717056
       ],
       [
        35.5520388,
        32.9720567
       ],
       [
        35.5518161,
        32.9724112
       ],
       [
        35.5516009,
        32.9727689
       ],
       [
        35.5513933,
        32.9731299
       ],
       [
        35.5511934,
        32.9734939
       ],
       [
        35.5510011,
        32.9738608
       ],
       [
        35.5508167,
        32.9742306
       ],
       [
        35.55064,
        32.974603
       ],
       [
        35.5504713,
        32.9749781
       ],
       [
        35.5503105,
        32.9753557
       ],
       [
        35.5501577,
        32.9757355
       ],
       [
        35.550013,
        32.9761177
       ],
       [
        35.5498763,
        32.9765019
       ],
       [
        35.5497478,
        32.9768881
       ],
       [
        35.5496275,
        32.9772762
       ],
       [
        35.5495153,
        32.977666
       ],
       [
        35.5494114,
        32.9780575
       ],
       [
        35.5493158,
        32.9784504
       ],
       [
        35.5492286,
        32.9788448
       ],
       [
        35.5491496,
        32.9792403
       ],
       [
        35.549079,
        32.979637
       ],
       [
        35.5490168,
        32.9800347
       ],
       [
        35.5489631,
        32.9804333
       ],
       [
        35.5489177,
        32.9808326
       ],
       [
        35.5488808,
        32.9812325
       ],
       [
        35.5488523,
        32.9816329
       ],
       [
        35.5488323,
        32.9820337
       ],
       [
        35.5488208,
        32.9824347
       ],
       [
        35.5488177,
        32.9828358
       ],
       [
        35.5488231,
        32.9832369
       ],
       [
        35.548837,
        32.9836378
       ],
       [
        35.5488593,
        32.9840385
       ],
       [
        35.5488901,
        32.9844388
       ],
       [
        35.5489293,
        32.9848386
       ],
       [
        35.548977,
        32.9852377
       ],
       [
        35.5490331,
        32.985636
       ],
       [
        35.5490976,
        32.9860334
       ],
       [
        35.5491705,
        32.9864298
       ],
       [
        35.5492518,
        32.9868251
       ],
       [
        35.5493414,
        32.987219
       ],
       [
        35.5494393,
        32.9876116
       ],
       [
        35.5495454,
        32.9880026
       ],
       [
        35.5496598,
        32.988392
       ],
       [
        35.5497825,
        32.9887795
       ],
       [
        35.5499133,
        32.9891652
       ],
       [
        35.5500522,
        32.9895489
       ],
       [
        35.5501992,
        32.9899304
       ],
       [
        35.5503542,
        32.9903097
       ],
       [
        35.5505172,
        32.9906865
       ],
       [
        35.5506882,
        32.9910609
       ],
       [
        35.550867,
        32.9914326
       ],
       [
        35.5510537,
        32.9918016
       ],
       [
        35.5512481,
        32.9921677
       ],
       [
        35.5514502,
        32.9925309
       ],
       [
        35.55166,
        32.992891
       ],
       [
        35.5518773,
        32.9932478
       ],
       [
        35.5521022,
        32.9936014
       ],
       [
        35.5523345,
        32.9939515
       ],
       [
        35.5525741,
        32.9942981
       ],
       [
        35.5528211,
        32.994641
       ],
       [
        35.5530752,
        32.9949802
       ],
       [
        35.5533364,
        32.9953155
       ],
       [
        35.5536048,
        32.9956468
       ],
       [
        35.55388,
        32.9959741
       ],
       [
        35.5541621,
        32.9962972
       ],
       [
        35.5544511,
        32.996616
       ],
       [
        35.5547467,
        32.9969304
       ],
       [
        35.5550489,
        32.9972403
       ],
       [
        35.5553576,
        32.9975456
       ],
       [
        35.5556727,
        32.9978463
       ],
       [
        35.5559941,
        32.9981422
       ],
       [
        35.5563217,
        32.9984332
       ],
       [
        35.5566554,
        32.9987192
       ],
       [
        35.5569951,
        32.9990002
       ],
       [
        35.5573407,
        32.9992761
       ],
       [
        35.557692,
        32.9995467
       ],
       [
        35.558049,
        32.9998121
       ],
       [
        35.5584116,
        33.000072
       ],
       [
        35.5587796,
        33.0003264
       ],
       [
        35.5591529,
        33.0005753
       ],
       [
        35.5855831,
        32.9618881
       ]
      ]
     ]
    ],
    "type": "MultiPolygon"
   }
  },
  {
   "type": "Feature",
   "properties": {
    "code": "LLD38",
    "nameHe": "גליל הצנחה מחניים מזרח",
    "nameEn": "Mahanaim East Parachuting",
    "zoneTypeCode": "AIP_DANGER",
    "floorAmslFt": 0,
    "ceilingAmslFt": 11000,
    "aglCeilingFt": null,
    "notes": "א'-17 definition note: גליל הצנחה שמרכזו בנקודה : 32° 58' 58.00\" N 35° 34' 32.00\" E · רדיוסו 2.5 ק \" מ והוא קטום בין הנקודות : · ( נתחם מזרחית למסלול 33/15 ) | gdb editor stamp: AMI 2023-01-31T00:00:00.000"
   },
   "geometry": {
    "coordinates": [
     [
      [
       [
        35.5855831,
        32.9618881
       ],
       [
        35.5591529,
        33.0005753
       ],
       [
        35.5595263,
        33.0008153
       ],
       [
        35.5599045,
        33.0010497
       ],
       [
        35.5602877,
        33.0012785
       ],
       [
        35.5606755,
        33.0015015
       ],
       [
        35.5610679,
        33.0017188
       ],
       [
        35.5614648,
        33.0019303
       ],
       [
        35.561866,
        33.0021358
       ],
       [
        35.5622714,
        33.0023354
       ],
       [
        35.562681,
        33.002529
       ],
       [
        35.5630945,
        33.0027164
       ],
       [
        35.5635119,
        33.0028978
       ],
       [
        35.563933,
        33.0030729
       ],
       [
        35.5643576,
        33.0032417
       ],
       [
        35.5647857,
        33.0034043
       ],
       [
        35.5652172,
        33.0035605
       ],
       [
        35.5656518,
        33.0037102
       ],
       [
        35.5660895,
        33.0038535
       ],
       [
        35.5665301,
        33.0039904
       ],
       [
        35.5669735,
        33.0041207
       ],
       [
        35.5674195,
        33.0042444
       ],
       [
        35.5678681,
        33.0043614
       ],
       [
        35.568319,
        33.0044719
       ],
       [
        35.5687721,
        33.0045756
       ],
       [
        35.5692274,
        33.0046726
       ],
       [
        35.5696846,
        33.0047629
       ],
       [
        35.5701436,
        33.0048463
       ],
       [
        35.5706043,
        33.004923
       ],
       [
        35.5710665,
        33.0049929
       ],
       [
        35.5715301,
        33.0050559
       ],
       [
        35.5719949,
        33.005112
       ],
       [
        35.5724608,
        33.0051612
       ],
       [
        35.5729277,
        33.0052036
       ],
       [
        35.5733954,
        33.005239
       ],
       [
        35.5738637,
        33.0052675
       ],
       [
        35.5743326,
        33.0052891
       ],
       [
        35.5748019,
        33.0053037
       ],
       [
        35.5752714,
        33.0053114
       ],
       [
        35.575741,
        33.0053121
       ],
       [
        35.5762105,
        33.0053059
       ],
       [
        35.5766879,
        33.0052924
       ],
       [
        35.5771649,
        33.0052718
       ],
       [
        35.5776414,
        33.005244
       ],
       [
        35.5781172,
        33.005209
       ],
       [
        35.5785923,
        33.0051669
       ],
       [
        35.5790663,
        33.0051176
       ],
       [
        35.5795393,
        33.0050612
       ],
       [
        35.5800109,
        33.0049976
       ],
       [
        35.5804812,
        33.004927
       ],
       [
        35.5809498,
        33.0048494
       ],
       [
        35.5814168,
        33.0047646
       ],
       [
        35.5818819,
        33.0046729
       ],
       [
        35.5823449,
        33.0045742
       ],
       [
        35.5828058,
        33.0044685
       ],
       [
        35.5832644,
        33.0043559
       ],
       [
        35.5837205,
        33.0042365
       ],
       [
        35.584174,
        33.0041101
       ],
       [
        35.5846247,
        33.003977
       ],
       [
        35.5850726,
        33.0038371
       ],
       [
        35.5855174,
        33.0036905
       ],
       [
        35.5859591,
        33.0035372
       ],
       [
        35.5863974,
        33.0033773
       ],
       [
        35.5868323,
        33.0032108
       ],
       [
        35.5872635,
        33.0030378
       ],
       [
        35.587691,
        33.0028584
       ],
       [
        35.5881147,
        33.0026725
       ],
       [
        35.5885343,
        33.0024803
       ],
       [
        35.5889498,
        33.0022818
       ],
       [
        35.5893611,
        33.0020771
       ],
       [
        35.5897679,
        33.0018662
       ],
       [
        35.5901702,
        33.0016492
       ],
       [
        35.5905678,
        33.0014262
       ],
       [
        35.5909606,
        33.0011973
       ],
       [
        35.5913485,
        33.0009625
       ],
       [
        35.5917314,
        33.0007219
       ],
       [
        35.5921091,
        33.0004755
       ],
       [
        35.5924815,
        33.0002236
       ],
       [
        35.5928485,
        32.999966
       ],
       [
        35.59321,
        32.999703
       ],
       [
        35.5935659,
        32.9994345
       ],
       [
        35.593916,
        32.9991608
       ],
       [
        35.5942602,
        32.9988818
       ],
       [
        35.5945985,
        32.9985977
       ],
       [
        35.5949307,
        32.9983086
       ],
       [
        35.5952568,
        32.9980145
       ],
       [
        35.5955765,
        32.9977155
       ],
       [
        35.5958899,
        32.9974118
       ],
       [
        35.5961967,
        32.9971034
       ],
       [
        35.596497,
        32.9967904
       ],
       [
        35.5967906,
        32.9964729
       ],
       [
        35.5970774,
        32.9961511
       ],
       [
        35.5973573,
        32.9958251
       ],
       [
        35.5976303,
        32.9954948
       ],
       [
        35.5978963,
        32.9951605
       ],
       [
        35.5981551,
        32.9948223
       ],
       [
        35.5984067,
        32.9944802
       ],
       [
        35.598651,
        32.9941344
       ],
       [
        35.598888,
        32.9937849
       ],
       [
        35.5991175,
        32.993432
       ],
       [
        35.5993394,
        32.9930756
       ],
       [
        35.5995538,
        32.992716
       ],
       [
        35.5997606,
        32.9923532
       ],
       [
        35.5999596,
        32.9919874
       ],
       [
        35.6001508,
        32.9916186
       ],
       [
        35.6003342,
        32.991247
       ],
       [
        35.6005096,
        32.9908726
       ],
       [
        35.6006771,
        32.9904957
       ],
       [
        35.6008366,
        32.9901164
       ],
       [
        35.6009881,
        32.9897347
       ],
       [
        35.6011314,
        32.9893508
       ],
       [
        35.6012665,
        32.9889648
       ],
       [
        35.6013935,
        32.9885768
       ],
       [
        35.6015122,
        32.988187
       ],
       [
        35.6016226,
        32.9877954
       ],
       [
        35.6017247,
        32.9874023
       ],
       [
        35.6018185,
        32.9870076
       ],
       [
        35.6019039,
        32.9866116
       ],
       [
        35.6019809,
        32.9862145
       ],
       [
        35.6020494,
        32.9858162
       ],
       [
        35.6021095,
        32.9854169
       ],
       [
        35.6021611,
        32.9850168
       ],
       [
        35.6022043,
        32.984616
       ],
       [
        35.6022389,
        32.9842146
       ],
       [
        35.6022651,
        32.9838127
       ],
       [
        35.6022827,
        32.9834105
       ],
       [
        35.6022917,
        32.9830081
       ],
       [
        35.6022923,
        32.9826057
       ],
       [
        35.6022843,
        32.9822033
       ],
       [
        35.6022678,
        32.981801
       ],
       [
        35.6022428,
        32.9813991
       ],
       [
        35.6022093,
        32.9809977
       ],
       [
        35.6021673,
        32.9805968
       ],
       [
        35.6021167,
        32.9801966
       ],
       [
        35.6020578,
        32.9797972
       ],
       [
        35.6019903,
        32.9793987
       ],
       [
        35.6019144,
        32.9790014
       ],
       [
        35.6018302,
        32.9786052
       ],
       [
        35.6017375,
        32.9782104
       ],
       [
        35.6016365,
        32.9778171
       ],
       [
        35.6015272,
        32.9774253
       ],
       [
        35.6014096,
        32.9770352
       ],
       [
        35.6012837,
        32.976647
       ],
       [
        35.6011496,
        32.9762607
       ],
       [
        35.6010074,
        32.9758765
       ],
       [
        35.6008571,
        32.9754945
       ],
       [
        35.6006987,
        32.9751149
       ],
       [
        35.6005323,
        32.9747376
       ],
       [
        35.6003579,
        32.974363
       ],
       [
        35.6001756,
        32.973991
       ],
       [
        35.5999854,
        32.9736218
       ],
       [
        35.5997875,
        32.9732556
       ],
       [
        35.5995818,
        32.9728924
       ],
       [
        35.5993685,
        32.9725323
       ],
       [
        35.5991476,
        32.9721755
       ],
       [
        35.5989192,
        32.9718221
       ],
       [
        35.5986833,
        32.9714722
       ],
       [
        35.59844,
        32.9711259
       ],
       [
        35.5981894,
        32.9707833
       ],
       [
        35.5979317,
        32.9704445
       ],
       [
        35.5976668,
        32.9701097
       ],
       [
        35.5973948,
        32.9697789
       ],
       [
        35.5971159,
        32.9694522
       ],
       [
        35.5968301,
        32.9691298
       ],
       [
        35.5965375,
        32.9688118
       ],
       [
        35.5962382,
        32.9684982
       ],
       [
        35.5959324,
        32.9681892
       ],
       [
        35.59562,
        32.9678848
       ],
       [
        35.5953012,
        32.9675851
       ],
       [
        35.5949762,
        32.9672904
       ],
       [
        35.594645,
        32.9670005
       ],
       [
        35.5943076,
        32.9667157
       ],
       [
        35.5939643,
        32.966436
       ],
       [
        35.5936151,
        32.9661615
       ],
       [
        35.5932602,
        32.9658923
       ],
       [
        35.5928996,
        32.9656285
       ],
       [
        35.5925335,
        32.9653702
       ],
       [
        35.592162,
        32.9651174
       ],
       [
        35.5917852,
        32.9648703
       ],
       [
        35.5914032,
        32.9646289
       ],
       [
        35.5910162,
        32.9643932
       ],
       [
        35.5906242,
        32.9641634
       ],
       [
        35.5902274,
        32.9639396
       ],
       [
        35.589826,
        32.9637218
       ],
       [
        35.58942,
        32.96351
       ],
       [
        35.5890096,
        32.9633044
       ],
       [
        35.5885949,
        32.963105
       ],
       [
        35.588176,
        32.9629118
       ],
       [
        35.5877531,
        32.962725
       ],
       [
        35.5873263,
        32.9625446
       ],
       [
        35.5868958,
        32.9623707
       ],
       [
        35.5864617,
        32.9622033
       ],
       [
        35.5860241,
        32.9620424
       ],
       [
        35.5855831,
        32.9618881
       ]
      ]
     ]
    ],
    "type": "MultiPolygon"
   }
  },
  {
   "type": "Feature",
   "properties": {
    "code": "LLD39",
    "nameHe": "הטסת רחפנים גלילות",
    "nameEn": "Drowns Glilot",
    "zoneTypeCode": "AIP_DANGER",
    "floorAmslFt": 0,
    "ceilingAmslFt": 300,
    "aglCeilingFt": null,
    "notes": "א'-17 definition note: מעגל שרדיוסו 900 מטר ומרכזו בנקודה : 32° 09' 07.00\" N 34° 49' 03.00\" E | gdb editor stamp: AMI 2021-08-29T00:00:00.000 | תיאום: לתיאום טיסה במרחב זה יש ליצור קשר עם חמ\"ל 9950 בטלפון 052-3792937."
   },
   "geometry": {
    "coordinates": [
     [
      [
       [
        34.8175,
        32.1600606
       ],
       [
        34.8177841,
        32.160057
       ],
       [
        34.8180679,
        32.1600462
       ],
       [
        34.8183512,
        32.1600283
       ],
       [
        34.8186338,
        32.1600031
       ],
       [
        34.8189153,
        32.1599708
       ],
       [
        34.8191956,
        32.1599314
       ],
       [
        34.8194744,
        32.1598849
       ],
       [
        34.8197515,
        32.1598314
       ],
       [
        34.8200265,
        32.1597709
       ],
       [
        34.8202994,
        32.1597034
       ],
       [
        34.8205697,
        32.1596291
       ],
       [
        34.8208373,
        32.1595479
       ],
       [
        34.8211019,
        32.15946
       ],
       [
        34.8213634,
        32.1593654
       ],
       [
        34.8216214,
        32.1592643
       ],
       [
        34.8218758,
        32.1591566
       ],
       [
        34.8221263,
        32.1590426
       ],
       [
        34.8223726,
        32.1589223
       ],
       [
        34.8226147,
        32.1587958
       ],
       [
        34.8228522,
        32.1586632
       ],
       [
        34.823085,
        32.1585246
       ],
       [
        34.8233129,
        32.1583802
       ],
       [
        34.8235355,
        32.1582302
       ],
       [
        34.8237528,
        32.1580745
       ],
       [
        34.8239646,
        32.1579134
       ],
       [
        34.8241707,
        32.157747
       ],
       [
        34.8243708,
        32.1575755
       ],
       [
        34.8245648,
        32.1573989
       ],
       [
        34.8247526,
        32.1572176
       ],
       [
        34.8249339,
        32.1570315
       ],
       [
        34.8251087,
        32.156841
       ],
       [
        34.8252767,
        32.1566461
       ],
       [
        34.8254378,
        32.156447
       ],
       [
        34.8255918,
        32.156244
       ],
       [
        34.8257387,
        32.1560371
       ],
       [
        34.8258783,
        32.1558266
       ],
       [
        34.8260104,
        32.1556127
       ],
       [
        34.826135,
        32.1553955
       ],
       [
        34.826252,
        32.1551752
       ],
       [
        34.8263612,
        32.1549521
       ],
       [
        34.8264625,
        32.1547263
       ],
       [
        34.8265559,
        32.1544981
       ],
       [
        34.8266412,
        32.1542676
       ],
       [
        34.8267185,
        32.154035
       ],
       [
        34.8267875,
        32.1538006
       ],
       [
        34.8268484,
        32.1535645
       ],
       [
        34.8269009,
        32.153327
       ],
       [
        34.8269451,
        32.1530883
       ],
       [
        34.8269809,
        32.1528485
       ],
       [
        34.8270084,
        32.152608
       ],
       [
        34.8270274,
        32.1523668
       ],
       [
        34.8270379,
        32.1521253
       ],
       [
        34.82704,
        32.1518837
       ],
       [
        34.8270336,
        32.151642
       ],
       [
        34.8270188,
        32.1514007
       ],
       [
        34.8269955,
        32.1511598
       ],
       [
        34.8269639,
        32.1509197
       ],
       [
        34.8269238,
        32.1506804
       ],
       [
        34.8268754,
        32.1504423
       ],
       [
        34.8268186,
        32.1502055
       ],
       [
        34.8267536,
        32.1499702
       ],
       [
        34.8266804,
        32.1497367
       ],
       [
        34.8265991,
        32.1495051
       ],
       [
        34.8265097,
        32.1492757
       ],
       [
        34.8264122,
        32.1490487
       ],
       [
        34.8263069,
        32.1488243
       ],
       [
        34.8261938,
        32.1486026
       ],
       [
        34.826073,
        32.1483838
       ],
       [
        34.8259446,
        32.1481683
       ],
       [
        34.8258087,
        32.147956
       ],
       [
        34.8256654,
        32.1477474
       ],
       [
        34.8255149,
        32.1475424
       ],
       [
        34.8253573,
        32.1473413
       ],
       [
        34.8251927,
        32.1471444
       ],
       [
        34.8250213,
        32.1469516
       ],
       [
        34.8248432,
        32.1467633
       ],
       [
        34.8246587,
        32.1465796
       ],
       [
        34.8244677,
        32.1464007
       ],
       [
        34.8242706,
        32.1462266
       ],
       [
        34.8240675,
        32.1460577
       ],
       [
        34.8238586,
        32.1458939
       ],
       [
        34.823644,
        32.1457356
       ],
       [
        34.823424,
        32.1455827
       ],
       [
        34.8231988,
        32.1454355
       ],
       [
        34.8229684,
        32.145294
       ],
       [
        34.8227333,
        32.1451584
       ],
       [
        34.8224935,
        32.1450289
       ],
       [
        34.8222493,
        32.1449055
       ],
       [
        34.8220008,
        32.1447883
       ],
       [
        34.8217484,
        32.1446775
       ],
       [
        34.8214922,
        32.1445731
       ],
       [
        34.8212325,
        32.1444752
       ],
       [
        34.8209694,
        32.144384
       ],
       [
        34.8207033,
        32.1442995
       ],
       [
        34.8204343,
        32.1442217
       ],
       [
        34.8201628,
        32.1441508
       ],
       [
        34.8198889,
        32.1440868
       ],
       [
        34.8196128,
        32.1440298
       ],
       [
        34.8193349,
        32.1439798
       ],
       [
        34.8190554,
        32.1439369
       ],
       [
        34.8187745,
        32.143901
       ],
       [
        34.8184924,
        32.1438723
       ],
       [
        34.8182095,
        32.1438507
       ],
       [
        34.817926,
        32.1438363
       ],
       [
        34.817642,
        32.1438291
       ],
       [
        34.817358,
        32.1438291
       ],
       [
        34.817074,
        32.1438363
       ],
       [
        34.8167905,
        32.1438507
       ],
       [
        34.8165076,
        32.1438723
       ],
       [
        34.8162255,
        32.143901
       ],
       [
        34.8159446,
        32.1439369
       ],
       [
        34.8156651,
        32.1439798
       ],
       [
        34.8153872,
        32.1440298
       ],
       [
        34.8151111,
        32.1440868
       ],
       [
        34.8148372,
        32.1441508
       ],
       [
        34.8145657,
        32.1442217
       ],
       [
        34.8142967,
        32.1442995
       ],
       [
        34.8140306,
        32.144384
       ],
       [
        34.8137675,
        32.1444752
       ],
       [
        34.8135078,
        32.1445731
       ],
       [
        34.8132516,
        32.1446775
       ],
       [
        34.8129992,
        32.1447883
       ],
       [
        34.8127507,
        32.1449055
       ],
       [
        34.8125065,
        32.1450289
       ],
       [
        34.8122667,
        32.1451584
       ],
       [
        34.8120316,
        32.145294
       ],
       [
        34.8118012,
        32.1454355
       ],
       [
        34.811576,
        32.1455827
       ],
       [
        34.811356,
        32.1457356
       ],
       [
        34.8111414,
        32.1458939
       ],
       [
        34.8109325,
        32.1460577
       ],
       [
        34.8107294,
        32.1462266
       ],
       [
        34.8105323,
        32.1464007
       ],
       [
        34.8103413,
        32.1465796
       ],
       [
        34.8101568,
        32.1467633
       ],
       [
        34.8099787,
        32.1469516
       ],
       [
        34.8098073,
        32.1471444
       ],
       [
        34.8096427,
        32.1473413
       ],
       [
        34.8094851,
        32.1475424
       ],
       [
        34.8093346,
        32.1477474
       ],
       [
        34.8091913,
        32.147956
       ],
       [
        34.8090554,
        32.1481683
       ],
       [
        34.808927,
        32.1483838
       ],
       [
        34.8088062,
        32.1486026
       ],
       [
        34.8086931,
        32.1488243
       ],
       [
        34.8085877,
        32.1490487
       ],
       [
        34.8084903,
        32.1492757
       ],
       [
        34.8084009,
        32.1495051
       ],
       [
        34.8083196,
        32.1497367
       ],
       [
        34.8082464,
        32.1499702
       ],
       [
        34.8081814,
        32.1502055
       ],
       [
        34.8081246,
        32.1504423
       ],
       [
        34.8080762,
        32.1506804
       ],
       [
        34.8080361,
        32.1509197
       ],
       [
        34.8080045,
        32.1511598
       ],
       [
        34.8079812,
        32.1514007
       ],
       [
        34.8079664,
        32.151642
       ],
       [
        34.80796,
        32.1518837
       ],
       [
        34.8079621,
        32.1521253
       ],
       [
        34.8079726,
        32.1523668
       ],
       [
        34.8079916,
        32.152608
       ],
       [
        34.8080191,
        32.1528485
       ],
       [
        34.8080549,
        32.1530883
       ],
       [
        34.8080991,
        32.153327
       ],
       [
        34.8081516,
        32.1535645
       ],
       [
        34.8082125,
        32.1538006
       ],
       [
        34.8082815,
        32.154035
       ],
       [
        34.8083588,
        32.1542676
       ],
       [
        34.8084441,
        32.1544981
       ],
       [
        34.8085375,
        32.1547263
       ],
       [
        34.8086388,
        32.1549521
       ],
       [
        34.808748,
        32.1551752
       ],
       [
        34.808865,
        32.1553955
       ],
       [
        34.8089896,
        32.1556127
       ],
       [
        34.8091217,
        32.1558266
       ],
       [
        34.8092613,
        32.1560371
       ],
       [
        34.8094082,
        32.156244
       ],
       [
        34.8095622,
        32.156447
       ],
       [
        34.8097233,
        32.1566461
       ],
       [
        34.8098913,
        32.156841
       ],
       [
        34.8100661,
        32.1570315
       ],
       [
        34.8102474,
        32.1572176
       ],
       [
        34.8104352,
        32.1573989
       ],
       [
        34.8106292,
        32.1575755
       ],
       [
        34.8108293,
        32.157747
       ],
       [
        34.8110354,
        32.1579134
       ],
       [
        34.8112472,
        32.1580745
       ],
       [
        34.8114645,
        32.1582302
       ],
       [
        34.8116872,
        32.1583802
       ],
       [
        34.811915,
        32.1585246
       ],
       [
        34.8121478,
        32.1586632
       ],
       [
        34.8123853,
        32.1587958
       ],
       [
        34.8126274,
        32.1589223
       ],
       [
        34.8128737,
        32.1590426
       ],
       [
        34.8131242,
        32.1591566
       ],
       [
        34.8133786,
        32.1592643
       ],
       [
        34.8136366,
        32.1593654
       ],
       [
        34.8138981,
        32.15946
       ],
       [
        34.8141627,
        32.1595479
       ],
       [
        34.8144303,
        32.1596291
       ],
       [
        34.8147006,
        32.1597034
       ],
       [
        34.8149735,
        32.1597709
       ],
       [
        34.8152485,
        32.1598314
       ],
       [
        34.8155256,
        32.1598849
       ],
       [
        34.8158044,
        32.1599314
       ],
       [
        34.8160847,
        32.1599708
       ],
       [
        34.8163662,
        32.1600031
       ],
       [
        34.8166488,
        32.1600283
       ],
       [
        34.8169321,
        32.1600462
       ],
       [
        34.8172159,
        32.160057
       ],
       [
        34.8175,
        32.1600606
       ]
      ]
     ]
    ],
    "type": "MultiPolygon"
   }
  },
  {
   "type": "Feature",
   "properties": {
    "code": "LLD40",
    "nameHe": "הטסת רחפנים גלילות דרום",
    "nameEn": "Drowns Glilot South",
    "zoneTypeCode": "AIP_DANGER",
    "floorAmslFt": 0,
    "ceilingAmslFt": 300,
    "aglCeilingFt": null,
    "notes": "gdb editor stamp: AMI 2022-01-23T00:00:00.000 | תיאום: לתיאום טיסה במרחב זה יש ליצור קשר עם חמ\"ל 9950 בטלפון 052-3792937."
   },
   "geometry": {
    "coordinates": [
     [
      [
       [
        34.8336111,
        32.1286389
       ],
       [
        34.8336667,
        32.1299167
       ],
       [
        34.8382222,
        32.1298611
       ],
       [
        34.8414722,
        32.1303333
       ],
       [
        34.8530556,
        32.1251111
       ],
       [
        34.8538056,
        32.1233889
       ],
       [
        34.8488611,
        32.1074167
       ],
       [
        34.8475,
        32.1067778
       ],
       [
        34.8436944,
        32.1214722
       ],
       [
        34.8385833,
        32.1275
       ],
       [
        34.8336111,
        32.1286389
       ]
      ]
     ]
    ],
    "type": "MultiPolygon"
   }
  },
  {
   "type": "Feature",
   "properties": {
    "code": "LLD41",
    "nameHe": "הטסת רחפנים פרספטו",
    "nameEn": "Drowns Rotem",
    "zoneTypeCode": "AIP_DANGER",
    "floorAmslFt": 0,
    "ceilingAmslFt": 1600,
    "aglCeilingFt": null,
    "notes": "not in א'-17 appendix ב' — source: gdb only (A17 flag V) | gdb editor stamp: AMI 2022-01-23T00:00:00.000"
   },
   "geometry": {
    "coordinates": [
     [
      [
       [
        35.2006667,
        31.092
       ],
       [
        35.2181667,
        31.0918333
       ],
       [
        35.2101667,
        31.0433333
       ],
       [
        35.177,
        31.0441667
       ],
       [
        35.178,
        31.0593333
       ],
       [
        35.1925,
        31.0596667
       ],
       [
        35.203,
        31.0786667
       ],
       [
        35.2006667,
        31.0886667
       ],
       [
        35.2006667,
        31.092
       ]
      ]
     ]
    ],
    "type": "MultiPolygon"
   }
  },
  {
   "type": "Feature",
   "properties": {
    "code": "LLD42",
    "nameHe": "הטסת רחפנים ים המלח",
    "nameEn": "Drowns Dead Sea Plants",
    "zoneTypeCode": "AIP_DANGER",
    "floorAmslFt": 0,
    "ceilingAmslFt": -530,
    "aglCeilingFt": null,
    "notes": "gdb editor stamp: AMI 2022-01-23T00:00:00.000 | תיאום: לתיאום טיסה במרחב זה יש ליצור קשר עם שי חן בטלפון 054-7302309 / 08-9977741."
   },
   "geometry": {
    "coordinates": [
     [
      [
       [
        35.3946667,
        31.0953333
       ],
       [
        35.4463333,
        31.09
       ],
       [
        35.4171667,
        31.0366667
       ],
       [
        35.4108333,
        30.9705
       ],
       [
        35.363,
        30.9645
       ],
       [
        35.3648333,
        30.9911667
       ],
       [
        35.3573889,
        31.0336667
       ],
       [
        35.3955,
        31.0633333
       ],
       [
        35.3946667,
        31.0953333
       ]
      ]
     ]
    ],
    "type": "MultiPolygon"
   }
  },
  {
   "type": "Feature",
   "properties": {
    "code": "LLD43",
    "nameHe": "הטסת רחפנים עתלית",
    "nameEn": "Drowns Atlit",
    "zoneTypeCode": "AIP_DANGER",
    "floorAmslFt": 0,
    "ceilingAmslFt": 2000,
    "aglCeilingFt": null,
    "notes": "GEOMETRY DISAGREEMENT: 1/5 א'-17 vertices do not appear in the gdb outline — requires visual adjudication (ב'-08) | gdb editor stamp: AMI 2022-01-23T00:00:00.000"
   },
   "geometry": {
    "coordinates": [
     [
      [
       [
        34.8825,
        32.7133333
       ],
       [
        34.9405,
        32.712
       ],
       [
        34.945,
        32.7008333
       ],
       [
        34.9443333,
        32.6818333
       ],
       [
        34.8680556,
        32.6818611
       ],
       [
        34.8825,
        32.7133333
       ]
      ]
     ]
    ],
    "type": "MultiPolygon"
   }
  },
  {
   "type": "Feature",
   "properties": {
    "code": "LLD44",
    "nameHe": "רמת דוד 1",
    "nameEn": "Ramat David 1",
    "zoneTypeCode": "AIP_DANGER",
    "floorAmslFt": 0,
    "ceilingAmslFt": 3000,
    "aglCeilingFt": null,
    "notes": "א'-17 definition note: מהנקודה הקודמת עוקב הגבול אחר קשת ברדיוס של 2 ק \" מ שמרכזה בנקודה הבאה : · הקשת מסתיימת בנקודה הבאה : | gdb editor stamp: AMI 2022-07-17T00:00:00.000 | תיאום: לתיאום טיסה במרחב זה יש ליצור קשר עם מגדל רמת דוד בטלפון המפורסם בפרק א 07."
   },
   "geometry": {
    "coordinates": [
     [
      [
       [
        35.1617257,
        32.6056154
       ],
       [
        35.143544,
        32.5834581
       ],
       [
        35.140195,
        32.586179
       ],
       [
        35.1365835,
        32.5879453
       ],
       [
        35.1089543,
        32.5946213
       ],
       [
        35.1164563,
        32.5967378
       ],
       [
        35.1390913,
        32.6183948
       ],
       [
        35.1383501,
        32.6194258
       ],
       [
        35.1379766,
        32.6205597
       ],
       [
        35.1379121,
        32.6209114
       ],
       [
        35.1378558,
        32.6212641
       ],
       [
        35.1378077,
        32.6216177
       ],
       [
        35.1377679,
        32.621972
       ],
       [
        35.1377364,
        32.6223269
       ],
       [
        35.1377131,
        32.6226823
       ],
       [
        35.1376982,
        32.623038
       ],
       [
        35.1376915,
        32.6233938
       ],
       [
        35.1376931,
        32.6237497
       ],
       [
        35.1377031,
        32.6241056
       ],
       [
        35.1377213,
        32.6244611
       ],
       [
        35.1377478,
        32.6248163
       ],
       [
        35.1377826,
        32.625171
       ],
       [
        35.1378257,
        32.6255251
       ],
       [
        35.137877,
        32.6258783
       ],
       [
        35.1379365,
        32.6262306
       ],
       [
        35.1380043,
        32.6265819
       ],
       [
        35.1380802,
        32.626932
       ],
       [
        35.1381643,
        32.6272807
       ],
       [
        35.1382565,
        32.6276279
       ],
       [
        35.1383567,
        32.6279736
       ],
       [
        35.138465,
        32.6283175
       ],
       [
        35.1385814,
        32.6286595
       ],
       [
        35.1387056,
        32.6289995
       ],
       [
        35.1388378,
        32.6293374
       ],
       [
        35.1389779,
        32.629673
       ],
       [
        35.1391257,
        32.6300062
       ],
       [
        35.1392813,
        32.6303369
       ],
       [
        35.1394445,
        32.6306649
       ],
       [
        35.1396154,
        32.6309901
       ],
       [
        35.1397938,
        32.6313124
       ],
       [
        35.1399798,
        32.6316316
       ],
       [
        35.1401731,
        32.6319477
       ],
       [
        35.1403738,
        32.6322605
       ],
       [
        35.1405809,
        32.6325687
       ],
       [
        35.1407951,
        32.6328733
       ],
       [
        35.1410163,
        32.6331744
       ],
       [
        35.1412445,
        32.6334717
       ],
       [
        35.1414796,
        32.6337652
       ],
       [
        35.1417215,
        32.6340546
       ],
       [
        35.14197,
        32.6343401
       ],
       [
        35.1422251,
        32.6346213
       ],
       [
        35.1424867,
        32.6348982
       ],
       [
        35.1427547,
        32.6351707
       ],
       [
        35.1430289,
        32.6354387
       ],
       [
        35.1433094,
        32.6357021
       ],
       [
        35.1435959,
        32.6359608
       ],
       [
        35.1438883,
        32.6362146
       ],
       [
        35.1441866,
        32.6364636
       ],
       [
        35.1444907,
        32.6367075
       ],
       [
        35.1448003,
        32.6369463
       ],
       [
        35.1451155,
        32.63718
       ],
       [
        35.145436,
        32.6374083
       ],
       [
        35.1457617,
        32.6376313
       ],
       [
        35.1460926,
        32.6378488
       ],
       [
        35.1464284,
        32.6380607
       ],
       [
        35.1467692,
        32.6382671
       ],
       [
        35.1471146,
        32.6384677
       ],
       [
        35.1474661,
        32.6386633
       ],
       [
        35.147822,
        32.638853
       ],
       [
        35.1481823,
        32.6390367
       ],
       [
        35.1485469,
        32.6392144
       ],
       [
        35.1489155,
        32.6393859
       ],
       [
        35.149288,
        32.6395512
       ],
       [
        35.1496643,
        32.6397103
       ],
       [
        35.1500443,
        32.6398631
       ],
       [
        35.1504278,
        32.6400095
       ],
       [
        35.1508146,
        32.6401495
       ],
       [
        35.1512045,
        32.640283
       ],
       [
        35.1515976,
        32.6404099
       ],
       [
        35.1519935,
        32.6405302
       ],
       [
        35.1523921,
        32.6406439
       ],
       [
        35.1527933,
        32.640751
       ],
       [
        35.153197,
        32.6408513
       ],
       [
        35.1536029,
        32.6409448
       ],
       [
        35.1540109,
        32.6410316
       ],
       [
        35.1544208,
        32.6411115
       ],
       [
        35.1548326,
        32.6411846
       ],
       [
        35.1552459,
        32.6412507
       ],
       [
        35.1556608,
        32.64131
       ],
       [
        35.1560769,
        32.6413623
       ],
       [
        35.1564941,
        32.6414076
       ],
       [
        35.1569124,
        32.641446
       ],
       [
        35.1573314,
        32.6414773
       ],
       [
        35.1577511,
        32.6415017
       ],
       [
        35.1581713,
        32.6415191
       ],
       [
        35.1585919,
        32.6415294
       ],
       [
        35.1590125,
        32.6415327
       ],
       [
        35.1594332,
        32.641529
       ],
       [
        35.1597761,
        32.6415207
       ],
       [
        35.1601187,
        32.6415078
       ],
       [
        35.1604611,
        32.6414903
       ],
       [
        35.1608031,
        32.641468
       ],
       [
        35.1612044,
        32.6414359
       ],
       [
        35.1616049,
        32.6413975
       ],
       [
        35.1620045,
        32.6413526
       ],
       [
        35.1624031,
        32.6413013
       ],
       [
        35.1628004,
        32.6412436
       ],
       [
        35.1631963,
        32.6411796
       ],
       [
        35.1635908,
        32.6411093
       ],
       [
        35.1639836,
        32.6410327
       ],
       [
        35.1643746,
        32.6409498
       ],
       [
        35.1647637,
        32.6408606
       ],
       [
        35.1651507,
        32.6407653
       ],
       [
        35.1655355,
        32.6406637
       ],
       [
        35.165918,
        32.6405561
       ],
       [
        35.166298,
        32.6404423
       ],
       [
        35.1666754,
        32.6403224
       ],
       [
        35.1670692,
        32.64019
       ],
       [
        35.1674598,
        32.6400509
       ],
       [
        35.167847,
        32.6399053
       ],
       [
        35.1682307,
        32.6397532
       ],
       [
        35.1686108,
        32.6395947
       ],
       [
        35.168987,
        32.6394298
       ],
       [
        35.1693593,
        32.6392587
       ],
       [
        35.1697276,
        32.6390813
       ],
       [
        35.1700915,
        32.6388977
       ],
       [
        35.1704511,
        32.638708
       ],
       [
        35.1708062,
        32.6385124
       ],
       [
        35.1711566,
        32.6383108
       ],
       [
        35.1715021,
        32.6381033
       ],
       [
        35.1718428,
        32.6378901
       ],
       [
        35.1721783,
        32.6376712
       ],
       [
        35.1725087,
        32.6374467
       ],
       [
        35.1728337,
        32.6372166
       ],
       [
        35.1731532,
        32.6369812
       ],
       [
        35.1734672,
        32.6367404
       ],
       [
        35.1737754,
        32.6364944
       ],
       [
        35.1740778,
        32.6362432
       ],
       [
        35.1743742,
        32.635987
       ],
       [
        35.1746645,
        32.6357259
       ],
       [
        35.1749486,
        32.63546
       ],
       [
        35.1752265,
        32.6351893
       ],
       [
        35.1754979,
        32.634914
       ],
       [
        35.1757628,
        32.6346341
       ],
       [
        35.176021,
        32.6343499
       ],
       [
        35.1762726,
        32.6340614
       ],
       [
        35.1765104,
        32.6337771
       ],
       [
        35.1767416,
        32.633489
       ],
       [
        35.1769663,
        32.6331972
       ],
       [
        35.1771842,
        32.6329018
       ],
       [
        35.1773954,
        32.6326028
       ],
       [
        35.1775997,
        32.6323005
       ],
       [
        35.177797,
        32.6319949
       ],
       [
        35.1779874,
        32.6316861
       ],
       [
        35.1781706,
        32.6313742
       ],
       [
        35.1783468,
        32.6310594
       ],
       [
        35.1785156,
        32.6307418
       ],
       [
        35.1786772,
        32.6304215
       ],
       [
        35.1788315,
        32.6300986
       ],
       [
        35.1789784,
        32.6297733
       ],
       [
        35.1791178,
        32.6294456
       ],
       [
        35.1792541,
        32.6291042
       ],
       [
        35.1793824,
        32.6287606
       ],
       [
        35.1795025,
        32.6284148
       ],
       [
        35.1796144,
        32.6280671
       ],
       [
        35.1797181,
        32.6277176
       ],
       [
        35.1798135,
        32.6273664
       ],
       [
        35.1799006,
        32.6270137
       ],
       [
        35.1799794,
        32.6266595
       ],
       [
        35.1800498,
        32.6263041
       ],
       [
        35.1801118,
        32.6259476
       ],
       [
        35.1801653,
        32.6255901
       ],
       [
        35.1802104,
        32.6252318
       ],
       [
        35.180247,
        32.6248727
       ],
       [
        35.1802751,
        32.6245132
       ],
       [
        35.1802948,
        32.6241532
       ],
       [
        35.1803059,
        32.6237929
       ],
       [
        35.1803085,
        32.6234326
       ],
       [
        35.1803026,
        32.6230723
       ],
       [
        35.1802882,
        32.6227121
       ],
       [
        35.1802653,
        32.6223523
       ],
       [
        35.1802339,
        32.6219929
       ],
       [
        35.1801941,
        32.6216341
       ],
       [
        35.1801457,
        32.6212761
       ],
       [
        35.180089,
        32.6209189
       ],
       [
        35.1800238,
        32.6205628
       ],
       [
        35.1799502,
        32.6202079
       ],
       [
        35.1798682,
        32.6198542
       ],
       [
        35.1797779,
        32.6195021
       ],
       [
        35.1796793,
        32.6191515
       ],
       [
        35.1795725,
        32.6188027
       ],
       [
        35.1794574,
        32.6184557
       ],
       [
        35.1793342,
        32.6181108
       ],
       [
        35.1792028,
        32.617768
       ],
       [
        35.1790634,
        32.6174275
       ],
       [
        35.178916,
        32.6170894
       ],
       [
        35.1787606,
        32.6167539
       ],
       [
        35.1785974,
        32.6164211
       ],
       [
        35.1784263,
        32.6160911
       ],
       [
        35.1782474,
        32.6157641
       ],
       [
        35.1780609,
        32.6154401
       ],
       [
        35.1778668,
        32.6151194
       ],
       [
        35.1776651,
        32.614802
       ],
       [
        35.177456,
        32.6144881
       ],
       [
        35.1772395,
        32.6141778
       ],
       [
        35.1770157,
        32.6138712
       ],
       [
        35.1767847,
        32.6135685
       ],
       [
        35.1765467,
        32.6132697
       ],
       [
        35.1763016,
        32.612975
       ],
       [
        35.1760496,
        32.6126845
       ],
       [
        35.1757908,
        32.6123984
       ],
       [
        35.1755253,
        32.6121167
       ],
       [
        35.1752532,
        32.6118395
       ],
       [
        35.1749747,
        32.6115669
       ],
       [
        35.1746897,
        32.6112992
       ],
       [
        35.1743985,
        32.6110363
       ],
       [
        35.1741011,
        32.6107784
       ],
       [
        35.1737977,
        32.6105256
       ],
       [
        35.1734884,
        32.6102779
       ],
       [
        35.1731734,
        32.6100355
       ],
       [
        35.1728526,
        32.6097985
       ],
       [
        35.1725263,
        32.609567
       ],
       [
        35.1721947,
        32.6093411
       ],
       [
        35.1718577,
        32.6091207
       ],
       [
        35.1715157,
        32.6089062
       ],
       [
        35.1711686,
        32.6086974
       ],
       [
        35.1708167,
        32.6084946
       ],
       [
        35.1704601,
        32.6082978
       ],
       [
        35.1700988,
        32.608107
       ],
       [
        35.1697332,
        32.6079224
       ],
       [
        35.1693633,
        32.607744
       ],
       [
        35.1689892,
        32.6075719
       ],
       [
        35.1686112,
        32.6074062
       ],
       [
        35.1682293,
        32.6072468
       ],
       [
        35.1678437,
        32.607094
       ],
       [
        35.1674546,
        32.6069477
       ],
       [
        35.1670621,
        32.606808
       ],
       [
        35.1666664,
        32.606675
       ],
       [
        35.1662677,
        32.6065488
       ],
       [
        35.165866,
        32.6064292
       ],
       [
        35.1654616,
        32.6063165
       ],
       [
        35.1650547,
        32.6062107
       ],
       [
        35.1646453,
        32.6061117
       ],
       [
        35.1642336,
        32.6060198
       ],
       [
        35.1638199,
        32.6059347
       ],
       [
        35.1634042,
        32.6058567
       ],
       [
        35.1629868,
        32.6057858
       ],
       [
        35.1625678,
        32.6057219
       ],
       [
        35.1621474,
        32.6056651
       ],
       [
        35.1617257,
        32.6056154
       ]
      ]
     ]
    ],
    "type": "MultiPolygon"
   }
  },
  {
   "type": "Feature",
   "properties": {
    "code": "LLD45",
    "nameHe": "רמת דוד 2",
    "nameEn": "Ramat David 2",
    "zoneTypeCode": "AIP_DANGER",
    "floorAmslFt": 2000,
    "ceilingAmslFt": 8000,
    "aglCeilingFt": null,
    "notes": "not in א'-17 appendix ב' — source: gdb only (A17 flag V) | gdb editor stamp: Yael 2022-09-07T00:00:00.000"
   },
   "geometry": {
    "coordinates": [
     [
      [
       [
        35.1315084,
        32.5619527
       ],
       [
        35.1304637,
        32.5619239
       ],
       [
        35.1294191,
        32.561953
       ],
       [
        35.1283789,
        32.5620399
       ],
       [
        35.1273477,
        32.5621843
       ],
       [
        35.1263298,
        32.5623854
       ],
       [
        35.1261419,
        32.5624291
       ],
       [
        35.0866472,
        32.5718278
       ],
       [
        35.0858348,
        32.5720408
       ],
       [
        35.0848563,
        32.5723524
       ],
       [
        35.0839041,
        32.5727175
       ],
       [
        35.0829821,
        32.5731346
       ],
       [
        35.0820942,
        32.5736018
       ],
       [
        35.0812444,
        32.5741171
       ],
       [
        35.0804361,
        32.5746785
       ],
       [
        35.0796729,
        32.5752833
       ],
       [
        35.0789581,
        32.5759292
       ],
       [
        35.0782947,
        32.5766132
       ],
       [
        35.0776855,
        32.5773325
       ],
       [
        35.0771332,
        32.578084
       ],
       [
        35.0766401,
        32.5788645
       ],
       [
        35.0762084,
        32.5796706
       ],
       [
        35.0758398,
        32.5804989
       ],
       [
        35.075536,
        32.5813458
       ],
       [
        35.0752983,
        32.5822078
       ],
       [
        35.0751276,
        32.583081
       ],
       [
        35.0750248,
        32.5839618
       ],
       [
        35.0749903,
        32.5848465
       ],
       [
        35.0750241,
        32.5857311
       ],
       [
        35.0751262,
        32.586612
       ],
       [
        35.0752962,
        32.5874854
       ],
       [
        35.0755333,
        32.5883474
       ],
       [
        35.0758364,
        32.5891945
       ],
       [
        35.0762044,
        32.590023
       ],
       [
        35.0766356,
        32.5908293
       ],
       [
        35.0771282,
        32.5916101
       ],
       [
        35.07768,
        32.5923619
       ],
       [
        35.0782888,
        32.5930815
       ],
       [
        35.0789518,
        32.5937659
       ],
       [
        35.0796663,
        32.5944121
       ],
       [
        35.0804293,
        32.5950173
       ],
       [
        35.0812373,
        32.595579
       ],
       [
        35.0820871,
        32.5960948
       ],
       [
        35.0829749,
        32.5965624
       ],
       [
        35.0838969,
        32.5969798
       ],
       [
        35.0848492,
        32.5973453
       ],
       [
        35.0858277,
        32.5976573
       ],
       [
        35.0868282,
        32.5979144
       ],
       [
        35.0878465,
        32.5981156
       ],
       [
        35.0888781,
        32.59826
       ],
       [
        35.0899186,
        32.5983469
       ],
       [
        35.0909637,
        32.598376
       ],
       [
        35.0920088,
        32.5983472
       ],
       [
        35.0930494,
        32.5982606
       ],
       [
        35.0940811,
        32.5981166
       ],
       [
        35.0950994,
        32.5979157
       ],
       [
        35.0952874,
        32.5978721
       ],
       [
        35.1347927,
        32.5884707
       ],
       [
        35.1356051,
        32.5882573
       ],
       [
        35.1365835,
        32.5879453
       ],
       [
        35.1375357,
        32.5875798
       ],
       [
        35.1384576,
        32.5871624
       ],
       [
        35.1393453,
        32.5866948
       ],
       [
        35.140195,
        32.586179
       ],
       [
        35.141003,
        32.5856173
       ],
       [
        35.1417658,
        32.5850121
       ],
       [
        35.1424803,
        32.5843659
       ],
       [
        35.1431432,
        32.5836815
       ],
       [
        35.1437519,
        32.5829619
       ],
       [
        35.1443037,
        32.5822101
       ],
       [
        35.1447962,
        32.5814294
       ],
       [
        35.1452274,
        32.580623
       ],
       [
        35.1455953,
        32.5797945
       ],
       [
        35.1458985,
        32.5789474
       ],
       [
        35.1461355,
        32.5780854
       ],
       [
        35.1463054,
        32.577212
       ],
       [
        35.1464076,
        32.5763311
       ],
       [
        35.1464414,
        32.5754465
       ],
       [
        35.1464069,
        32.5745618
       ],
       [
        35.146304,
        32.573681
       ],
       [
        35.1461334,
        32.5728078
       ],
       [
        35.1458957,
        32.5719458
       ],
       [
        35.1455919,
        32.5710989
       ],
       [
        35.1452234,
        32.5702706
       ],
       [
        35.1447917,
        32.5694645
       ],
       [
        35.1442987,
        32.568684
       ],
       [
        35.1437464,
        32.5679325
       ],
       [
        35.1431373,
        32.5672132
       ],
       [
        35.142474,
        32.5665292
       ],
       [
        35.1417592,
        32.5658833
       ],
       [
        35.1409961,
        32.5652785
       ],
       [
        35.140188,
        32.5647171
       ],
       [
        35.1393382,
        32.5642018
       ],
       [
        35.1384504,
        32.5637346
       ],
       [
        35.1375285,
        32.5633175
       ],
       [
        35.1365763,
        32.5629524
       ],
       [
        35.135598,
        32.5626408
       ],
       [
        35.1345978,
        32.5623841
       ],
       [
        35.1335798,
        32.5621833
       ],
       [
        35.1325485,
        32.5620393
       ],
       [
        35.1315084,
        32.5619527
       ]
      ]
     ]
    ],
    "type": "MultiPolygon"
   }
  },
  {
   "type": "Feature",
   "properties": {
    "code": "LLD46",
    "nameHe": "פרספטו קרית גת",
    "nameEn": null,
    "zoneTypeCode": "AIP_DANGER",
    "floorAmslFt": 0,
    "ceilingAmslFt": 900,
    "aglCeilingFt": null,
    "notes": "geometry from א'-17 appendix ב' text (6 published vertices) — zone absent from ZONE_gdb.zip | תיאום: לתיאום טיסה במרחב זה יש ליצור קשר עם נציג החברה בטלפון 052-8669537 / 054-9151539."
   },
   "geometry": {
    "type": "Polygon",
    "coordinates": [
     [
      [
       34.7732806,
       31.5969194
      ],
      [
       34.7741889,
       31.6007389
      ],
      [
       34.7795889,
       31.6006694
      ],
      [
       34.7828194,
       31.5976611
      ],
      [
       34.7798889,
       31.5941611
      ],
      [
       34.7751889,
       31.5949694
      ],
      [
       34.7732806,
       31.5969194
      ]
     ]
    ]
   }
  },
  {
   "type": "Feature",
   "properties": {
    "code": "LLD47",
    "nameHe": "מנחת טיסנים נגבה",
    "nameEn": null,
    "zoneTypeCode": "AIP_DANGER",
    "floorAmslFt": 0,
    "ceilingAmslFt": 500,
    "aglCeilingFt": null,
    "notes": "geometry from א'-17 appendix ב' text (4 published vertices) — zone absent from ZONE_gdb.zip"
   },
   "geometry": {
    "type": "Polygon",
    "coordinates": [
     [
      [
       34.6975,
       31.6901667
      ],
      [
       34.7268333,
       31.6803333
      ],
      [
       34.7198333,
       31.6655
      ],
      [
       34.6903333,
       31.6755
      ],
      [
       34.6975,
       31.6901667
      ]
     ]
    ]
   }
  },
  {
   "type": "Feature",
   "properties": {
    "code": "LLD48",
    "nameHe": "רמת הכובש",
    "nameEn": null,
    "zoneTypeCode": "AIP_DANGER",
    "floorAmslFt": 0,
    "ceilingAmslFt": 700,
    "aglCeilingFt": null,
    "notes": "geometry from א'-17 appendix ב' text (6 published vertices) — zone absent from ZONE_gdb.zip | תיאום: לתיאום טיסה במרחב זה יש ליצור קשר עם נציג חברת קנדו בטלפון 054-2021535 בועז צרפתי, 052-6909123 גיל שטיבלמן."
   },
   "geometry": {
    "type": "Polygon",
    "coordinates": [
     [
      [
       34.9456667,
       32.2104722
      ],
      [
       34.94875,
       32.2236667
      ],
      [
       34.9390833,
       32.2268889
      ],
      [
       34.9279444,
       32.2276944
      ],
      [
       34.9249444,
       32.2139167
      ],
      [
       34.9319722,
       32.2108611
      ],
      [
       34.9456667,
       32.2104722
      ]
     ]
    ]
   }
  },
  {
   "type": "Feature",
   "properties": {
    "code": "LLD49",
    "nameHe": "גזר",
    "nameEn": null,
    "zoneTypeCode": "AIP_DANGER",
    "floorAmslFt": 0,
    "ceilingAmslFt": 800,
    "aglCeilingFt": null,
    "notes": "geometry from א'-17 appendix ב' text (radius 300 מטר around 31° 52' 28.20\" N 34° 55' 16.10\" E) — zone absent from ZONE_gdb.zip | תיאום: לתיאום טיסה במרחב זה יש ליצור קשר עם נציג חברת פרספטו בטלפון 052-8669537 / 054-9151539."
   },
   "geometry": {
    "type": "Polygon",
    "coordinates": [
     [
      [
       34.9211389,
       31.877198
      ],
      [
       34.9208275,
       31.877185
      ],
      [
       34.9205191,
       31.8771461
      ],
      [
       34.9202166,
       31.8770818
      ],
      [
       34.9199231,
       31.8769926
      ],
      [
       34.9196412,
       31.8768794
      ],
      [
       34.9193738,
       31.8767433
      ],
      [
       34.9191234,
       31.8765855
      ],
      [
       34.9188923,
       31.8764077
      ],
      [
       34.918683,
       31.8762115
      ],
      [
       34.9184972,
       31.8759989
      ],
      [
       34.918337,
       31.8757718
      ],
      [
       34.9182037,
       31.8755324
      ],
      [
       34.9180986,
       31.8752831
      ],
      [
       34.9180229,
       31.8750263
      ],
      [
       34.9179771,
       31.8747644
      ],
      [
       34.9179619,
       31.8745
      ],
      [
       34.9179772,
       31.8742355
      ],
      [
       34.9180229,
       31.8739736
      ],
      [
       34.9180987,
       31.8737168
      ],
      [
       34.9182037,
       31.8734675
      ],
      [
       34.918337,
       31.8732282
      ],
      [
       34.9184973,
       31.8730011
      ],
      [
       34.9186831,
       31.8727884
      ],
      [
       34.9188924,
       31.8725922
      ],
      [
       34.9191234,
       31.8724144
      ],
      [
       34.9193739,
       31.8722567
      ],
      [
       34.9196413,
       31.8721206
      ],
      [
       34.9199231,
       31.8720074
      ],
      [
       34.9202167,
       31.8719182
      ],
      [
       34.9205191,
       31.8718539
      ],
      [
       34.9208275,
       31.871815
      ],
      [
       34.9211389,
       31.871802
      ],
      [
       34.9214503,
       31.871815
      ],
      [
       34.9217587,
       31.8718539
      ],
      [
       34.9220611,
       31.8719182
      ],
      [
       34.9223547,
       31.8720074
      ],
      [
       34.9226365,
       31.8721206
      ],
      [
       34.9229039,
       31.8722567
      ],
      [
       34.9231543,
       31.8724144
      ],
      [
       34.9233853,
       31.8725922
      ],
      [
       34.9235947,
       31.8727884
      ],
      [
       34.9237805,
       31.8730011
      ],
      [
       34.9239407,
       31.8732282
      ],
      [
       34.9240741,
       31.8734675
      ],
      [
       34.9241791,
       31.8737168
      ],
      [
       34.9242549,
       31.8739736
      ],
      [
       34.9243006,
       31.8742355
      ],
      [
       34.9243159,
       31.8745
      ],
      [
       34.9243006,
       31.8747644
      ],
      [
       34.9242549,
       31.8750263
      ],
      [
       34.9241791,
       31.8752831
      ],
      [
       34.9240741,
       31.8755324
      ],
      [
       34.9239408,
       31.8757718
      ],
      [
       34.9237805,
       31.8759989
      ],
      [
       34.9235948,
       31.8762115
      ],
      [
       34.9233854,
       31.8764077
      ],
      [
       34.9231544,
       31.8765855
      ],
      [
       34.922904,
       31.8767433
      ],
      [
       34.9226366,
       31.8768794
      ],
      [
       34.9223547,
       31.8769926
      ],
      [
       34.9220612,
       31.8770818
      ],
      [
       34.9217587,
       31.8771461
      ],
      [
       34.9214503,
       31.877185
      ],
      [
       34.9211389,
       31.877198
      ]
     ]
    ]
   }
  },
  {
   "type": "Feature",
   "properties": {
    "code": "LLD50",
    "nameHe": "אזור תעשיה קיסריה",
    "nameEn": null,
    "zoneTypeCode": "AIP_DANGER",
    "floorAmslFt": 0,
    "ceilingAmslFt": 700,
    "aglCeilingFt": null,
    "notes": "geometry from א'-17 appendix ב' text (6 published vertices) — zone absent from ZONE_gdb.zip | תיאום: לתיאום טיסה במרחב זה יש ליצור קשר עם נציג חברת קנדו בועז צרפתי בטלפון 054-2021535."
   },
   "geometry": {
    "type": "Polygon",
    "coordinates": [
     [
      [
       34.9322222,
       32.4719444
      ],
      [
       34.9361111,
       32.4905556
      ],
      [
       34.9530556,
       32.4916667
      ],
      [
       34.9541667,
       32.4847222
      ],
      [
       34.9538889,
       32.4791667
      ],
      [
       34.9461111,
       32.4691667
      ],
      [
       34.9322222,
       32.4719444
      ]
     ]
    ]
   }
  },
  {
   "type": "Feature",
   "properties": {
    "code": "LLL1",
    "nameHe": "שמורת טבע חי בר",
    "nameEn": "Hi-Bar Nature Reserve",
    "zoneTypeCode": "AIP_PROHIBITED",
    "floorAmslFt": 0,
    "ceilingAmslFt": 1500,
    "aglCeilingFt": null,
    "notes": "not in א'-17 appendix ב' — source: gdb only (A17 flag X) | gdb editor stamp: AGL AVIATION 2016-07-06T20:46:37.000"
   },
   "geometry": {
    "coordinates": [
     [
      [
       [
        35.0584304,
        29.808764
       ],
       [
        35.0584304,
        29.8087639
       ],
       [
        35.0584303,
        29.808764
       ],
       [
        35.0306513,
        29.8170975
       ],
       [
        35.0306512,
        29.8170975
       ],
       [
        35.0306512,
        29.8170975
       ],
       [
        35.0306512,
        29.8170976
       ],
       [
        35.0306512,
        29.8170976
       ],
       [
        35.0417629,
        29.8782099
       ],
       [
        35.0417629,
        29.8782099
       ],
       [
        35.0417629,
        29.87821
       ],
       [
        35.0417629,
        29.87821
       ],
       [
        35.0417629,
        29.87821
       ],
       [
        35.0417629,
        29.87821
       ],
       [
        35.041763,
        29.87821
       ],
       [
        35.041763,
        29.87821
       ],
       [
        35.0778758,
        29.8754322
       ],
       [
        35.0778758,
        29.8754322
       ],
       [
        35.0778758,
        29.8754322
       ],
       [
        35.0778759,
        29.8754322
       ],
       [
        35.0778759,
        29.8754321
       ],
       [
        35.0778759,
        29.8754321
       ],
       [
        35.0584305,
        29.808764
       ],
       [
        35.0584304,
        29.808764
       ]
      ]
     ]
    ],
    "type": "MultiPolygon"
   }
  },
  {
   "type": "Feature",
   "properties": {
    "code": "LLL2",
    "nameHe": "שמורת טבע עין גדי",
    "nameEn": "Eyn-Gedi Nature Reserve",
    "zoneTypeCode": "AIP_PROHIBITED",
    "floorAmslFt": 0,
    "ceilingAmslFt": 99000,
    "aglCeilingFt": null,
    "notes": "not in א'-17 appendix ב' — source: gdb only (A17 flag X) | gdb editor stamp: AGL AVIATION 2023-02-15T00:00:00.000"
   },
   "geometry": {
    "coordinates": [
     [
      [
       [
        35.380124,
        31.3974336
       ],
       [
        35.3798299,
        31.3974556
       ],
       [
        35.3793149,
        31.3975465
       ],
       [
        35.3790942,
        31.3976009
       ],
       [
        35.3787684,
        31.3977096
       ],
       [
        35.3785373,
        31.3978091
       ],
       [
        35.3784112,
        31.3978724
       ],
       [
        35.3781697,
        31.398008
       ],
       [
        35.3779596,
        31.3981256
       ],
       [
        35.3777916,
        31.398234
       ],
       [
        35.3776656,
        31.3983424
       ],
       [
        35.3775396,
        31.3984328
       ],
       [
        35.3773716,
        31.3985683
       ],
       [
        35.3772141,
        31.3987128
       ],
       [
        35.3770461,
        31.3988483
       ],
       [
        35.3769097,
        31.3989838
       ],
       [
        35.3767312,
        31.3991283
       ],
       [
        35.3765633,
        31.3992999
       ],
       [
        35.3764163,
        31.3994264
       ],
       [
        35.3762589,
        31.3995799
       ],
       [
        35.3761224,
        31.3997244
       ],
       [
        35.3758705,
        31.3999682
       ],
       [
        35.3741565,
        31.4015477
       ],
       [
        35.3736508,
        31.4022947
       ],
       [
        35.3731843,
        31.4028117
       ],
       [
        35.3723712,
        31.4036397
       ],
       [
        35.3717995,
        31.4046731
       ],
       [
        35.3711873,
        31.4056383
       ],
       [
        35.3704673,
        31.4063394
       ],
       [
        35.3695998,
        31.4069149
       ],
       [
        35.3691875,
        31.4076274
       ],
       [
        35.3690555,
        31.4081782
       ],
       [
        35.3686837,
        31.4090507
       ],
       [
        35.3682038,
        31.4095451
       ],
       [
        35.3678713,
        31.4101425
       ],
       [
        35.3677662,
        31.4107627
       ],
       [
        35.3676889,
        31.4116692
       ],
       [
        35.3674505,
        31.4124153
       ],
       [
        35.3668365,
        31.4128529
       ],
       [
        35.3663952,
        31.4128878
       ],
       [
        35.3658468,
        31.4129348
       ],
       [
        35.3654629,
        31.4131568
       ],
       [
        35.3654192,
        31.4134499
       ],
       [
        35.3655166,
        31.4142322
       ],
       [
        35.3655738,
        31.4154029
       ],
       [
        35.3656712,
        31.4166074
       ],
       [
        35.3657405,
        31.4173643
       ],
       [
        35.3656765,
        31.4182714
       ],
       [
        35.365492,
        31.4191555
       ],
       [
        35.365267,
        31.4198902
       ],
       [
        35.3649083,
        31.4207058
       ],
       [
        35.3644016,
        31.4212458
       ],
       [
        35.3641089,
        31.4217975
       ],
       [
        35.3640841,
        31.4223826
       ],
       [
        35.3643541,
        31.4231624
       ],
       [
        35.3647438,
        31.4236895
       ],
       [
        35.3650796,
        31.424091
       ],
       [
        35.3654962,
        31.4246751
       ],
       [
        35.3656052,
        31.425295
       ],
       [
        35.3655804,
        31.4259032
       ],
       [
        35.3653011,
        31.4264199
       ],
       [
        35.3647273,
        31.4269375
       ],
       [
        35.3643884,
        31.4273162
       ],
       [
        35.3643418,
        31.4277074
       ],
       [
        35.364463,
        31.4279942
       ],
       [
        35.3648796,
        31.4285444
       ],
       [
        35.3655103,
        31.4291169
       ],
       [
        35.3660477,
        31.4297469
       ],
       [
        35.3662765,
        31.4301711
       ],
       [
        35.3663436,
        31.4306592
       ],
       [
        35.366102,
        31.4310349
       ],
       [
        35.3658136,
        31.4313425
       ],
       [
        35.3656934,
        31.4319745
       ],
       [
        35.365815,
        31.4323531
       ],
       [
        35.366058,
        31.4329949
       ],
       [
        35.3665017,
        31.4336488
       ],
       [
        35.3670663,
        31.4344051
       ],
       [
        35.3672687,
        31.4349555
       ],
       [
        35.3670963,
        31.4354495
       ],
       [
        35.3665755,
        31.4358064
       ],
       [
        35.3664294,
        31.436151
       ],
       [
        35.3664842,
        31.436541
       ],
       [
        35.3665787,
        31.4368047
       ],
       [
        35.3668354,
        31.437562
       ],
       [
        35.3669845,
        31.4381356
       ],
       [
        35.3671879,
        31.4389499
       ],
       [
        35.3671489,
        31.4393518
       ],
       [
        35.3667755,
        31.4397429
       ],
       [
        35.3662277,
        31.4400424
       ],
       [
        35.3657604,
        31.4404111
       ],
       [
        35.3655741,
        31.4407439
       ],
       [
        35.3654686,
        31.4412147
       ],
       [
        35.3654967,
        31.4416509
       ],
       [
        35.3657123,
        31.442087
       ],
       [
        35.3662083,
        31.442327
       ],
       [
        35.3666371,
        31.4425209
       ],
       [
        35.3669195,
        31.4428994
       ],
       [
        35.3669474,
        31.443255
       ],
       [
        35.3669775,
        31.4437048
       ],
       [
        35.3671088,
        31.443929
       ],
       [
        35.3675975,
        31.4442091
       ],
       [
        35.3689477,
        31.4448652
       ],
       [
        35.3693236,
        31.445443
       ],
       [
        35.3695197,
        31.4463965
       ],
       [
        35.3696434,
        31.4474521
       ],
       [
        35.3695611,
        31.4485075
       ],
       [
        35.3692359,
        31.4488872
       ],
       [
        35.3686527,
        31.4490949
       ],
       [
        35.3681389,
        31.4490307
       ],
       [
        35.3670179,
        31.4485817
       ],
       [
        35.3661943,
        31.4484424
       ],
       [
        35.3652507,
        31.4484819
       ],
       [
        35.3643724,
        31.4485422
       ],
       [
        35.3634498,
        31.4485236
       ],
       [
        35.362714,
        31.4484902
       ],
       [
        35.36218,
        31.4486346
       ],
       [
        35.3618763,
        31.4489382
       ],
       [
        35.3618209,
        31.4493323
       ],
       [
        35.3616661,
        31.4501915
       ],
       [
        35.3613993,
        31.4504776
       ],
       [
        35.3607067,
        31.4507987
       ],
       [
        35.3602658,
        31.4511092
       ],
       [
        35.3595981,
        31.4515813
       ],
       [
        35.3588103,
        31.4522834
       ],
       [
        35.3581832,
        31.4529736
       ],
       [
        35.3577299,
        31.4534239
       ],
       [
        35.3573828,
        31.4538821
       ],
       [
        35.3570362,
        31.4543763
       ],
       [
        35.3563684,
        31.4549058
       ],
       [
        35.3556731,
        31.4551597
       ],
       [
        35.3550041,
        31.4553448
       ],
       [
        35.3543483,
        31.4553693
       ],
       [
        35.3534375,
        31.455279
       ],
       [
        35.352714,
        31.455051
       ],
       [
        35.352084,
        31.4547879
       ],
       [
        35.3510786,
        31.4543533
       ],
       [
        35.3503419,
        31.4542285
       ],
       [
        35.3499142,
        31.4544708
       ],
       [
        35.3499157,
        31.4549646
       ],
       [
        35.350037,
        31.4552739
       ],
       [
        35.3501181,
        31.4555494
       ],
       [
        35.3500118,
        31.4558139
       ],
       [
        35.3496107,
        31.4560094
       ],
       [
        35.3490621,
        31.4561143
       ],
       [
        35.3483928,
        31.45615
       ],
       [
        35.3476966,
        31.4561739
       ],
       [
        35.3471603,
        31.4561655
       ],
       [
        35.3466401,
        31.4562281
       ],
       [
        35.3468192,
        31.4563451
       ],
       [
        35.3843534,
        31.4812712
       ],
       [
        35.3892772,
        31.4859359
       ],
       [
        35.3941161,
        31.4888764
       ],
       [
        35.3972836,
        31.4908011
       ],
       [
        35.3973911,
        31.4908663
       ],
       [
        35.3974646,
        31.490776
       ],
       [
        35.3974644,
        31.4906497
       ],
       [
        35.3974197,
        31.4894052
       ],
       [
        35.3974084,
        31.4890084
       ],
       [
        35.3974073,
        31.4884673
       ],
       [
        35.3974379,
        31.4880163
       ],
       [
        35.3974794,
        31.4877366
       ],
       [
        35.3975419,
        31.4874119
       ],
       [
        35.397594,
        31.4871502
       ],
       [
        35.3976565,
        31.4868345
       ],
       [
        35.3977085,
        31.4865458
       ],
       [
        35.3977607,
        31.4863022
       ],
       [
        35.3977707,
        31.4860677
       ],
       [
        35.3978544,
        31.4858241
       ],
       [
        35.3979276,
        31.4855804
       ],
       [
        35.3979902,
        31.4853368
       ],
       [
        35.3980634,
        31.4851293
       ],
       [
        35.3981367,
        31.4849488
       ],
       [
        35.3981892,
        31.4848495
       ],
       [
        35.3982941,
        31.4846961
       ],
       [
        35.3983781,
        31.4845967
       ],
       [
        35.3984936,
        31.4844883
       ],
       [
        35.3986091,
        31.4843348
       ],
       [
        35.3987455,
        31.4841272
       ],
       [
        35.3988188,
        31.4839557
       ],
       [
        35.3989234,
        31.4836579
       ],
       [
        35.3989437,
        31.4833062
       ],
       [
        35.3989219,
        31.4829364
       ],
       [
        35.3988896,
        31.4826028
       ],
       [
        35.398826,
        31.4823594
       ],
       [
        35.3987835,
        31.4821791
       ],
       [
        35.3986565,
        31.4818185
       ],
       [
        35.398593,
        31.4816472
       ],
       [
        35.3985084,
        31.4814399
       ],
       [
        35.3983501,
        31.4812147
       ],
       [
        35.3982023,
        31.4809894
       ],
       [
        35.3980545,
        31.4807912
       ],
       [
        35.3979173,
        31.4806021
       ],
       [
        35.3975481,
        31.4801517
       ],
       [
        35.3973899,
        31.4799896
       ],
       [
        35.3973055,
        31.4798995
       ],
       [
        35.3972211,
        31.4798185
       ],
       [
        35.3971052,
        31.4797285
       ],
       [
        35.396947,
        31.4795664
       ],
       [
        35.3967781,
        31.4793321
       ],
       [
        35.3966615,
        31.4788904
       ],
       [
        35.3966606,
        31.4784665
       ],
       [
        35.3967333,
        31.4779703
       ],
       [
        35.396816,
        31.4772397
       ],
       [
        35.396888,
        31.4764459
       ],
       [
        35.3969077,
        31.4757695
       ],
       [
        35.3968746,
        31.475021
       ],
       [
        35.3967996,
        31.4743988
       ],
       [
        35.3967147,
        31.4740111
       ],
       [
        35.3966196,
        31.4738308
       ],
       [
        35.3965034,
        31.4736146
       ],
       [
        35.3964295,
        31.4734884
       ],
       [
        35.3963028,
        31.4732992
       ],
       [
        35.3962288,
        31.4731189
       ],
       [
        35.3961547,
        31.4729116
       ],
       [
        35.3961016,
        31.4726682
       ],
       [
        35.3960484,
        31.4724067
       ],
       [
        35.3960163,
        31.4721542
       ],
       [
        35.3959947,
        31.4718747
       ],
       [
        35.3960152,
        31.4715951
       ],
       [
        35.3960463,
        31.4713515
       ],
       [
        35.3961195,
        31.471144
       ],
       [
        35.3962033,
        31.4709184
       ],
       [
        35.3962765,
        31.4707018
       ],
       [
        35.3963497,
        31.4705123
       ],
       [
        35.3964231,
        31.4703589
       ],
       [
        35.396507,
        31.4702145
       ],
       [
        35.396591,
        31.4701241
       ],
       [
        35.396738,
        31.4699886
       ],
       [
        35.3968215,
        31.4696368
       ],
       [
        35.3968415,
        31.4691497
       ],
       [
        35.3968404,
        31.4685996
       ],
       [
        35.3967656,
        31.4680676
       ],
       [
        35.3967437,
        31.4676347
       ],
       [
        35.396943,
        31.4673187
       ],
       [
        35.3970166,
        31.4672735
       ],
       [
        35.3971322,
        31.4672283
       ],
       [
        35.3972373,
        31.467165
       ],
       [
        35.3973423,
        31.4670386
       ],
       [
        35.3973315,
        31.4669123
       ],
       [
        35.3973313,
        31.4668131
       ],
       [
        35.3973732,
        31.4667409
       ],
       [
        35.3974991,
        31.4665423
       ],
       [
        35.3975935,
        31.4664159
       ],
       [
        35.3977194,
        31.4662443
       ],
       [
        35.398024,
        31.4659733
       ],
       [
        35.3980974,
        31.4658199
       ],
       [
        35.3980444,
        31.4656666
       ],
       [
        35.3979601,
        31.4655675
       ],
       [
        35.3978123,
        31.4653513
       ],
       [
        35.3976435,
        31.4651532
       ],
       [
        35.397538,
        31.464991
       ],
       [
        35.3974536,
        31.4648829
       ],
       [
        35.3973796,
        31.4647206
       ],
       [
        35.3973056,
        31.4645404
       ],
       [
        35.3972526,
        31.4643781
       ],
       [
        35.3971997,
        31.4641978
       ],
       [
        35.3971362,
        31.4640085
       ],
       [
        35.3970937,
        31.4638462
       ],
       [
        35.3970198,
        31.463693
       ],
       [
        35.3969561,
        31.4634406
       ],
       [
        35.3969029,
        31.4631431
       ],
       [
        35.3968707,
        31.4628365
       ],
       [
        35.3968806,
        31.4625298
       ],
       [
        35.3968906,
        31.4622592
       ],
       [
        35.3969638,
        31.4620427
       ],
       [
        35.3971422,
        31.461844
       ],
       [
        35.3972263,
        31.4617807
       ],
       [
        35.3973313,
        31.4616814
       ],
       [
        35.3974993,
        31.4615007
       ],
       [
        35.3975728,
        31.4614285
       ],
       [
        35.3976462,
        31.4613382
       ],
       [
        35.397898,
        31.460986
       ],
       [
        35.3980029,
        31.4608326
       ],
       [
        35.3980764,
        31.4607423
       ],
       [
        35.3981708,
        31.4606068
       ],
       [
        35.3982233,
        31.4605526
       ],
       [
        35.3985275,
        31.4600922
       ],
       [
        35.3959079,
        31.4602224
       ],
       [
        35.3965868,
        31.4629181
       ],
       [
        35.3971469,
        31.4641257
       ],
       [
        35.3969066,
        31.4649649
       ],
       [
        35.3967703,
        31.4651905
       ],
       [
        35.3966235,
        31.4654253
       ],
       [
        35.3965396,
        31.4655787
       ],
       [
        35.3964242,
        31.4657412
       ],
       [
        35.3961933,
        31.4660302
       ],
       [
        35.3960568,
        31.4661747
       ],
       [
        35.3959308,
        31.4663011
       ],
       [
        35.3957837,
        31.4664186
       ],
       [
        35.3956576,
        31.4664999
       ],
       [
        35.3955105,
        31.4665813
       ],
       [
        35.3954474,
        31.4666265
       ],
       [
        35.3953844,
        31.4666897
       ],
       [
        35.3953217,
        31.4668702
       ],
       [
        35.3952906,
        31.4671047
       ],
       [
        35.3952912,
        31.4674114
       ],
       [
        35.3953234,
        31.467736
       ],
       [
        35.3953243,
        31.468187
       ],
       [
        35.3952928,
        31.4682321
       ],
       [
        35.3952297,
        31.4682322
       ],
       [
        35.3951771,
        31.4682142
       ],
       [
        35.3951244,
        31.4681692
       ],
       [
        35.3950928,
        31.4681873
       ],
       [
        35.3950508,
        31.4682325
       ],
       [
        35.3950194,
        31.4682957
       ],
       [
        35.394988,
        31.4683949
       ],
       [
        35.3949883,
        31.4685122
       ],
       [
        35.3949781,
        31.4686745
       ],
       [
        35.3949575,
        31.4689
       ],
       [
        35.394937,
        31.4691616
       ],
       [
        35.3949269,
        31.4694051
       ],
       [
        35.3948324,
        31.4694954
       ],
       [
        35.3947693,
        31.4695136
       ],
       [
        35.3945694,
        31.4695139
       ],
       [
        35.3945062,
        31.4695049
       ],
       [
        35.3944115,
        31.4694961
       ],
       [
        35.3943589,
        31.4694781
       ],
       [
        35.3942851,
        31.4694421
       ],
       [
        35.3941903,
        31.4693791
       ],
       [
        35.3940743,
        31.469244
       ],
       [
        35.394011,
        31.469163
       ],
       [
        35.3938736,
        31.4688746
       ],
       [
        35.3937467,
        31.4685591
       ],
       [
        35.3936932,
        31.4681082
       ],
       [
        35.3937449,
        31.4676662
       ],
       [
        35.3938809,
        31.4672511
       ],
       [
        35.3939647,
        31.4670797
       ],
       [
        35.3939854,
        31.4669263
       ],
       [
        35.3938694,
        31.4667551
       ],
       [
        35.3938374,
        31.4665928
       ],
       [
        35.3938477,
        31.4664665
       ],
       [
        35.3939105,
        31.4662861
       ],
       [
        35.3938786,
        31.4661328
       ],
       [
        35.3938154,
        31.4660698
       ],
       [
        35.3937322,
        31.4660879
       ],
       [
        35.3938151,
        31.4659525
       ],
       [
        35.3938991,
        31.4658442
       ],
       [
        35.3940568,
        31.4657718
       ],
       [
        35.3941619,
        31.4657356
       ],
       [
        35.3944878,
        31.4655998
       ],
       [
        35.3940971,
        31.4648879
       ],
       [
        35.3932561,
        31.4652769
       ],
       [
        35.3936887,
        31.4658896
       ],
       [
        35.3936892,
        31.466097
       ],
       [
        35.3936261,
        31.4661151
       ],
       [
        35.3935526,
        31.4661964
       ],
       [
        35.3934791,
        31.4662957
       ],
       [
        35.3934057,
        31.4664131
       ],
       [
        35.3933322,
        31.4665214
       ],
       [
        35.3931748,
        31.4667201
       ],
       [
        35.3930595,
        31.4669367
       ],
       [
        35.3929758,
        31.4671533
       ],
       [
        35.3928604,
        31.4673699
       ],
       [
        35.3927241,
        31.4675775
       ],
       [
        35.3926297,
        31.46774
       ],
       [
        35.3925353,
        31.4678754
       ],
       [
        35.3924302,
        31.4679748
       ],
       [
        35.3923148,
        31.4681193
       ],
       [
        35.3922414,
        31.4682547
       ],
       [
        35.3921469,
        31.468336
       ],
       [
        35.3920206,
        31.4683542
       ],
       [
        35.3914299,
        31.4682626
       ],
       [
        35.3919075,
        31.4644041
       ],
       [
        35.3917918,
        31.4643952
       ],
       [
        35.3907984,
        31.4643877
       ],
       [
        35.3907816,
        31.4643516
       ],
       [
        35.390613,
        31.4642436
       ],
       [
        35.3905078,
        31.4642258
       ],
       [
        35.3902341,
        31.464163
       ],
       [
        35.3900235,
        31.4641182
       ],
       [
        35.3898235,
        31.4640644
       ],
       [
        35.3896339,
        31.4639655
       ],
       [
        35.3891494,
        31.4637136
       ],
       [
        35.3889283,
        31.4636147
       ],
       [
        35.3887282,
        31.4635429
       ],
       [
        35.3885282,
        31.4634981
       ],
       [
        35.3882966,
        31.4634353
       ],
       [
        35.3880545,
        31.4633905
       ],
       [
        35.3878125,
        31.4633638
       ],
       [
        35.3875494,
        31.4633552
       ],
       [
        35.3873179,
        31.4633555
       ],
       [
        35.3871497,
        31.4634189
       ],
       [
        35.3870024,
        31.4634281
       ],
       [
        35.3868655,
        31.4633652
       ],
       [
        35.3867285,
        31.4632391
       ],
       [
        35.3866019,
        31.4630679
       ],
       [
        35.386433,
        31.4628066
       ],
       [
        35.3862325,
        31.4625093
       ],
       [
        35.3860215,
        31.4622029
       ],
       [
        35.3858316,
        31.4619146
       ],
       [
        35.3855889,
        31.4615813
       ],
       [
        35.3853357,
        31.4612299
       ],
       [
        35.3848715,
        31.4605812
       ],
       [
        35.3846184,
        31.4602388
       ],
       [
        35.3843832,
        31.4599235
       ],
       [
        35.3843967,
        31.4598964
       ],
       [
        35.3844492,
        31.4597971
       ],
       [
        35.3845332,
        31.4596978
       ],
       [
        35.3845645,
        31.4596076
       ],
       [
        35.3846171,
        31.4595624
       ],
       [
        35.3846695,
        31.4594811
       ],
       [
        35.384743,
        31.4594179
       ],
       [
        35.3848166,
        31.4593637
       ],
       [
        35.3849007,
        31.4593275
       ],
       [
        35.3849954,
        31.4593184
       ],
       [
        35.3851006,
        31.4593272
       ],
       [
        35.3852164,
        31.4593631
       ],
       [
        35.3853427,
        31.45939
       ],
       [
        35.385469,
        31.4594079
       ],
       [
        35.3855953,
        31.4594167
       ],
       [
        35.3857321,
        31.4594346
       ],
       [
        35.3858584,
        31.4594524
       ],
       [
        35.3859847,
        31.4594793
       ],
       [
        35.3860794,
        31.4594972
       ],
       [
        35.3861531,
        31.4595241
       ],
       [
        35.3862268,
        31.4595421
       ],
       [
        35.3862794,
        31.4595691
       ],
       [
        35.3863321,
        31.459587
       ],
       [
        35.3863953,
        31.459623
       ],
       [
        35.386469,
        31.459668
       ],
       [
        35.3865533,
        31.459722
       ],
       [
        35.3866271,
        31.459785
       ],
       [
        35.3867113,
        31.45983
       ],
       [
        35.3867851,
        31.459884
       ],
       [
        35.3868588,
        31.459929
       ],
       [
        35.386922,
        31.459965
       ],
       [
        35.3870062,
        31.4599829
       ],
       [
        35.3870799,
        31.4599828
       ],
       [
        35.3871535,
        31.4599646
       ],
       [
        35.3872165,
        31.4599195
       ],
       [
        35.3872585,
        31.4598653
       ],
       [
        35.3872899,
        31.4597931
       ],
       [
        35.3873108,
        31.4597119
       ],
       [
        35.3873212,
        31.4596397
       ],
       [
        35.3873211,
        31.4595586
       ],
       [
        35.3872999,
        31.4594774
       ],
       [
        35.3872681,
        31.4594053
       ],
       [
        35.3872154,
        31.4593332
       ],
       [
        35.3871732,
        31.4592702
       ],
       [
        35.3870887,
        31.4591079
       ],
       [
        35.3870465,
        31.4590178
       ],
       [
        35.3869831,
        31.4589277
       ],
       [
        35.3868566,
        31.4587656
       ],
       [
        35.3867828,
        31.4587115
       ],
       [
        35.3867196,
        31.4586756
       ],
       [
        35.3866564,
        31.4586306
       ],
       [
        35.3866037,
        31.4585855
       ],
       [
        35.3865615,
        31.4585405
       ],
       [
        35.3864983,
        31.4584955
       ],
       [
        35.3864561,
        31.4584414
       ],
       [
        35.3864034,
        31.4583874
       ],
       [
        35.3863612,
        31.4583243
       ],
       [
        35.386319,
        31.4582522
       ],
       [
        35.3862768,
        31.4581711
       ],
       [
        35.3862133,
        31.4580089
       ],
       [
        35.3861499,
        31.4578647
       ],
       [
        35.3861182,
        31.4578016
       ],
       [
        35.3860866,
        31.4577475
       ],
       [
        35.3860548,
        31.4576754
       ],
       [
        35.3860232,
        31.4576123
       ],
       [
        35.3859809,
        31.4575312
       ],
       [
        35.3859282,
        31.4574591
       ],
       [
        35.3858228,
        31.4573961
       ],
       [
        35.3855912,
        31.4572702
       ],
       [
        35.3855174,
        31.4572162
       ],
       [
        35.3854331,
        31.4571442
       ],
       [
        35.3853698,
        31.4570811
       ],
       [
        35.3853171,
        31.457
       ],
       [
        35.3852748,
        31.4569189
       ],
       [
        35.3852537,
        31.4568829
       ],
       [
        35.3852009,
        31.4567567
       ],
       [
        35.3851481,
        31.4566666
       ],
       [
        35.3851058,
        31.4565764
       ],
       [
        35.3850425,
        31.4564773
       ],
       [
        35.3849897,
        31.4563782
       ],
       [
        35.3849159,
        31.4562791
       ],
       [
        35.3847894,
        31.456135
       ],
       [
        35.3847472,
        31.4560989
       ],
       [
        35.384684,
        31.456081
       ],
       [
        35.3839951,
        31.4561992
       ],
       [
        35.3840632,
        31.4560187
       ],
       [
        35.3840838,
        31.4557932
       ],
       [
        35.3840519,
        31.4555949
       ],
       [
        35.3839568,
        31.4554056
       ],
       [
        35.3837882,
        31.4552615
       ],
       [
        35.3835566,
        31.4551897
       ],
       [
        35.383283,
        31.455145
       ],
       [
        35.3829884,
        31.4551364
       ],
       [
        35.3825202,
        31.455137
       ],
       [
        35.3825883,
        31.4550197
       ],
       [
        35.3826304,
        31.4549836
       ],
       [
        35.3834503,
        31.4546307
       ],
       [
        35.3836918,
        31.4543778
       ],
       [
        35.383755,
        31.4544048
       ],
       [
        35.3843342,
        31.4546745
       ],
       [
        35.3845133,
        31.4548456
       ],
       [
        35.3856301,
        31.4556197
       ],
       [
        35.3857458,
        31.4556376
       ],
       [
        35.3858404,
        31.4556014
       ],
       [
        35.385893,
        31.4555652
       ],
       [
        35.3859349,
        31.455475
       ],
       [
        35.3859873,
        31.4553847
       ],
       [
        35.3860503,
        31.4553215
       ],
       [
        35.3861762,
        31.4551409
       ],
       [
        35.3862286,
        31.4550326
       ],
       [
        35.3862495,
        31.4549244
       ],
       [
        35.3862493,
        31.4548252
       ],
       [
        35.386228,
        31.454735
       ],
       [
        35.3861753,
        31.4546539
       ],
       [
        35.3861226,
        31.4545908
       ],
       [
        35.3860593,
        31.4545458
       ],
       [
        35.3860066,
        31.4545008
       ],
       [
        35.3859434,
        31.4544197
       ],
       [
        35.3858801,
        31.4543296
       ],
       [
        35.3858167,
        31.4542215
       ],
       [
        35.3857534,
        31.4541224
       ],
       [
        35.3856796,
        31.4540323
       ],
       [
        35.3855742,
        31.4539603
       ],
       [
        35.3854479,
        31.4538973
       ],
       [
        35.3853215,
        31.4538434
       ],
       [
        35.3851952,
        31.4537805
       ],
       [
        35.3850793,
        31.4537175
       ],
       [
        35.3849424,
        31.4536726
       ],
       [
        35.3846476,
        31.4535467
       ],
       [
        35.3844687,
        31.4534839
       ],
       [
        35.3842791,
        31.453412
       ],
       [
        35.3841002,
        31.4533581
       ],
       [
        35.3839318,
        31.4533223
       ],
       [
        35.3836266,
        31.4532506
       ],
       [
        35.3835634,
        31.4532326
       ],
       [
        35.3833634,
        31.4532058
       ],
       [
        35.383174,
        31.453179
       ],
       [
        35.3827741,
        31.4531255
       ],
       [
        35.3825952,
        31.4531077
       ],
       [
        35.3824374,
        31.4530989
       ],
       [
        35.3822796,
        31.4530991
       ],
       [
        35.3821428,
        31.4530903
       ],
       [
        35.3818693,
        31.4530907
       ],
       [
        35.381722,
        31.4530999
       ],
       [
        35.380975,
        31.4531009
       ],
       [
        35.3808278,
        31.4531101
       ],
       [
        35.3805122,
        31.4531466
       ],
       [
        35.3804943,
        31.4531467
       ],
       [
        35.3805017,
        31.4531286
       ],
       [
        35.380533,
        31.4530294
       ],
       [
        35.3805329,
        31.4529392
       ],
       [
        35.3805117,
        31.4528761
       ],
       [
        35.380438,
        31.4528491
       ],
       [
        35.3803538,
        31.4528402
       ],
       [
        35.3802591,
        31.4528133
       ],
       [
        35.3801538,
        31.4527864
       ],
       [
        35.3800697,
        31.4527775
       ],
       [
        35.3799855,
        31.4527595
       ],
       [
        35.3799118,
        31.4527596
       ],
       [
        35.3798277,
        31.4527868
       ],
       [
        35.3797542,
        31.4528591
       ],
       [
        35.3796912,
        31.4529493
       ],
       [
        35.3796388,
        31.4530577
       ],
       [
        35.3795759,
        31.453166
       ],
       [
        35.3795234,
        31.4532382
       ],
       [
        35.3794604,
        31.4532834
       ],
       [
        35.3793973,
        31.4533015
       ],
       [
        35.3793342,
        31.4532926
       ],
       [
        35.3792605,
        31.4532656
       ],
       [
        35.3791868,
        31.4532296
       ],
       [
        35.3791341,
        31.4531936
       ],
       [
        35.3790814,
        31.4531306
       ],
       [
        35.3790497,
        31.4530494
       ],
       [
        35.3790284,
        31.4529593
       ],
       [
        35.3789862,
        31.4528872
       ],
       [
        35.378944,
        31.4528241
       ],
       [
        35.3788809,
        31.4527971
       ],
       [
        35.3788072,
        31.4527972
       ],
       [
        35.3787126,
        31.4528244
       ],
       [
        35.3785864,
        31.4528426
       ],
       [
        35.3784391,
        31.4528609
       ],
       [
        35.378134,
        31.4528613
       ],
       [
        35.3780078,
        31.4528705
       ],
       [
        35.3779131,
        31.4528706
       ],
       [
        35.37785,
        31.4528977
       ],
       [
        35.3777973,
        31.4528617
       ],
       [
        35.3777657,
        31.4527896
       ],
       [
        35.3777549,
        31.4526814
       ],
       [
        35.3777547,
        31.4525552
       ],
       [
        35.3777965,
        31.4524198
       ],
       [
        35.3778805,
        31.4522934
       ],
       [
        35.377996,
        31.4522031
       ],
       [
        35.3781327,
        31.4521578
       ],
       [
        35.3783009,
        31.4520854
       ],
       [
        35.3784797,
        31.4520311
       ],
       [
        35.3786689,
        31.4519587
       ],
       [
        35.3788371,
        31.4518863
       ],
       [
        35.3790158,
        31.4517868
       ],
       [
        35.3792048,
        31.4516242
       ],
       [
        35.3793623,
        31.4514256
       ],
       [
        35.3794986,
        31.4511819
       ],
       [
        35.3795823,
        31.4509653
       ],
       [
        35.3796346,
        31.4507939
       ],
       [
        35.3796765,
        31.4506676
       ],
       [
        35.3797079,
        31.4505864
       ],
       [
        35.3797604,
        31.4505322
       ],
       [
        35.3798444,
        31.4504329
       ],
       [
        35.3799597,
        31.4502163
       ],
       [
        35.3800121,
        31.4500989
       ],
       [
        35.380106,
        31.449693
       ],
       [
        35.3800742,
        31.4495938
       ],
       [
        35.3800321,
        31.4495397
       ],
       [
        35.3799584,
        31.4495128
       ],
       [
        35.3798636,
        31.4494859
       ],
       [
        35.3797479,
        31.4494589
       ],
       [
        35.3794953,
        31.4494052
       ],
       [
        35.3793794,
        31.4492971
       ],
       [
        35.3792633,
        31.4491349
       ],
       [
        35.3791578,
        31.4489367
       ],
       [
        35.3790627,
        31.4487384
       ],
       [
        35.3789675,
        31.4484679
       ],
       [
        35.3788829,
        31.4481975
       ],
       [
        35.3787877,
        31.4479361
       ],
       [
        35.3787031,
        31.4477107
       ],
       [
        35.378608,
        31.4474583
       ],
       [
        35.3785129,
        31.447224
       ],
       [
        35.3784283,
        31.4470257
       ],
       [
        35.3783649,
        31.4468363
       ],
       [
        35.3782698,
        31.44662
       ],
       [
        35.3781641,
        31.4463766
       ],
       [
        35.3780374,
        31.4461153
       ],
       [
        35.3779002,
        31.4458449
       ],
       [
        35.377763,
        31.4456106
       ],
       [
        35.3776363,
        31.4453853
       ],
       [
        35.3775202,
        31.44516
       ],
       [
        35.377404,
        31.4449166
       ],
       [
        35.3772668,
        31.4446643
       ],
       [
        35.3771295,
        31.4443939
       ],
       [
        35.3770133,
        31.4441235
       ],
       [
        35.3768656,
        31.4438621
       ],
       [
        35.37676,
        31.4436638
       ],
       [
        35.3766334,
        31.4434656
       ],
       [
        35.3765594,
        31.4432763
       ],
       [
        35.3765274,
        31.4430419
       ],
       [
        35.3765373,
        31.4426721
       ],
       [
        35.3764839,
        31.4422573
       ],
       [
        35.3764095,
        31.4418064
       ],
       [
        35.3763456,
        31.4414007
       ],
       [
        35.3762714,
        31.4410761
       ],
       [
        35.3761868,
        31.4408597
       ],
       [
        35.376092,
        31.4407697
       ],
       [
        35.3760077,
        31.4406886
       ],
       [
        35.3759443,
        31.4405444
       ],
       [
        35.3759547,
        31.4404452
       ],
       [
        35.3759537,
        31.4399221
       ],
       [
        35.3759114,
        31.4397959
       ],
       [
        35.3758376,
        31.4397148
       ],
       [
        35.3757533,
        31.4396428
       ],
       [
        35.3756691,
        31.4396158
       ],
       [
        35.3756061,
        31.439679
       ],
       [
        35.3755429,
        31.439616
       ],
       [
        35.37549,
        31.4394717
       ],
       [
        35.3754371,
        31.4392734
       ],
       [
        35.3753946,
        31.439039
       ],
       [
        35.375352,
        31.4387685
       ],
       [
        35.3752884,
        31.438516
       ],
       [
        35.3752249,
        31.4382726
       ],
       [
        35.3751615,
        31.4381013
       ],
       [
        35.3750979,
        31.4378579
       ],
       [
        35.3750238,
        31.4375874
       ],
       [
        35.3749708,
        31.437353
       ],
       [
        35.3748128,
        31.437236
       ],
       [
        35.3747075,
        31.437173
       ],
       [
        35.3746022,
        31.437101
       ],
       [
        35.3745704,
        31.4369928
       ],
       [
        35.374612,
        31.4367131
       ],
       [
        35.374653,
        31.4361178
       ],
       [
        35.3746624,
        31.4355226
       ],
       [
        35.3747034,
        31.4349182
       ],
       [
        35.3748498,
        31.434422
       ],
       [
        35.3749229,
        31.4341333
       ],
       [
        35.3749437,
        31.4340431
       ],
       [
        35.3749749,
        31.4338446
       ],
       [
        35.3750375,
        31.4335559
       ],
       [
        35.3751106,
        31.4332492
       ],
       [
        35.3751731,
        31.4328884
       ],
       [
        35.3751619,
        31.4325276
       ],
       [
        35.3750982,
        31.4322301
       ],
       [
        35.3751399,
        31.4319865
       ],
       [
        35.3752025,
        31.4317249
       ],
       [
        35.3751601,
        31.4315265
       ],
       [
        35.3750966,
        31.4313462
       ],
       [
        35.3750333,
        31.43122
       ],
       [
        35.3749383,
        31.4310488
       ],
       [
        35.3748538,
        31.4308505
       ],
       [
        35.3747799,
        31.4306702
       ],
       [
        35.3746954,
        31.4304629
       ],
       [
        35.3746003,
        31.4302285
       ],
       [
        35.3745157,
        31.4299942
       ],
       [
        35.3742937,
        31.4293721
       ],
       [
        35.3741877,
        31.4289033
       ],
       [
        35.3741241,
        31.4286509
       ],
       [
        35.3740397,
        31.4284976
       ],
       [
        35.3739549,
        31.428128
       ],
       [
        35.3738909,
        31.427623
       ],
       [
        35.3738477,
        31.4270188
       ],
       [
        35.3738361,
        31.4263965
       ],
       [
        35.3738874,
        31.425729
       ],
       [
        35.3739599,
        31.4250706
       ],
       [
        35.3740431,
        31.4245654
       ],
       [
        35.3741162,
        31.4242496
       ],
       [
        35.3742837,
        31.4238526
       ],
       [
        35.3744094,
        31.4235367
       ],
       [
        35.3745037,
        31.4233382
       ],
       [
        35.3745876,
        31.4232208
       ],
       [
        35.374598,
        31.4231667
       ],
       [
        35.3745769,
        31.4231216
       ],
       [
        35.3745453,
        31.4230766
       ],
       [
        35.374461,
        31.4229865
       ],
       [
        35.3744082,
        31.4228784
       ],
       [
        35.3743764,
        31.4227251
       ],
       [
        35.3743762,
        31.4226349
       ],
       [
        35.37446,
        31.4224183
       ],
       [
        35.3745013,
        31.4220395
       ],
       [
        35.3745109,
        31.4215164
       ],
       [
        35.3745085,
        31.4201906
       ],
       [
        35.3744444,
        31.4196495
       ],
       [
        35.3743594,
        31.4191626
       ],
       [
        35.3742956,
        31.4187839
       ],
       [
        35.3742108,
        31.4184052
       ],
       [
        35.3741258,
        31.4178822
       ],
       [
        35.3740195,
        31.4172601
       ],
       [
        35.3739341,
        31.4165747
       ],
       [
        35.3738909,
        31.4159525
       ],
       [
        35.373888,
        31.4143471
       ],
       [
        35.3739391,
        31.4134993
       ],
       [
        35.3740325,
        31.4128137
       ],
       [
        35.3741681,
        31.4122093
       ],
       [
        35.3742621,
        31.4118213
       ],
       [
        35.3743458,
        31.4116138
       ],
       [
        35.3743877,
        31.4114874
       ],
       [
        35.3744714,
        31.4112889
       ],
       [
        35.3745867,
        31.4110723
       ],
       [
        35.3746706,
        31.4109279
       ],
       [
        35.3748384,
        31.4106751
       ],
       [
        35.3749957,
        31.4104495
       ],
       [
        35.3750691,
        31.4103321
       ],
       [
        35.3752895,
        31.4100613
       ],
       [
        35.3754469,
        31.4099077
       ],
       [
        35.3756359,
        31.4097541
       ],
       [
        35.3759089,
        31.4095193
       ],
       [
        35.3759824,
        31.4094651
       ],
       [
        35.3760874,
        31.4093567
       ],
       [
        35.3761924,
        31.4092574
       ],
       [
        35.3763814,
        31.4090948
       ],
       [
        35.3765178,
        31.4089683
       ],
       [
        35.3766963,
        31.4088148
       ],
       [
        35.3767593,
        31.4087335
       ],
       [
        35.3768746,
        31.408544
       ],
       [
        35.376927,
        31.4084357
       ],
       [
        35.3769689,
        31.4083634
       ],
       [
        35.3770317,
        31.408219
       ],
       [
        35.3770841,
        31.4081198
       ],
       [
        35.377147,
        31.4080024
       ],
       [
        35.3771993,
        31.4078671
       ],
       [
        35.3772622,
        31.4077227
       ],
       [
        35.3773145,
        31.4075783
       ],
       [
        35.3773574,
        31.4074791
       ],
       [
        35.3773773,
        31.4074339
       ],
       [
        35.3774402,
        31.4072986
       ],
       [
        35.377503,
        31.4071542
       ],
       [
        35.3775553,
        31.4070188
       ],
       [
        35.3776287,
        31.4068654
       ],
       [
        35.3777961,
        31.4064323
       ],
       [
        35.3779008,
        31.4061886
       ],
       [
        35.377974,
        31.405945
       ],
       [
        35.3780681,
        31.4056833
       ],
       [
        35.3781832,
        31.4053675
       ],
       [
        35.3782251,
        31.4052773
       ],
       [
        35.3782774,
        31.4051239
       ],
       [
        35.3783925,
        31.4048171
       ],
       [
        35.3784552,
        31.4046005
       ],
       [
        35.3785284,
        31.404384
       ],
       [
        35.3786121,
        31.4041584
       ],
       [
        35.3788318,
        31.4035628
       ],
       [
        35.378905,
        31.4033463
       ],
       [
        35.3789887,
        31.4031117
       ],
       [
        35.3790619,
        31.4028861
       ],
       [
        35.3792293,
        31.4024169
       ],
       [
        35.3793025,
        31.4022093
       ],
       [
        35.3793863,
        31.4020108
       ],
       [
        35.379491,
        31.4018032
       ],
       [
        35.3795642,
        31.4015686
       ],
       [
        35.3796689,
        31.401307
       ],
       [
        35.3796866,
        31.4012438
       ],
       [
        35.3797419,
        31.4010273
       ],
       [
        35.3798255,
        31.4007476
       ],
       [
        35.3799197,
        31.4004769
       ],
       [
        35.3800138,
        31.4002152
       ],
       [
        35.3800765,
        31.4000077
       ],
       [
        35.3801602,
        31.3997731
       ],
       [
        35.3802229,
        31.3995475
       ],
       [
        35.380296,
        31.3992949
       ],
       [
        35.3804216,
        31.3990061
       ],
       [
        35.3805052,
        31.3987174
       ],
       [
        35.3805888,
        31.3984106
       ],
       [
        35.3806513,
        31.3981129
       ],
       [
        35.3807139,
        31.3978603
       ],
       [
        35.3807763,
        31.3975084
       ],
       [
        35.3807341,
        31.3974003
       ],
       [
        35.3805764,
        31.3974005
       ],
       [
        35.3801979,
        31.3974281
       ],
       [
        35.380124,
        31.3974336
       ]
      ]
     ]
    ],
    "type": "MultiPolygon"
   }
  },
  {
   "type": "Feature",
   "properties": {
    "code": "LLP01",
    "nameHe": "החולה",
    "nameEn": "Haula Nature Reserve",
    "zoneTypeCode": "AIP_PROHIBITED",
    "floorAmslFt": 0,
    "ceilingAmslFt": 3000,
    "aglCeilingFt": null,
    "notes": "gdb editor stamp: AGL AVIATION 2023-01-31T00:00:00.000"
   },
   "geometry": {
    "coordinates": [
     [
      [
       [
        35.6045675,
        33.0610137
       ],
       [
        35.5901227,
        33.0610136
       ],
       [
        35.5901226,
        33.0610136
       ],
       [
        35.5759554,
        33.0774026
       ],
       [
        35.5759553,
        33.0774026
       ],
       [
        35.5759553,
        33.0774026
       ],
       [
        35.5756773,
        33.0976807
       ],
       [
        35.5756773,
        33.0976807
       ],
       [
        35.5756774,
        33.0976808
       ],
       [
        35.5756774,
        33.0976808
       ],
       [
        35.5873442,
        33.1007365
       ],
       [
        35.5851217,
        33.11657
       ],
       [
        35.5851217,
        33.11657
       ],
       [
        35.5870662,
        33.1204589
       ],
       [
        35.5870662,
        33.1204589
       ],
       [
        35.5870662,
        33.1204589
       ],
       [
        35.5870663,
        33.1204589
       ],
       [
        35.5870663,
        33.1204589
       ],
       [
        35.5870663,
        33.1204589
       ],
       [
        35.5870664,
        33.1204589
       ],
       [
        35.6120669,
        33.1182369
       ],
       [
        35.6120669,
        33.1182369
       ],
       [
        35.612067,
        33.1182369
       ],
       [
        35.6251229,
        33.1099036
       ],
       [
        35.6251229,
        33.1099036
       ],
       [
        35.6237342,
        33.0946255
       ],
       [
        35.6237342,
        33.0946255
       ],
       [
        35.6237342,
        33.0946254
       ],
       [
        35.6237341,
        33.0946254
       ],
       [
        35.6237341,
        33.0946254
       ],
       [
        35.6065117,
        33.0912919
       ],
       [
        35.6062339,
        33.0857364
       ],
       [
        35.6179009,
        33.0774031
       ],
       [
        35.617901,
        33.0774031
       ],
       [
        35.617901,
        33.077403
       ],
       [
        35.617901,
        33.077403
       ],
       [
        35.617901,
        33.077403
       ],
       [
        35.6098454,
        33.0624028
       ],
       [
        35.6098454,
        33.0624027
       ],
       [
        35.6045675,
        33.0610137
       ],
       [
        35.6045675,
        33.0610137
       ]
      ]
     ]
    ],
    "type": "MultiPolygon"
   }
  },
  {
   "type": "Feature",
   "properties": {
    "code": "LLP02",
    "nameHe": "גמלא",
    "nameEn": "Gmala Nature Reserve",
    "zoneTypeCode": "AIP_PROHIBITED",
    "floorAmslFt": 0,
    "ceilingAmslFt": 3500,
    "aglCeilingFt": null,
    "notes": "gdb editor stamp: AGL AVIATION 2016-07-06T20:46:37.000"
   },
   "geometry": {
    "coordinates": [
     [
      [
       [
        35.7120722,
        32.8879569
       ],
       [
        35.7120722,
        32.8879569
       ],
       [
        35.7120722,
        32.8879569
       ],
       [
        35.7120721,
        32.8879569
       ],
       [
        35.7120721,
        32.8879569
       ],
       [
        35.708183,
        32.8974014
       ],
       [
        35.6854047,
        32.9037901
       ],
       [
        35.6854046,
        32.9037901
       ],
       [
        35.6854046,
        32.9037902
       ],
       [
        35.6854046,
        32.9037902
       ],
       [
        35.6854046,
        32.9037902
       ],
       [
        35.6854046,
        32.9037902
       ],
       [
        35.6854046,
        32.9037903
       ],
       [
        35.6854046,
        32.9037903
       ],
       [
        35.6854047,
        32.9037903
       ],
       [
        35.7629063,
        32.9201802
       ],
       [
        35.7629063,
        32.9201802
       ],
       [
        35.7629063,
        32.9201802
       ],
       [
        35.7629064,
        32.9201801
       ],
       [
        35.7629064,
        32.9201801
       ],
       [
        35.7748513,
        32.8965688
       ],
       [
        35.7748513,
        32.8965688
       ],
       [
        35.7748514,
        32.8965688
       ],
       [
        35.7748514,
        32.8965687
       ],
       [
        35.7748513,
        32.8965687
       ],
       [
        35.7748513,
        32.8965687
       ],
       [
        35.7748513,
        32.8965687
       ],
       [
        35.7748513,
        32.8965687
       ],
       [
        35.7748512,
        32.8965687
       ],
       [
        35.7748512,
        32.8965687
       ],
       [
        35.7120722,
        32.8879569
       ]
      ]
     ]
    ],
    "type": "MultiPolygon"
   }
  },
  {
   "type": "Feature",
   "properties": {
    "code": "LLP03",
    "nameHe": "מכון דוד",
    "nameEn": "David Base",
    "zoneTypeCode": "AIP_PROHIBITED",
    "floorAmslFt": 0,
    "ceilingAmslFt": 3000,
    "aglCeilingFt": null,
    "notes": "gdb editor stamp: ILANS 2019-06-28T08:57:31.000 | תיאום: לתיאום טיסה במרחב זה יש ליצור קשר עם מב\"ט אבטחה מכון דוד בטלפון 050-3384198."
   },
   "geometry": {
    "coordinates": [
     [
      [
       [
        35.0836581,
        32.8568379
       ],
       [
        35.0622971,
        32.8571918
       ],
       [
        35.0622971,
        32.8571918
       ],
       [
        35.0622971,
        32.8571918
       ],
       [
        35.0622971,
        32.8571918
       ],
       [
        35.062297,
        32.8571918
       ],
       [
        35.062297,
        32.8571918
       ],
       [
        35.062297,
        32.8571919
       ],
       [
        35.0738169,
        32.8930736
       ],
       [
        35.0738169,
        32.8930736
       ],
       [
        35.073817,
        32.8930736
       ],
       [
        35.073817,
        32.8930736
       ],
       [
        35.073817,
        32.8930736
       ],
       [
        35.0845018,
        32.892896
       ],
       [
        35.0845018,
        32.892896
       ],
       [
        35.0845019,
        32.8928959
       ],
       [
        35.0845019,
        32.8928959
       ],
       [
        35.0845019,
        32.8928959
       ],
       [
        35.0891041,
        32.8612562
       ],
       [
        35.0891041,
        32.8612562
       ],
       [
        35.089104,
        32.8612561
       ],
       [
        35.089104,
        32.8612561
       ],
       [
        35.0836582,
        32.8568379
       ],
       [
        35.0836582,
        32.8568379
       ],
       [
        35.0836581,
        32.8568379
       ]
      ]
     ]
    ],
    "type": "MultiPolygon"
   }
  },
  {
   "type": "Feature",
   "properties": {
    "code": "LLP04",
    "nameHe": "בתי הזיקוק",
    "nameEn": "Haifa Oil Refinery",
    "zoneTypeCode": "AIP_PROHIBITED",
    "floorAmslFt": 0,
    "ceilingAmslFt": 3000,
    "aglCeilingFt": null,
    "notes": "gdb editor stamp: AGL AVIATION 2016-07-06T20:46:37.000"
   },
   "geometry": {
    "coordinates": [
     [
      [
       [
        35.0595229,
        32.7832889
       ],
       [
        35.0595228,
        32.7832889
       ],
       [
        35.0595228,
        32.7832889
       ],
       [
        35.0595228,
        32.7832889
       ],
       [
        35.0595227,
        32.7832889
       ],
       [
        35.0595227,
        32.7832889
       ],
       [
        35.0565286,
        32.7923562
       ],
       [
        35.0512129,
        32.7933452
       ],
       [
        35.0512129,
        32.7933453
       ],
       [
        35.0492023,
        32.7987891
       ],
       [
        35.0492023,
        32.7987892
       ],
       [
        35.0546636,
        32.8041106
       ],
       [
        35.0546636,
        32.8041106
       ],
       [
        35.0546636,
        32.8041106
       ],
       [
        35.0546637,
        32.8041106
       ],
       [
        35.0546637,
        32.8041106
       ],
       [
        35.0725798,
        32.7938954
       ],
       [
        35.0725798,
        32.7938954
       ],
       [
        35.0725798,
        32.7938954
       ],
       [
        35.0725798,
        32.7938954
       ],
       [
        35.0725798,
        32.7938954
       ],
       [
        35.0725798,
        32.7938953
       ],
       [
        35.0725798,
        32.7938953
       ],
       [
        35.0725798,
        32.7938953
       ],
       [
        35.0725798,
        32.7938953
       ],
       [
        35.0595229,
        32.7832889
       ],
       [
        35.0595229,
        32.7832889
       ]
      ]
     ]
    ],
    "type": "MultiPolygon"
   }
  },
  {
   "type": "Feature",
   "properties": {
    "code": "LLP05",
    "nameHe": "עתלית",
    "nameEn": "Atlit",
    "zoneTypeCode": "AIP_PROHIBITED",
    "floorAmslFt": 0,
    "ceilingAmslFt": 2000,
    "aglCeilingFt": null,
    "notes": "gdb editor stamp: AGL AVIATION 2016-07-06T20:46:37.000"
   },
   "geometry": {
    "coordinates": [
     [
      [
       [
        34.9440868,
        32.6787152
       ],
       [
        34.9440867,
        32.6787152
       ],
       [
        34.9440867,
        32.6787152
       ],
       [
        34.9440867,
        32.6787152
       ],
       [
        34.9195683,
        32.6790926
       ],
       [
        34.9195683,
        32.6790926
       ],
       [
        34.9195683,
        32.6790926
       ],
       [
        34.9195683,
        32.6790926
       ],
       [
        34.9195682,
        32.6790927
       ],
       [
        34.9195682,
        32.6790927
       ],
       [
        34.920205,
        32.7088443
       ],
       [
        34.920205,
        32.7088444
       ],
       [
        34.920205,
        32.7088444
       ],
       [
        34.920205,
        32.7088444
       ],
       [
        34.9202051,
        32.7088444
       ],
       [
        34.9202051,
        32.7088444
       ],
       [
        34.9447316,
        32.7084666
       ],
       [
        34.9447316,
        32.7084666
       ],
       [
        34.9447317,
        32.7084665
       ],
       [
        34.9447317,
        32.7084665
       ],
       [
        34.9447317,
        32.7084665
       ],
       [
        34.9447317,
        32.7084665
       ],
       [
        34.9440868,
        32.6787153
       ],
       [
        34.9440868,
        32.6787153
       ],
       [
        34.9440868,
        32.6787152
       ],
       [
        34.9440868,
        32.6787152
       ],
       [
        34.9440868,
        32.6787152
       ],
       [
        34.9440868,
        32.6787152
       ]
      ]
     ]
    ],
    "type": "MultiPolygon"
   }
  },
  {
   "type": "Feature",
   "properties": {
    "code": "LLP06",
    "nameHe": "קיסריה",
    "nameEn": "Cassarea",
    "zoneTypeCode": "AIP_PROHIBITED",
    "floorAmslFt": 0,
    "ceilingAmslFt": 2000,
    "aglCeilingFt": null,
    "notes": "gdb editor stamp: AGL AVIATION 2016-07-06T20:46:37.000"
   },
   "geometry": {
    "coordinates": [
     [
      [
       [
        34.9037255,
        32.5054442
       ],
       [
        34.9037254,
        32.5054442
       ],
       [
        34.9037254,
        32.5054443
       ],
       [
        34.9037254,
        32.5054443
       ],
       [
        34.9037254,
        32.5054443
       ],
       [
        34.8973363,
        32.5118332
       ],
       [
        34.8973362,
        32.5118333
       ],
       [
        34.9034472,
        32.5346114
       ],
       [
        34.9034472,
        32.5346114
       ],
       [
        34.9117806,
        32.5443339
       ],
       [
        34.9117806,
        32.5443339
       ],
       [
        34.9117806,
        32.5443339
       ],
       [
        34.9117807,
        32.5443339
       ],
       [
        34.9117807,
        32.5443339
       ],
       [
        34.9148364,
        32.5435006
       ],
       [
        34.9148364,
        32.5435006
       ],
       [
        34.9148364,
        32.5435005
       ],
       [
        34.9148364,
        32.5435005
       ],
       [
        34.9148364,
        32.5435005
       ],
       [
        34.9141358,
        32.5322189
       ],
       [
        34.9103923,
        32.5135001
       ],
       [
        34.9123368,
        32.5071111
       ],
       [
        34.9123368,
        32.5071111
       ],
       [
        34.9123368,
        32.5071111
       ],
       [
        34.9123368,
        32.507111
       ],
       [
        34.9123368,
        32.507111
       ],
       [
        34.9123368,
        32.507111
       ],
       [
        34.9037255,
        32.5054443
       ],
       [
        34.9037255,
        32.5054442
       ]
      ]
     ]
    ],
    "type": "MultiPolygon"
   }
  },
  {
   "type": "Feature",
   "properties": {
    "code": "LLP07",
    "nameHe": "תחנת כוח חדרה",
    "nameEn": "Hadera Power Station",
    "zoneTypeCode": "AIP_PROHIBITED",
    "floorAmslFt": 0,
    "ceilingAmslFt": 2000,
    "aglCeilingFt": null,
    "notes": "א'-17 definition note: מעגל שרדיוסו ק \" מ אחד ומרכזו בנקודה : | gdb editor stamp: AGL AVIATION 2016-07-06T20:46:37.000"
   },
   "geometry": {
    "coordinates": [
     [
      [
       [
        34.8868821,
        32.4613504
       ],
       [
        34.8862139,
        32.4613426
       ],
       [
        34.8855465,
        32.4613704
       ],
       [
        34.8848825,
        32.4614337
       ],
       [
        34.8842245,
        32.4615322
       ],
       [
        34.883575,
        32.4616655
       ],
       [
        34.8829367,
        32.4618331
       ],
       [
        34.8823121,
        32.4620344
       ],
       [
        34.8817037,
        32.4622685
       ],
       [
        34.8811137,
        32.4625345
       ],
       [
        34.8805446,
        32.4628314
       ],
       [
        34.8799987,
        32.4631581
       ],
       [
        34.879478,
        32.4635131
       ],
       [
        34.8789846,
        32.4638952
       ],
       [
        34.8785205,
        32.4643027
       ],
       [
        34.8780874,
        32.4647342
       ],
       [
        34.8776872,
        32.4651878
       ],
       [
        34.8773214,
        32.4656619
       ],
       [
        34.8769914,
        32.4661545
       ],
       [
        34.8766985,
        32.4666637
       ],
       [
        34.876444,
        32.4671875
       ],
       [
        34.8762287,
        32.4677238
       ],
       [
        34.8760536,
        32.4682705
       ],
       [
        34.8759193,
        32.4688255
       ],
       [
        34.8758263,
        32.4693865
       ],
       [
        34.8757751,
        32.4699513
       ],
       [
        34.8757659,
        32.4705178
       ],
       [
        34.8757986,
        32.4710836
       ],
       [
        34.8758732,
        32.4716466
       ],
       [
        34.8759893,
        32.4722044
       ],
       [
        34.8761465,
        32.472755
       ],
       [
        34.8763442,
        32.4732962
       ],
       [
        34.8765816,
        32.4738257
       ],
       [
        34.8768578,
        32.4743416
       ],
       [
        34.8771716,
        32.4748418
       ],
       [
        34.8775219,
        32.4753242
       ],
       [
        34.8779072,
        32.4757871
       ],
       [
        34.878326,
        32.4762286
       ],
       [
        34.8787767,
        32.4766468
       ],
       [
        34.8792576,
        32.4770403
       ],
       [
        34.8797666,
        32.4774074
       ],
       [
        34.8803018,
        32.4777467
       ],
       [
        34.8808611,
        32.4780568
       ],
       [
        34.8814423,
        32.4783365
       ],
       [
        34.882043,
        32.4785848
       ],
       [
        34.8826609,
        32.4788006
       ],
       [
        34.8832937,
        32.478983
       ],
       [
        34.8839386,
        32.4791314
       ],
       [
        34.8845934,
        32.4792452
       ],
       [
        34.8852552,
        32.479324
       ],
       [
        34.8859216,
        32.4793673
       ],
       [
        34.8865898,
        32.4793751
       ],
       [
        34.8865899,
        32.4793751
       ],
       [
        34.8865899,
        32.4793751
       ],
       [
        34.8865899,
        32.4793751
       ],
       [
        34.8872574,
        32.4793473
       ],
       [
        34.8879215,
        32.479284
       ],
       [
        34.8885797,
        32.4791855
       ],
       [
        34.8892292,
        32.4790522
       ],
       [
        34.8898676,
        32.4788845
       ],
       [
        34.8904923,
        32.4786832
       ],
       [
        34.8911009,
        32.478449
       ],
       [
        34.8916909,
        32.478183
       ],
       [
        34.8922601,
        32.477886
       ],
       [
        34.8928061,
        32.4775593
       ],
       [
        34.8933268,
        32.4772042
       ],
       [
        34.8938202,
        32.4768221
       ],
       [
        34.8942843,
        32.4764145
       ],
       [
        34.8947173,
        32.475983
       ],
       [
        34.8951175,
        32.4755292
       ],
       [
        34.8954832,
        32.4750551
       ],
       [
        34.8958131,
        32.4745625
       ],
       [
        34.8961059,
        32.4740532
       ],
       [
        34.8963604,
        32.4735294
       ],
       [
        34.8965756,
        32.4729931
       ],
       [
        34.8967506,
        32.4724463
       ],
       [
        34.8968847,
        32.4718914
       ],
       [
        34.8969775,
        32.4713304
       ],
       [
        34.8970286,
        32.4707655
       ],
       [
        34.8970377,
        32.4701991
       ],
       [
        34.8970049,
        32.4696333
       ],
       [
        34.8969302,
        32.4690703
       ],
       [
        34.8968139,
        32.4685124
       ],
       [
        34.8966566,
        32.4679619
       ],
       [
        34.8964588,
        32.4674208
       ],
       [
        34.8962213,
        32.4668912
       ],
       [
        34.895945,
        32.4663754
       ],
       [
        34.8956311,
        32.4658753
       ],
       [
        34.8952808,
        32.4653929
       ],
       [
        34.8948955,
        32.4649301
       ],
       [
        34.8944766,
        32.4644887
       ],
       [
        34.8940259,
        32.4640705
       ],
       [
        34.8935451,
        32.4636771
       ],
       [
        34.8930361,
        32.46331
       ],
       [
        34.8925009,
        32.4629708
       ],
       [
        34.8919417,
        32.4626607
       ],
       [
        34.8913606,
        32.462381
       ],
       [
        34.8907599,
        32.4621328
       ],
       [
        34.8901421,
        32.4619171
       ],
       [
        34.8895095,
        32.4617346
       ],
       [
        34.8888646,
        32.4615862
       ],
       [
        34.88821,
        32.4614725
       ],
       [
        34.8875483,
        32.4613937
       ],
       [
        34.8868821,
        32.4613504
       ]
      ]
     ]
    ],
    "type": "MultiPolygon"
   }
  },
  {
   "type": "Feature",
   "properties": {
    "code": "LLP08",
    "nameHe": "רמת השרון",
    "nameEn": "Ramat-Hasharon",
    "zoneTypeCode": "AIP_PROHIBITED",
    "floorAmslFt": 0,
    "ceilingAmslFt": 1100,
    "aglCeilingFt": null,
    "notes": "gdb editor stamp: AGL AVIATION 2016-07-06T20:46:37.000"
   },
   "geometry": {
    "coordinates": [
     [
      [
       [
        34.8640675,
        32.1595288
       ],
       [
        34.8709532,
        32.133271
       ],
       [
        34.8762514,
        32.1331926
       ],
       [
        34.8762515,
        32.1331926
       ],
       [
        34.8762515,
        32.1331926
       ],
       [
        34.8762515,
        32.1331925
       ],
       [
        34.8782415,
        32.1268494
       ],
       [
        34.8782415,
        32.1268494
       ],
       [
        34.8782415,
        32.1268494
       ],
       [
        34.8738742,
        32.1206005
       ],
       [
        34.8738742,
        32.1206004
       ],
       [
        34.8738742,
        32.1206004
       ],
       [
        34.8738741,
        32.1206004
       ],
       [
        34.8632973,
        32.1216584
       ],
       [
        34.8632972,
        32.1216585
       ],
       [
        34.859187,
        32.1280325
       ],
       [
        34.859187,
        32.1280325
       ],
       [
        34.859187,
        32.1280326
       ],
       [
        34.859187,
        32.1280326
       ],
       [
        34.8624574,
        32.1324942
       ],
       [
        34.8445521,
        32.1381679
       ],
       [
        34.844552,
        32.1381679
       ],
       [
        34.844552,
        32.138168
       ],
       [
        34.844552,
        32.138168
       ],
       [
        34.844552,
        32.138168
       ],
       [
        34.844552,
        32.138168
       ],
       [
        34.8524258,
        32.1606017
       ],
       [
        34.8524258,
        32.1606017
       ],
       [
        34.8524258,
        32.1606017
       ],
       [
        34.8524259,
        32.1606017
       ],
       [
        34.8524259,
        32.1606018
       ],
       [
        34.8524259,
        32.1606018
       ],
       [
        34.852426,
        32.1606017
       ],
       [
        34.8640674,
        32.1595289
       ],
       [
        34.8640674,
        32.1595289
       ],
       [
        34.8640674,
        32.1595289
       ],
       [
        34.8640675,
        32.1595288
       ],
       [
        34.8640675,
        32.1595288
       ]
      ]
     ]
    ],
    "type": "MultiPolygon"
   }
  },
  {
   "type": "Feature",
   "properties": {
    "code": "LLP09",
    "nameHe": "מכון למחקר ביולוגי - נ \" צ",
    "nameEn": "Nes-Ziona Biological Base",
    "zoneTypeCode": "AIP_PROHIBITED",
    "floorAmslFt": 0,
    "ceilingAmslFt": 1100,
    "aglCeilingFt": null,
    "notes": "א'-17 definition note: מעגל שרדיוסו חצי ק \" מ ומרכזו בנקודה : | gdb editor stamp: AMI 2020-12-27T00:00:00.000"
   },
   "geometry": {
    "coordinates": [
     [
      [
       [
        34.7903675,
        31.9215115
       ],
       [
        34.7900355,
        31.9215033
       ],
       [
        34.7897036,
        31.9215128
       ],
       [
        34.789373,
        31.9215402
       ],
       [
        34.7890451,
        31.9215851
       ],
       [
        34.7887211,
        31.9216476
       ],
       [
        34.7884024,
        31.9217272
       ],
       [
        34.7880901,
        31.9218238
       ],
       [
        34.7877856,
        31.9219369
       ],
       [
        34.78749,
        31.9220661
       ],
       [
        34.7872045,
        31.9222108
       ],
       [
        34.7869302,
        31.9223706
       ],
       [
        34.7866683,
        31.9225447
       ],
       [
        34.7864196,
        31.9227326
       ],
       [
        34.7861853,
        31.9229333
       ],
       [
        34.7859662,
        31.9231462
       ],
       [
        34.7857633,
        31.9233705
       ],
       [
        34.7855772,
        31.9236051
       ],
       [
        34.7854088,
        31.9238493
       ],
       [
        34.7852587,
        31.924102
       ],
       [
        34.7851275,
        31.9243622
       ],
       [
        34.7850157,
        31.9246289
       ],
       [
        34.7849237,
        31.9249011
       ],
       [
        34.784852,
        31.9251777
       ],
       [
        34.7848008,
        31.9254576
       ],
       [
        34.7847703,
        31.9257397
       ],
       [
        34.7847606,
        31.9260229
       ],
       [
        34.7847718,
        31.926306
       ],
       [
        34.7848038,
        31.9265879
       ],
       [
        34.7848565,
        31.9268676
       ],
       [
        34.7849297,
        31.9271439
       ],
       [
        34.7850231,
        31.9274158
       ],
       [
        34.7851364,
        31.9276821
       ],
       [
        34.785269,
        31.9279418
       ],
       [
        34.7854204,
        31.9281939
       ],
       [
        34.7855902,
        31.9284374
       ],
       [
        34.7857775,
        31.9286713
       ],
       [
        34.7859817,
        31.9288948
       ],
       [
        34.7862019,
        31.9291068
       ],
       [
        34.7864373,
        31.9293067
       ],
       [
        34.786687,
        31.9294935
       ],
       [
        34.7869499,
        31.9296666
       ],
       [
        34.7872251,
        31.9298253
       ],
       [
        34.7875114,
        31.9299689
       ],
       [
        34.7878077,
        31.930097
       ],
       [
        34.7881128,
        31.9302089
       ],
       [
        34.7884256,
        31.9303042
       ],
       [
        34.7887448,
        31.9303826
       ],
       [
        34.7890691,
        31.9304438
       ],
       [
        34.7893973,
        31.9304874
       ],
       [
        34.7897281,
        31.9305134
       ],
       [
        34.7900601,
        31.9305217
       ],
       [
        34.7900601,
        31.9305217
       ],
       [
        34.7900601,
        31.9305217
       ],
       [
        34.7900602,
        31.9305217
       ],
       [
        34.7903921,
        31.9305121
       ],
       [
        34.7907227,
        31.9304848
       ],
       [
        34.7910507,
        31.9304398
       ],
       [
        34.7913747,
        31.9303774
       ],
       [
        34.7916934,
        31.9302977
       ],
       [
        34.7920057,
        31.9302011
       ],
       [
        34.7923102,
        31.930088
       ],
       [
        34.7926058,
        31.9299588
       ],
       [
        34.7928913,
        31.9298141
       ],
       [
        34.7931656,
        31.9296543
       ],
       [
        34.7934276,
        31.9294801
       ],
       [
        34.7936762,
        31.9292923
       ],
       [
        34.7939106,
        31.9290915
       ],
       [
        34.7941296,
        31.9288786
       ],
       [
        34.7943326,
        31.9286543
       ],
       [
        34.7945186,
        31.9284197
       ],
       [
        34.794687,
        31.9281755
       ],
       [
        34.7948371,
        31.9279228
       ],
       [
        34.7949683,
        31.9276626
       ],
       [
        34.7950801,
        31.9273958
       ],
       [
        34.795172,
        31.9271236
       ],
       [
        34.7952437,
        31.926847
       ],
       [
        34.7952949,
        31.9265671
       ],
       [
        34.7953254,
        31.926285
       ],
       [
        34.795335,
        31.9260019
       ],
       [
        34.7953238,
        31.9257188
       ],
       [
        34.7952917,
        31.9254368
       ],
       [
        34.795239,
        31.9251571
       ],
       [
        34.7951658,
        31.9248808
       ],
       [
        34.7950723,
        31.924609
       ],
       [
        34.7949591,
        31.9243427
       ],
       [
        34.7948265,
        31.924083
       ],
       [
        34.794675,
        31.9238309
       ],
       [
        34.7945052,
        31.9235874
       ],
       [
        34.7943179,
        31.9233535
       ],
       [
        34.7941137,
        31.9231301
       ],
       [
        34.7938935,
        31.922918
       ],
       [
        34.793658,
        31.9227182
       ],
       [
        34.7934084,
        31.9225314
       ],
       [
        34.7931455,
        31.9223583
       ],
       [
        34.7928703,
        31.9221996
       ],
       [
        34.792584,
        31.922056
       ],
       [
        34.7922878,
        31.921928
       ],
       [
        34.7919826,
        31.9218161
       ],
       [
        34.7916699,
        31.9217207
       ],
       [
        34.7913507,
        31.9216423
       ],
       [
        34.7910264,
        31.9215812
       ],
       [
        34.7906982,
        31.9215375
       ],
       [
        34.7903675,
        31.9215115
       ]
      ]
     ]
    ],
    "type": "MultiPolygon"
   }
  },
  {
   "type": "Feature",
   "properties": {
    "code": "LLP10",
    "nameHe": "משמר איילון",
    "nameEn": "Ayalon Base_future",
    "zoneTypeCode": "AIP_PROHIBITED",
    "floorAmslFt": 0,
    "ceilingAmslFt": 900,
    "aglCeilingFt": null,
    "notes": "א'-17 definition note: מעגל שרדיוסו חצי ק \" מ ומרכזו בנקודה : | gdb editor stamp: ILANS 2017-06-27T10:30:24.000"
   },
   "geometry": {
    "coordinates": [
     [
      [
       [
        34.9565153,
        31.8680984
       ],
       [
        34.9567252,
        31.8680916
       ],
       [
        34.9569347,
        31.8680777
       ],
       [
        34.9571433,
        31.8680566
       ],
       [
        34.9573509,
        31.8680286
       ],
       [
        34.9575569,
        31.8679935
       ],
       [
        34.9577611,
        31.8679514
       ],
       [
        34.9579633,
        31.8679025
       ],
       [
        34.9581629,
        31.8678467
       ],
       [
        34.9583599,
        31.8677842
       ],
       [
        34.9585537,
        31.8677151
       ],
       [
        34.9587442,
        31.8676394
       ],
       [
        34.958931,
        31.8675573
       ],
       [
        34.9591139,
        31.867469
       ],
       [
        34.9592924,
        31.8673745
       ],
       [
        34.9594665,
        31.8672741
       ],
       [
        34.9596357,
        31.8671678
       ],
       [
        34.9597998,
        31.8670559
       ],
       [
        34.9599586,
        31.8669384
       ],
       [
        34.9601118,
        31.8668157
       ],
       [
        34.9602591,
        31.8666879
       ],
       [
        34.9604004,
        31.8665552
       ],
       [
        34.9605354,
        31.8664178
       ],
       [
        34.9606639,
        31.8662759
       ],
       [
        34.9607856,
        31.8661298
       ],
       [
        34.9609005,
        31.8659797
       ],
       [
        34.9610083,
        31.8658258
       ],
       [
        34.9611088,
        31.8656683
       ],
       [
        34.9612019,
        31.8655076
       ],
       [
        34.9612875,
        31.8653438
       ],
       [
        34.9613653,
        31.8651773
       ],
       [
        34.9614353,
        31.8650083
       ],
       [
        34.9614974,
        31.864837
       ],
       [
        34.9615515,
        31.8646637
       ],
       [
        34.9615975,
        31.8644888
       ],
       [
        34.9616352,
        31.8643124
       ],
       [
        34.9616648,
        31.8641348
       ],
       [
        34.961686,
        31.8639565
       ],
       [
        34.9616989,
        31.8637775
       ],
       [
        34.9617034,
        31.8635982
       ],
       [
        34.9616997,
        31.863419
       ],
       [
        34.9616875,
        31.86324
       ],
       [
        34.961667,
        31.8630615
       ],
       [
        34.9616383,
        31.8628839
       ],
       [
        34.9616012,
        31.8627074
       ],
       [
        34.961556,
        31.8625323
       ],
       [
        34.9615027,
        31.8623589
       ],
       [
        34.9614413,
        31.8621874
       ],
       [
        34.961372,
        31.8620181
       ],
       [
        34.9612949,
        31.8618514
       ],
       [
        34.96121,
        31.8616873
       ],
       [
        34.9611176,
        31.8615263
       ],
       [
        34.9610177,
        31.8613686
       ],
       [
        34.9609106,
        31.8612143
       ],
       [
        34.9607964,
        31.8610638
       ],
       [
        34.9606753,
        31.8609173
       ],
       [
        34.9605474,
        31.8607751
       ],
       [
        34.960413,
        31.8606373
       ],
       [
        34.9602723,
        31.8605041
       ],
       [
        34.9601255,
        31.8603758
       ],
       [
        34.9599728,
        31.8602527
       ],
       [
        34.9598146,
        31.8601348
       ],
       [
        34.9596509,
        31.8600223
       ],
       [
        34.9594822,
        31.8599155
       ],
       [
        34.9593086,
        31.8598145
       ],
       [
        34.9591304,
        31.8597195
       ],
       [
        34.958948,
        31.8596306
       ],
       [
        34.9587616,
        31.8595479
       ],
       [
        34.9585714,
        31.8594717
       ],
       [
        34.9583779,
        31.8594019
       ],
       [
        34.9581813,
        31.8593388
       ],
       [
        34.9579818,
        31.8592824
       ],
       [
        34.9577799,
        31.8592328
       ],
       [
        34.9575759,
        31.8591901
       ],
       [
        34.95737,
        31.8591544
       ],
       [
        34.9571627,
        31.8591257
       ],
       [
        34.9569541,
        31.859104
       ],
       [
        34.9567447,
        31.8590894
       ],
       [
        34.9565348,
        31.859082
       ],
       [
        34.9563248,
        31.8590816
       ],
       [
        34.9561148,
        31.8590884
       ],
       [
        34.9559054,
        31.8591023
       ],
       [
        34.9556967,
        31.8591234
       ],
       [
        34.9554892,
        31.8591514
       ],
       [
        34.9552832,
        31.8591865
       ],
       [
        34.955079,
        31.8592286
       ],
       [
        34.9548769,
        31.8592775
       ],
       [
        34.9546772,
        31.8593333
       ],
       [
        34.9544803,
        31.8593958
       ],
       [
        34.9542865,
        31.8594649
       ],
       [
        34.954096,
        31.8595406
       ],
       [
        34.9539092,
        31.8596226
       ],
       [
        34.9537264,
        31.8597109
       ],
       [
        34.9535478,
        31.8598054
       ],
       [
        34.9533738,
        31.8599058
       ],
       [
        34.9532046,
        31.8600121
       ],
       [
        34.9530405,
        31.860124
       ],
       [
        34.9528817,
        31.8602414
       ],
       [
        34.9527285,
        31.8603641
       ],
       [
        34.9525811,
        31.8604919
       ],
       [
        34.9524398,
        31.8606246
       ],
       [
        34.9523049,
        31.860762
       ],
       [
        34.9521764,
        31.8609039
       ],
       [
        34.9520546,
        31.86105
       ],
       [
        34.9519397,
        31.8612001
       ],
       [
        34.9518319,
        31.861354
       ],
       [
        34.9517314,
        31.8615115
       ],
       [
        34.9516383,
        31.8616722
       ],
       [
        34.9515527,
        31.861836
       ],
       [
        34.9514748,
        31.8620025
       ],
       [
        34.9514048,
        31.8621715
       ],
       [
        34.9513427,
        31.8623428
       ],
       [
        34.9512886,
        31.8625161
       ],
       [
        34.9512426,
        31.862691
       ],
       [
        34.9512048,
        31.8628674
       ],
       [
        34.9511753,
        31.8630449
       ],
       [
        34.951154,
        31.8632233
       ],
       [
        34.9511411,
        31.8634023
       ],
       [
        34.9511365,
        31.8635815
       ],
       [
        34.9511403,
        31.8637608
       ],
       [
        34.9511524,
        31.8639398
       ],
       [
        34.9511729,
        31.8641183
       ],
       [
        34.9512017,
        31.8642959
       ],
       [
        34.9512387,
        31.8644724
       ],
       [
        34.9512839,
        31.8646475
       ],
       [
        34.9513372,
        31.8648209
       ],
       [
        34.9513985,
        31.8649924
       ],
       [
        34.9514678,
        31.8651617
       ],
       [
        34.9515449,
        31.8653284
       ],
       [
        34.9516298,
        31.8654925
       ],
       [
        34.9517222,
        31.8656535
       ],
       [
        34.951822,
        31.8658113
       ],
       [
        34.9519291,
        31.8659655
       ],
       [
        34.9520434,
        31.866116
       ],
       [
        34.9521645,
        31.8662625
       ],
       [
        34.9522924,
        31.8664048
       ],
       [
        34.9524267,
        31.8665426
       ],
       [
        34.9525674,
        31.8666758
       ],
       [
        34.9527142,
        31.8668041
       ],
       [
        34.9528669,
        31.8669272
       ],
       [
        34.9530252,
        31.8670452
       ],
       [
        34.9531888,
        31.8671576
       ],
       [
        34.9533576,
        31.8672644
       ],
       [
        34.9535312,
        31.8673654
       ],
       [
        34.9537093,
        31.8674605
       ],
       [
        34.9538918,
        31.8675494
       ],
       [
        34.9540782,
        31.867632
       ],
       [
        34.9542684,
        31.8677083
       ],
       [
        34.9544619,
        31.867778
       ],
       [
        34.9546586,
        31.8678412
       ],
       [
        34.954858,
        31.8678976
       ],
       [
        34.9550599,
        31.8679471
       ],
       [
        34.955264,
        31.8679899
       ],
       [
        34.9554699,
        31.8680256
       ],
       [
        34.9556773,
        31.8680543
       ],
       [
        34.9558858,
        31.868076
       ],
       [
        34.9560952,
        31.8680906
       ],
       [
        34.9563052,
        31.868098
       ],
       [
        34.9565153,
        31.8680984
       ]
      ]
     ]
    ],
    "type": "MultiPolygon"
   }
  },
  {
   "type": "Feature",
   "properties": {
    "code": "LLP11",
    "nameHe": "הר הבית",
    "nameEn": "The Temple Mount",
    "zoneTypeCode": "AIP_PROHIBITED",
    "floorAmslFt": 0,
    "ceilingAmslFt": 8000,
    "aglCeilingFt": null,
    "notes": "א'-17 definition note: מעגל שרדיוסו 1.5 ק \" מ ומרכזו בנקודה : | gdb editor stamp: AGL AVIATION 2016-07-06T20:46:37.000"
   },
   "geometry": {
    "coordinates": [
     [
      [
       [
        35.2356578,
        31.7918595
       ],
       [
        35.2363207,
        31.7918396
       ],
       [
        35.2365888,
        31.7918257
       ],
       [
        35.2366516,
        31.7918208
       ],
       [
        35.2373118,
        31.7917653
       ],
       [
        35.237592,
        31.7917353
       ],
       [
        35.2376406,
        31.7917288
       ],
       [
        35.2382954,
        31.7916381
       ],
       [
        35.2385864,
        31.7915906
       ],
       [
        35.2386209,
        31.791584
       ],
       [
        35.2392678,
        31.7914583
       ],
       [
        35.239568,
        31.791392
       ],
       [
        35.2395886,
        31.7913869
       ],
       [
        35.240225,
        31.7912268
       ],
       [
        35.2405327,
        31.7911405
       ],
       [
        35.24054,
        31.7911382
       ],
       [
        35.2411633,
        31.7909443
       ],
       [
        35.2414711,
        31.7908391
       ],
       [
        35.2420789,
        31.7906121
       ],
       [
        35.2420845,
        31.79061
       ],
       [
        35.2423784,
        31.7904906
       ],
       [
        35.2429683,
        31.7902314
       ],
       [
        35.242986,
        31.7902236
       ],
       [
        35.2432583,
        31.7900941
       ],
       [
        35.243828,
        31.7898038
       ],
       [
        35.2438569,
        31.789789
       ],
       [
        35.2441073,
        31.7896511
       ],
       [
        35.2446546,
        31.7893309
       ],
       [
        35.2446937,
        31.7893078
       ],
       [
        35.2449221,
        31.7891636
       ],
       [
        35.2454447,
        31.7888146
       ],
       [
        35.2454928,
        31.7887821
       ],
       [
        35.2456994,
        31.7886333
       ],
       [
        35.2461953,
        31.788257
       ],
       [
        35.2462512,
        31.788214
       ],
       [
        35.2464362,
        31.7880623
       ],
       [
        35.2469034,
        31.7876601
       ],
       [
        35.2469656,
        31.7876057
       ],
       [
        35.2471295,
        31.7874529
       ],
       [
        35.2475663,
        31.7870265
       ],
       [
        35.2476332,
        31.7869599
       ],
       [
        35.2477767,
        31.7868076
       ],
       [
        35.2481813,
        31.7863586
       ],
       [
        35.2482514,
        31.786279
       ],
       [
        35.2483751,
        31.7861288
       ],
       [
        35.2487459,
        31.785659
       ],
       [
        35.2488174,
        31.7855659
       ],
       [
        35.2489225,
        31.7854193
       ],
       [
        35.249258,
        31.7849305
       ],
       [
        35.2493292,
        31.7848234
       ],
       [
        35.2494166,
        31.7846818
       ],
       [
        35.2497155,
        31.784176
       ],
       [
        35.2497846,
        31.7840546
       ],
       [
        35.2498555,
        31.7839192
       ],
       [
        35.2501166,
        31.7833984
       ],
       [
        35.2501817,
        31.7832625
       ],
       [
        35.2502375,
        31.7831347
       ],
       [
        35.2504598,
        31.7826009
       ],
       [
        35.2505189,
        31.7824505
       ],
       [
        35.250561,
        31.7823312
       ],
       [
        35.2507436,
        31.7817865
       ],
       [
        35.2507949,
        31.7816218
       ],
       [
        35.2508249,
        31.7815119
       ],
       [
        35.2509671,
        31.7809585
       ],
       [
        35.2510086,
        31.7807797
       ],
       [
        35.251028,
        31.78068
       ],
       [
        35.2511292,
        31.7801201
       ],
       [
        35.2511591,
        31.7799278
       ],
       [
        35.2511695,
        31.779839
       ],
       [
        35.2512294,
        31.7792747
       ],
       [
        35.2512457,
        31.7790693
       ],
       [
        35.251249,
        31.778992
       ],
       [
        35.2512672,
        31.7784256
       ],
       [
        35.2512681,
        31.778208
       ],
       [
        35.251266,
        31.7781424
       ],
       [
        35.2512426,
        31.7775761
       ],
       [
        35.2512263,
        31.7773471
       ],
       [
        35.2512205,
        31.7772935
       ],
       [
        35.2511556,
        31.7767297
       ],
       [
        35.2511204,
        31.7764903
       ],
       [
        35.2511127,
        31.7764488
       ],
       [
        35.2510065,
        31.7758895
       ],
       [
        35.2509508,
        31.775641
       ],
       [
        35.2509431,
        31.7756115
       ],
       [
        35.2507959,
        31.7750591
       ],
       [
        35.2507183,
        31.7748027
       ],
       [
        35.2507123,
        31.774785
       ],
       [
        35.2505248,
        31.7742415
       ],
       [
        35.2504238,
        31.7739787
       ],
       [
        35.2504211,
        31.7739725
       ],
       [
        35.2501941,
        31.7734401
       ],
       [
        35.2500709,
        31.7731772
       ],
       [
        35.2498051,
        31.7726581
       ],
       [
        35.2498027,
        31.7726534
       ],
       [
        35.2496628,
        31.7724023
       ],
       [
        35.2493595,
        31.7718984
       ],
       [
        35.2493504,
        31.7718834
       ],
       [
        35.2491986,
        31.7716508
       ],
       [
        35.2488589,
        31.7711642
       ],
       [
        35.2488415,
        31.7711395
       ],
       [
        35.2486802,
        31.7709256
       ],
       [
        35.2483053,
        31.7704582
       ],
       [
        35.2482783,
        31.7704248
       ],
       [
        35.2481094,
        31.7702297
       ],
       [
        35.2477009,
        31.7697834
       ],
       [
        35.2476629,
        31.7697423
       ],
       [
        35.2474886,
        31.7695658
       ],
       [
        35.2470482,
        31.7691422
       ],
       [
        35.2469979,
        31.7690945
       ],
       [
        35.2468203,
        31.7689365
       ],
       [
        35.2463496,
        31.7685374
       ],
       [
        35.2462859,
        31.7684843
       ],
       [
        35.246107,
        31.7683443
       ],
       [
        35.2456079,
        31.7679712
       ],
       [
        35.2455299,
        31.767914
       ],
       [
        35.2453517,
        31.7677915
       ],
       [
        35.2448261,
        31.7674459
       ],
       [
        35.244733,
        31.767386
       ],
       [
        35.2445572,
        31.7672803
       ],
       [
        35.2440073,
        31.7669636
       ],
       [
        35.2438983,
        31.7669025
       ],
       [
        35.2437267,
        31.7668127
       ],
       [
        35.2431546,
        31.7665262
       ],
       [
        35.2430292,
        31.7664653
       ],
       [
        35.2428635,
        31.7663906
       ],
       [
        35.2422715,
        31.7661353
       ],
       [
        35.2421294,
        31.7660763
       ],
       [
        35.241971,
        31.7660157
       ],
       [
        35.2413614,
        31.7657926
       ],
       [
        35.2412023,
        31.765737
       ],
       [
        35.2410527,
        31.7656893
       ],
       [
        35.2404279,
        31.7654994
       ],
       [
        35.2402519,
        31.7654489
       ],
       [
        35.2401122,
        31.7654129
       ],
       [
        35.2394747,
        31.7652568
       ],
       [
        35.2392819,
        31.765213
       ],
       [
        35.2391533,
        31.7651874
       ],
       [
        35.2385055,
        31.7650659
       ],
       [
        35.2382963,
        31.7650304
       ],
       [
        35.2381796,
        31.7650138
       ],
       [
        35.2375242,
        31.7649273
       ],
       [
        35.2372992,
        31.7649018
       ],
       [
        35.2371952,
        31.7648928
       ],
       [
        35.2365347,
        31.7648416
       ],
       [
        35.2362944,
        31.7648277
       ],
       [
        35.2362038,
        31.7648248
       ],
       [
        35.2355409,
        31.7648091
       ],
       [
        35.2354879,
        31.7648105
       ],
       [
        35.2352862,
        31.7648084
       ],
       [
        35.2352094,
        31.7648102
       ],
       [
        35.2345466,
        31.7648301
       ],
       [
        35.2342786,
        31.7648439
       ],
       [
        35.2342158,
        31.7648489
       ],
       [
        35.2335558,
        31.7649043
       ],
       [
        35.2332757,
        31.7649343
       ],
       [
        35.2332271,
        31.7649408
       ],
       [
        35.2325725,
        31.7650315
       ],
       [
        35.2322816,
        31.765079
       ],
       [
        35.232247,
        31.7650856
       ],
       [
        35.2316004,
        31.7652112
       ],
       [
        35.2313003,
        31.7652775
       ],
       [
        35.2312796,
        31.7652826
       ],
       [
        35.2306434,
        31.7654427
       ],
       [
        35.2303358,
        31.7655289
       ],
       [
        35.2303285,
        31.7655312
       ],
       [
        35.2297053,
        31.7657251
       ],
       [
        35.2293976,
        31.7658303
       ],
       [
        35.2287899,
        31.7660572
       ],
       [
        35.2287843,
        31.7660593
       ],
       [
        35.2284904,
        31.7661787
       ],
       [
        35.2279006,
        31.7664378
       ],
       [
        35.227883,
        31.7664455
       ],
       [
        35.2276107,
        31.7665751
       ],
       [
        35.2270411,
        31.7668653
       ],
       [
        35.2270122,
        31.7668801
       ],
       [
        35.2267618,
        31.7670179
       ],
       [
        35.2262146,
        31.7673381
       ],
       [
        35.2261756,
        31.7673611
       ],
       [
        35.2259471,
        31.7675054
       ],
       [
        35.2254246,
        31.7678542
       ],
       [
        35.2253765,
        31.7678867
       ],
       [
        35.2251699,
        31.7680356
       ],
       [
        35.224674,
        31.7684118
       ],
       [
        35.2246182,
        31.7684547
       ],
       [
        35.2244331,
        31.7686064
       ],
       [
        35.2239659,
        31.7690085
       ],
       [
        35.2239037,
        31.7690628
       ],
       [
        35.2237398,
        31.7692156
       ],
       [
        35.223303,
        31.769642
       ],
       [
        35.2232361,
        31.7697086
       ],
       [
        35.2230926,
        31.7698609
       ],
       [
        35.2226879,
        31.7703098
       ],
       [
        35.2226179,
        31.7703894
       ],
       [
        35.222494,
        31.7705395
       ],
       [
        35.2221232,
        31.7710093
       ],
       [
        35.2220516,
        31.7711024
       ],
       [
        35.2219466,
        31.7712489
       ],
       [
        35.221611,
        31.7717376
       ],
       [
        35.2215397,
        31.7718448
       ],
       [
        35.2214523,
        31.7719863
       ],
       [
        35.2211533,
        31.7724921
       ],
       [
        35.2210842,
        31.7726135
       ],
       [
        35.2210132,
        31.7727488
       ],
       [
        35.220752,
        31.7732696
       ],
       [
        35.2206869,
        31.7734054
       ],
       [
        35.220631,
        31.7735333
       ],
       [
        35.2204086,
        31.7740671
       ],
       [
        35.2203494,
        31.7742174
       ],
       [
        35.2203072,
        31.7743367
       ],
       [
        35.2201245,
        31.7748814
       ],
       [
        35.2200731,
        31.775046
       ],
       [
        35.2200431,
        31.775156
       ],
       [
        35.2199008,
        31.7757093
       ],
       [
        35.2198592,
        31.7758881
       ],
       [
        35.2198398,
        31.7759877
       ],
       [
        35.2197384,
        31.7765477
       ],
       [
        35.2197085,
        31.77674
       ],
       [
        35.219698,
        31.7768288
       ],
       [
        35.2196379,
        31.7773931
       ],
       [
        35.2196215,
        31.7775984
       ],
       [
        35.2196182,
        31.7776758
       ],
       [
        35.2195998,
        31.7782421
       ],
       [
        35.2195988,
        31.7784597
       ],
       [
        35.2195988,
        31.7784598
       ],
       [
        35.2195988,
        31.7784598
       ],
       [
        35.2195988,
        31.7784598
       ],
       [
        35.2196009,
        31.7785254
       ],
       [
        35.2196241,
        31.7790916
       ],
       [
        35.2196403,
        31.7793206
       ],
       [
        35.2196461,
        31.7793742
       ],
       [
        35.2197109,
        31.7799381
       ],
       [
        35.219746,
        31.7801775
       ],
       [
        35.2197536,
        31.780219
       ],
       [
        35.2198597,
        31.7807783
       ],
       [
        35.2199152,
        31.7810268
       ],
       [
        35.219923,
        31.7810563
       ],
       [
        35.22007,
        31.7816088
       ],
       [
        35.2201475,
        31.7818652
       ],
       [
        35.2201535,
        31.7818829
       ],
       [
        35.2203409,
        31.7824264
       ],
       [
        35.2204418,
        31.7826892
       ],
       [
        35.2204444,
        31.7826955
       ],
       [
        35.2206713,
        31.7832279
       ],
       [
        35.2207945,
        31.7834908
       ],
       [
        35.2210601,
        31.78401
       ],
       [
        35.2210625,
        31.7840148
       ],
       [
        35.2212024,
        31.7842659
       ],
       [
        35.2215056,
        31.7847698
       ],
       [
        35.2215147,
        31.7847849
       ],
       [
        35.2216664,
        31.7850175
       ],
       [
        35.2220061,
        31.7855041
       ],
       [
        35.2220234,
        31.7855288
       ],
       [
        35.2221847,
        31.7857427
       ],
       [
        35.2225595,
        31.7862102
       ],
       [
        35.2225866,
        31.7862436
       ],
       [
        35.2227554,
        31.7864388
       ],
       [
        35.2231638,
        31.7868852
       ],
       [
        35.2232019,
        31.7869263
       ],
       [
        35.2233761,
        31.7871028
       ],
       [
        35.2238166,
        31.7875264
       ],
       [
        35.2238669,
        31.7875741
       ],
       [
        35.2240444,
        31.7877322
       ],
       [
        35.2245152,
        31.7881314
       ],
       [
        35.2245788,
        31.7881845
       ],
       [
        35.2247577,
        31.7883245
       ],
       [
        35.2252568,
        31.7886977
       ],
       [
        35.2253349,
        31.7887549
       ],
       [
        35.2255131,
        31.7888775
       ],
       [
        35.2260387,
        31.7892231
       ],
       [
        35.2261319,
        31.789283
       ],
       [
        35.2263077,
        31.7893888
       ],
       [
        35.2268577,
        31.7897055
       ],
       [
        35.2269667,
        31.7897667
       ],
       [
        35.2271383,
        31.7898564
       ],
       [
        35.2277105,
        31.7901431
       ],
       [
        35.2278359,
        31.790204
       ],
       [
        35.2280017,
        31.7902786
       ],
       [
        35.2285938,
        31.790534
       ],
       [
        35.228736,
        31.7905931
       ],
       [
        35.2288944,
        31.7906537
       ],
       [
        35.2295041,
        31.7908768
       ],
       [
        35.2296632,
        31.7909324
       ],
       [
        35.2298129,
        31.7909801
       ],
       [
        35.2304378,
        31.7911701
       ],
       [
        35.2306139,
        31.7912207
       ],
       [
        35.2307536,
        31.7912566
       ],
       [
        35.2313913,
        31.7914127
       ],
       [
        35.2315841,
        31.7914566
       ],
       [
        35.2317128,
        31.7914822
       ],
       [
        35.2323607,
        31.7916037
       ],
       [
        35.2325699,
        31.7916392
       ],
       [
        35.2326866,
        31.7916558
       ],
       [
        35.2333422,
        31.7917424
       ],
       [
        35.2335674,
        31.7917679
       ],
       [
        35.2336713,
        31.7917768
       ],
       [
        35.234332,
        31.7918281
       ],
       [
        35.2345724,
        31.791842
       ],
       [
        35.234663,
        31.7918448
       ],
       [
        35.2353261,
        31.7918605
       ],
       [
        35.2353791,
        31.7918592
       ],
       [
        35.235581,
        31.7918613
       ],
       [
        35.2356578,
        31.7918595
       ]
      ]
     ]
    ],
    "type": "MultiPolygon"
   }
  },
  {
   "type": "Feature",
   "properties": {
    "code": "LLP12",
    "nameHe": "שטח אש 209",
    "nameEn": "Fire Zone 209 Future",
    "zoneTypeCode": "AIP_PROHIBITED",
    "floorAmslFt": 0,
    "ceilingAmslFt": 3000,
    "aglCeilingFt": null,
    "notes": "gdb editor stamp: AGL AVIATION 2016-07-06T20:49:46.000"
   },
   "geometry": {
    "coordinates": [
     [
      [
       [
        34.8963889,
        31.7905556
       ],
       [
        34.9369444,
        31.7591667
       ],
       [
        34.9733333,
        31.7475
       ],
       [
        34.9569444,
        31.71
       ],
       [
        34.9341667,
        31.7041667
       ],
       [
        34.9227778,
        31.7063889
       ],
       [
        34.8797222,
        31.7477778
       ],
       [
        34.8513889,
        31.7488889
       ],
       [
        34.8566667,
        31.7730556
       ],
       [
        34.8769444,
        31.8052778
       ],
       [
        34.8963889,
        31.7905556
       ]
      ]
     ]
    ],
    "type": "MultiPolygon"
   }
  },
  {
   "type": "Feature",
   "properties": {
    "code": "LLP13",
    "nameHe": "ירושלים",
    "nameEn": "Jerusalem",
    "zoneTypeCode": "AIP_PROHIBITED",
    "floorAmslFt": 0,
    "ceilingAmslFt": 4000,
    "aglCeilingFt": null,
    "notes": "א'-17 definition note: מעגל שרדיוסו 6 ק \" מ ומרכזו בנקודה : | gdb editor stamp: AGL AVIATION 2016-07-06T20:46:37.000 | תיאום: עבור טיסות רב להב בקשר עין, יש לאשר תכנית טיסה מול אחראית מידע ותעופה משרד התחבורה, אביטל שלס בטלפון 050-6212003."
   },
   "geometry": {
    "coordinates": [
     [
      [
       [
        35.2109138,
        31.8385643
       ],
       [
        35.2116442,
        31.838548
       ],
       [
        35.2123743,
        31.8385245
       ],
       [
        35.2131041,
        31.8384938
       ],
       [
        35.2138334,
        31.838456
       ],
       [
        35.2145621,
        31.8384109
       ],
       [
        35.2152902,
        31.8383587
       ],
       [
        35.2160175,
        31.8382993
       ],
       [
        35.216744,
        31.8382328
       ],
       [
        35.2174696,
        31.8381591
       ],
       [
        35.218194,
        31.8380783
       ],
       [
        35.2189174,
        31.8379903
       ],
       [
        35.2196395,
        31.8378953
       ],
       [
        35.2203603,
        31.8377931
       ],
       [
        35.2210796,
        31.8376838
       ],
       [
        35.2217974,
        31.8375675
       ],
       [
        35.2225136,
        31.8374441
       ],
       [
        35.2232281,
        31.8373136
       ],
       [
        35.2239408,
        31.8371761
       ],
       [
        35.2246516,
        31.8370317
       ],
       [
        35.2253603,
        31.8368802
       ],
       [
        35.226067,
        31.8367217
       ],
       [
        35.2267715,
        31.8365563
       ],
       [
        35.2274737,
        31.836384
       ],
       [
        35.2281735,
        31.8362048
       ],
       [
        35.2288709,
        31.8360187
       ],
       [
        35.2295656,
        31.8358258
       ],
       [
        35.2302578,
        31.835626
       ],
       [
        35.2309472,
        31.8354194
       ],
       [
        35.2316337,
        31.835206
       ],
       [
        35.2323173,
        31.8349859
       ],
       [
        35.2329979,
        31.8347591
       ],
       [
        35.2336754,
        31.8345256
       ],
       [
        35.2343497,
        31.8342854
       ],
       [
        35.2350207,
        31.8340386
       ],
       [
        35.2356883,
        31.8337852
       ],
       [
        35.2363524,
        31.8335253
       ],
       [
        35.237013,
        31.8332588
       ],
       [
        35.2376699,
        31.8329859
       ],
       [
        35.2383231,
        31.8327065
       ],
       [
        35.2389725,
        31.8324207
       ],
       [
        35.239618,
        31.8321285
       ],
       [
        35.2402595,
        31.83183
       ],
       [
        35.2408969,
        31.8315252
       ],
       [
        35.2415301,
        31.8312141
       ],
       [
        35.2421591,
        31.8308968
       ],
       [
        35.2427838,
        31.8305733
       ],
       [
        35.243404,
        31.8302437
       ],
       [
        35.2440198,
        31.829908
       ],
       [
        35.2446309,
        31.8295663
       ],
       [
        35.2452375,
        31.8292186
       ],
       [
        35.2458392,
        31.8288649
       ],
       [
        35.2464362,
        31.8285054
       ],
       [
        35.2470282,
        31.82814
       ],
       [
        35.2476153,
        31.8277687
       ],
       [
        35.2481973,
        31.8273917
       ],
       [
        35.2487742,
        31.8270091
       ],
       [
        35.2493459,
        31.8266207
       ],
       [
        35.2499123,
        31.8262268
       ],
       [
        35.2504733,
        31.8258273
       ],
       [
        35.2510289,
        31.8254223
       ],
       [
        35.251579,
        31.8250118
       ],
       [
        35.2521235,
        31.824596
       ],
       [
        35.2526623,
        31.8241748
       ],
       [
        35.2531954,
        31.8237484
       ],
       [
        35.2537227,
        31.8233167
       ],
       [
        35.2542442,
        31.8228799
       ],
       [
        35.2547597,
        31.822438
       ],
       [
        35.2552692,
        31.821991
       ],
       [
        35.2557726,
        31.821539
       ],
       [
        35.2562699,
        31.8210821
       ],
       [
        35.256761,
        31.8206204
       ],
       [
        35.2572458,
        31.8201538
       ],
       [
        35.2577242,
        31.8196825
       ],
       [
        35.2581963,
        31.8192065
       ],
       [
        35.2586619,
        31.8187259
       ],
       [
        35.259121,
        31.8182408
       ],
       [
        35.2595735,
        31.8177511
       ],
       [
        35.2600193,
        31.817257
       ],
       [
        35.2604585,
        31.8167586
       ],
       [
        35.2608909,
        31.8162559
       ],
       [
        35.2613164,
        31.815749
       ],
       [
        35.2617351,
        31.8152379
       ],
       [
        35.2621469,
        31.8147227
       ],
       [
        35.2625516,
        31.8142035
       ],
       [
        35.2629493,
        31.8136803
       ],
       [
        35.26334,
        31.8131533
       ],
       [
        35.2637235,
        31.8126224
       ],
       [
        35.2640997,
        31.8120878
       ],
       [
        35.2644688,
        31.8115496
       ],
       [
        35.2648305,
        31.8110077
       ],
       [
        35.2651849,
        31.8104623
       ],
       [
        35.2655319,
        31.8099135
       ],
       [
        35.2658715,
        31.8093613
       ],
       [
        35.2662036,
        31.8088057
       ],
       [
        35.2665282,
        31.808247
       ],
       [
        35.2668452,
        31.8076851
       ],
       [
        35.2671546,
        31.8071201
       ],
       [
        35.2674563,
        31.806552
       ],
       [
        35.2677503,
        31.8059811
       ],
       [
        35.2680366,
        31.8054073
       ],
       [
        35.2683152,
        31.8048307
       ],
       [
        35.2685859,
        31.8042514
       ],
       [
        35.2688488,
        31.8036695
       ],
       [
        35.2691039,
        31.803085
       ],
       [
        35.269351,
        31.8024981
       ],
       [
        35.2695901,
        31.8019088
       ],
       [
        35.2698213,
        31.8013171
       ],
       [
        35.2700445,
        31.8007232
       ],
       [
        35.2702597,
        31.8001272
       ],
       [
        35.2704668,
        31.7995291
       ],
       [
        35.2706658,
        31.798929
       ],
       [
        35.2708567,
        31.7983269
       ],
       [
        35.2710394,
        31.797723
       ],
       [
        35.271214,
        31.7971174
       ],
       [
        35.2713804,
        31.7965101
       ],
       [
        35.2715386,
        31.7959012
       ],
       [
        35.2716885,
        31.7952907
       ],
       [
        35.2718302,
        31.7946788
       ],
       [
        35.2719636,
        31.7940656
       ],
       [
        35.2720888,
        31.7934511
       ],
       [
        35.2722056,
        31.7928354
       ],
       [
        35.2723141,
        31.7922186
       ],
       [
        35.2724143,
        31.7916008
       ],
       [
        35.2725061,
        31.790982
       ],
       [
        35.2725896,
        31.7903624
       ],
       [
        35.2726647,
        31.789742
       ],
       [
        35.2727314,
        31.7891209
       ],
       [
        35.2727898,
        31.7884991
       ],
       [
        35.2728397,
        31.7878769
       ],
       [
        35.2728812,
        31.7872542
       ],
       [
        35.2729144,
        31.7866311
       ],
       [
        35.2729391,
        31.7860077
       ],
       [
        35.2729554,
        31.7853841
       ],
       [
        35.2729633,
        31.7847605
       ],
       [
        35.2729628,
        31.7841367
       ],
       [
        35.2729538,
        31.7835131
       ],
       [
        35.2729364,
        31.7828895
       ],
       [
        35.2729107,
        31.7822662
       ],
       [
        35.2728765,
        31.7816431
       ],
       [
        35.2728339,
        31.7810205
       ],
       [
        35.2727829,
        31.7803983
       ],
       [
        35.2727235,
        31.7797766
       ],
       [
        35.2726557,
        31.7791556
       ],
       [
        35.2725796,
        31.7785353
       ],
       [
        35.272495,
        31.7779157
       ],
       [
        35.2724022,
        31.7772971
       ],
       [
        35.272301,
        31.7766794
       ],
       [
        35.2721914,
        31.7760627
       ],
       [
        35.2720736,
        31.7754471
       ],
       [
        35.2719474,
        31.7748328
       ],
       [
        35.271813,
        31.7742197
       ],
       [
        35.2716703,
        31.773608
       ],
       [
        35.2715194,
        31.7729978
       ],
       [
        35.2713602,
        31.7723891
       ],
       [
        35.2711929,
        31.7717819
       ],
       [
        35.2710173,
        31.7711765
       ],
       [
        35.2708336,
        31.7705728
       ],
       [
        35.2706418,
        31.769971
       ],
       [
        35.2704419,
        31.7693712
       ],
       [
        35.2702339,
        31.7687733
       ],
       [
        35.2700178,
        31.7681775
       ],
       [
        35.2697937,
        31.7675839
       ],
       [
        35.2695616,
        31.7669925
       ],
       [
        35.2693216,
        31.7664034
       ],
       [
        35.2690736,
        31.7658168
       ],
       [
        35.2688178,
        31.7652326
       ],
       [
        35.268554,
        31.764651
       ],
       [
        35.2682825,
        31.764072
       ],
       [
        35.2680031,
        31.7634958
       ],
       [
        35.2677161,
        31.7629223
       ],
       [
        35.2674212,
        31.7623517
       ],
       [
        35.2671188,
        31.761784
       ],
       [
        35.2668086,
        31.7612194
       ],
       [
        35.2664909,
        31.7606578
       ],
       [
        35.2661656,
        31.7600994
       ],
       [
        35.2658329,
        31.7595443
       ],
       [
        35.2654926,
        31.7589924
       ],
       [
        35.265145,
        31.758444
       ],
       [
        35.2647899,
        31.757899
       ],
       [
        35.2644276,
        31.7573575
       ],
       [
        35.2640579,
        31.7568197
       ],
       [
        35.263681,
        31.7562855
       ],
       [
        35.263297,
        31.7557551
       ],
       [
        35.2629058,
        31.7552284
       ],
       [
        35.2625076,
        31.7547057
       ],
       [
        35.2621023,
        31.7541869
       ],
       [
        35.2616901,
        31.7536722
       ],
       [
        35.2612709,
        31.7531615
       ],
       [
        35.2608449,
        31.752655
       ],
       [
        35.2604121,
        31.7521528
       ],
       [
        35.2599726,
        31.7516548
       ],
       [
        35.2595263,
        31.7511612
       ],
       [
        35.2590735,
        31.750672
       ],
       [
        35.2586141,
        31.7501873
       ],
       [
        35.2581481,
        31.7497072
       ],
       [
        35.2576758,
        31.7492317
       ],
       [
        35.257197,
        31.7487608
       ],
       [
        35.2567119,
        31.7482947
       ],
       [
        35.2562206,
        31.7478335
       ],
       [
        35.2557231,
        31.747377
       ],
       [
        35.2552195,
        31.7469256
       ],
       [
        35.2547098,
        31.7464791
       ],
       [
        35.2541942,
        31.7460376
       ],
       [
        35.2536726,
        31.7456013
       ],
       [
        35.2531452,
        31.7451701
       ],
       [
        35.252612,
        31.7447442
       ],
       [
        35.2520731,
        31.7443235
       ],
       [
        35.2515285,
        31.7439082
       ],
       [
        35.2509784,
        31.7434982
       ],
       [
        35.2504228,
        31.7430937
       ],
       [
        35.2498618,
        31.7426947
       ],
       [
        35.2492955,
        31.7423012
       ],
       [
        35.2487239,
        31.7419134
       ],
       [
        35.2481471,
        31.7415312
       ],
       [
        35.2475651,
        31.7411547
       ],
       [
        35.2469782,
        31.740784
       ],
       [
        35.2463863,
        31.740419
       ],
       [
        35.2457895,
        31.7400599
       ],
       [
        35.2451879,
        31.7397068
       ],
       [
        35.2445816,
        31.7393595
       ],
       [
        35.2439706,
        31.7390183
       ],
       [
        35.2433551,
        31.7386831
       ],
       [
        35.2427352,
        31.738354
       ],
       [
        35.2421108,
        31.738031
       ],
       [
        35.2414821,
        31.7377141
       ],
       [
        35.2408492,
        31.7374035
       ],
       [
        35.2402121,
        31.7370992
       ],
       [
        35.239571,
        31.7368011
       ],
       [
        35.2389259,
        31.7365094
       ],
       [
        35.2382769,
        31.736224
       ],
       [
        35.2376241,
        31.7359451
       ],
       [
        35.2369676,
        31.7356726
       ],
       [
        35.2363075,
        31.7354066
       ],
       [
        35.2356438,
        31.7351471
       ],
       [
        35.2349767,
        31.7348941
       ],
       [
        35.2343062,
        31.7346477
       ],
       [
        35.2336325,
        31.734408
       ],
       [
        35.2329555,
        31.7341749
       ],
       [
        35.2322755,
        31.7339485
       ],
       [
        35.2315924,
        31.7337288
       ],
       [
        35.2309064,
        31.7335158
       ],
       [
        35.2302176,
        31.7333096
       ],
       [
        35.2295261,
        31.7331102
       ],
       [
        35.228832,
        31.7329177
       ],
       [
        35.2281352,
        31.732732
       ],
       [
        35.2274361,
        31.7325531
       ],
       [
        35.2267345,
        31.7323811
       ],
       [
        35.2260307,
        31.7322161
       ],
       [
        35.2253248,
        31.732058
       ],
       [
        35.2246167,
        31.7319069
       ],
       [
        35.2239066,
        31.7317627
       ],
       [
        35.2231947,
        31.7316256
       ],
       [
        35.2224809,
        31.7314955
       ],
       [
        35.2217655,
        31.7313724
       ],
       [
        35.2210484,
        31.7312563
       ],
       [
        35.2203298,
        31.7311474
       ],
       [
        35.2196098,
        31.7310455
       ],
       [
        35.2188885,
        31.7309507
       ],
       [
        35.2181659,
        31.730863
       ],
       [
        35.2174422,
        31.7307825
       ],
       [
        35.2167175,
        31.7307091
       ],
       [
        35.2159918,
        31.7306428
       ],
       [
        35.2152653,
        31.7305836
       ],
       [
        35.214538,
        31.7305317
       ],
       [
        35.2138101,
        31.7304869
       ],
       [
        35.2130817,
        31.7304492
       ],
       [
        35.2123527,
        31.7304188
       ],
       [
        35.2116234,
        31.7303955
       ],
       [
        35.2108939,
        31.7303794
       ],
       [
        35.2101641,
        31.7303705
       ],
       [
        35.2094343,
        31.7303688
       ],
       [
        35.2087046,
        31.7303742
       ],
       [
        35.2079749,
        31.7303869
       ],
       [
        35.2072455,
        31.7304067
       ],
       [
        35.2065163,
        31.7304337
       ],
       [
        35.2057876,
        31.7304679
       ],
       [
        35.2050594,
        31.7305093
       ],
       [
        35.2043318,
        31.7305578
       ],
       [
        35.2036049,
        31.7306135
       ],
       [
        35.2028788,
        31.7306763
       ],
       [
        35.2021536,
        31.7307463
       ],
       [
        35.2014294,
        31.7308235
       ],
       [
        35.2007063,
        31.7309077
       ],
       [
        35.1999844,
        31.7309991
       ],
       [
        35.1992637,
        31.7310976
       ],
       [
        35.1985444,
        31.7312032
       ],
       [
        35.1978266,
        31.7313158
       ],
       [
        35.1971104,
        31.7314355
       ],
       [
        35.1963958,
        31.7315623
       ],
       [
        35.1956829,
        31.731696
       ],
       [
        35.1949719,
        31.7318368
       ],
       [
        35.1942629,
        31.7319846
       ],
       [
        35.1935559,
        31.7321394
       ],
       [
        35.192851,
        31.7323011
       ],
       [
        35.1921484,
        31.7324697
       ],
       [
        35.1914481,
        31.7326453
       ],
       [
        35.1907501,
        31.7328277
       ],
       [
        35.1900547,
        31.733017
       ],
       [
        35.1893619,
        31.7332131
       ],
       [
        35.1886718,
        31.733416
       ],
       [
        35.1879844,
        31.7336258
       ],
       [
        35.1873,
        31.7338422
       ],
       [
        35.1866184,
        31.7340654
       ],
       [
        35.18594,
        31.7342953
       ],
       [
        35.1852647,
        31.7345319
       ],
       [
        35.1845926,
        31.7347751
       ],
       [
        35.1839238,
        31.7350249
       ],
       [
        35.1832584,
        31.7352813
       ],
       [
        35.1825966,
        31.7355442
       ],
       [
        35.1819383,
        31.7358136
       ],
       [
        35.1812837,
        31.7360894
       ],
       [
        35.1806329,
        31.7363717
       ],
       [
        35.1799859,
        31.7366604
       ],
       [
        35.1793428,
        31.7369555
       ],
       [
        35.1787038,
        31.7372568
       ],
       [
        35.1780689,
        31.7375644
       ],
       [
        35.1774381,
        31.7378783
       ],
       [
        35.1768117,
        31.7381984
       ],
       [
        35.1761895,
        31.7385246
       ],
       [
        35.1755719,
        31.7388569
       ],
       [
        35.1749587,
        31.7391952
       ],
       [
        35.1743501,
        31.7395396
       ],
       [
        35.1737462,
        31.7398899
       ],
       [
        35.1731471,
        31.7402462
       ],
       [
        35.1725528,
        31.7406084
       ],
       [
        35.1719635,
        31.7409763
       ],
       [
        35.1713791,
        31.7413501
       ],
       [
        35.1707998,
        31.7417296
       ],
       [
        35.1702257,
        31.7421148
       ],
       [
        35.1696568,
        31.7425055
       ],
       [
        35.1690932,
        31.7429019
       ],
       [
        35.168535,
        31.7433038
       ],
       [
        35.1679822,
        31.7437112
       ],
       [
        35.167435,
        31.744124
       ],
       [
        35.1668934,
        31.7445421
       ],
       [
        35.1663574,
        31.7449655
       ],
       [
        35.1658272,
        31.7453942
       ],
       [
        35.1653028,
        31.7458281
       ],
       [
        35.1647843,
        31.7462672
       ],
       [
        35.1642717,
        31.7467113
       ],
       [
        35.1637651,
        31.7471604
       ],
       [
        35.1632647,
        31.7476145
       ],
       [
        35.1627704,
        31.7480735
       ],
       [
        35.1622823,
        31.7485373
       ],
       [
        35.1618005,
        31.7490059
       ],
       [
        35.161325,
        31.7494792
       ],
       [
        35.160856,
        31.7499571
       ],
       [
        35.1603934,
        31.7504397
       ],
       [
        35.1599374,
        31.7509267
       ],
       [
        35.159488,
        31.7514183
       ],
       [
        35.1590452,
        31.7519142
       ],
       [
        35.1586091,
        31.7524144
       ],
       [
        35.1581799,
        31.7529189
       ],
       [
        35.1577574,
        31.7534276
       ],
       [
        35.1573418,
        31.7539405
       ],
       [
        35.1569332,
        31.7544574
       ],
       [
        35.1565316,
        31.7549782
       ],
       [
        35.156137,
        31.755503
       ],
       [
        35.1557495,
        31.7560317
       ],
       [
        35.1553692,
        31.7565641
       ],
       [
        35.1549961,
        31.7571003
       ],
       [
        35.1546302,
        31.75764
       ],
       [
        35.1542717,
        31.7581834
       ],
       [
        35.1539205,
        31.7587302
       ],
       [
        35.1535766,
        31.7592805
       ],
       [
        35.1532403,
        31.7598341
       ],
       [
        35.1529114,
        31.760391
       ],
       [
        35.1525901,
        31.7609511
       ],
       [
        35.1522763,
        31.7615143
       ],
       [
        35.1519701,
        31.7620805
       ],
       [
        35.1516716,
        31.7626498
       ],
       [
        35.1513808,
        31.7632219
       ],
       [
        35.1510978,
        31.7637969
       ],
       [
        35.1508225,
        31.7643746
       ],
       [
        35.150555,
        31.764955
       ],
       [
        35.1502954,
        31.765538
       ],
       [
        35.1500436,
        31.7661235
       ],
       [
        35.1497998,
        31.7667115
       ],
       [
        35.1495639,
        31.7673018
       ],
       [
        35.149336,
        31.7678944
       ],
       [
        35.1491161,
        31.7684892
       ],
       [
        35.1489042,
        31.7690861
       ],
       [
        35.1487004,
        31.7696851
       ],
       [
        35.1485047,
        31.770286
       ],
       [
        35.1483172,
        31.7708889
       ],
       [
        35.1481377,
        31.7714935
       ],
       [
        35.1479665,
        31.7720999
       ],
       [
        35.1478034,
        31.7727079
       ],
       [
        35.1476485,
        31.7733174
       ],
       [
        35.1475019,
        31.7739285
       ],
       [
        35.1473635,
        31.7745409
       ],
       [
        35.1472334,
        31.7751547
       ],
       [
        35.1471116,
        31.7757698
       ],
       [
        35.1469981,
        31.7763859
       ],
       [
        35.1468929,
        31.7770032
       ],
       [
        35.1467961,
        31.7776214
       ],
       [
        35.1467076,
        31.7782406
       ],
       [
        35.1466275,
        31.7788606
       ],
       [
        35.1465557,
        31.7794814
       ],
       [
        35.1464923,
        31.7801028
       ],
       [
        35.1464374,
        31.7807248
       ],
       [
        35.1463908,
        31.7813472
       ],
       [
        35.1463526,
        31.7819702
       ],
       [
        35.1463228,
        31.7825934
       ],
       [
        35.1463014,
        31.7832169
       ],
       [
        35.1462885,
        31.7838406
       ],
       [
        35.146284,
        31.7844643
       ],
       [
        35.1462878,
        31.7850881
       ],
       [
        35.1463002,
        31.7857117
       ],
       [
        35.1463209,
        31.7863353
       ],
       [
        35.14635,
        31.7869585
       ],
       [
        35.1463876,
        31.7875815
       ],
       [
        35.1464335,
        31.788204
       ],
       [
        35.1464879,
        31.788826
       ],
       [
        35.1465506,
        31.7894475
       ],
       [
        35.1466218,
        31.7900683
       ],
       [
        35.1467013,
        31.7906883
       ],
       [
        35.1467892,
        31.7913076
       ],
       [
        35.1468854,
        31.7919259
       ],
       [
        35.14699,
        31.7925432
       ],
       [
        35.1471029,
        31.7931595
       ],
       [
        35.1472241,
        31.7937746
       ],
       [
        35.1473536,
        31.7943885
       ],
       [
        35.1474914,
        31.795001
       ],
       [
        35.1476374,
        31.7956122
       ],
       [
        35.1477917,
        31.7962219
       ],
       [
        35.1479542,
        31.79683
       ],
       [
        35.148125,
        31.7974365
       ],
       [
        35.1483038,
        31.7980412
       ],
       [
        35.1484909,
        31.7986442
       ],
       [
        35.1486861,
        31.7992453
       ],
       [
        35.1488893,
        31.7998444
       ],
       [
        35.1491007,
        31.8004415
       ],
       [
        35.1493201,
        31.8010364
       ],
       [
        35.1495475,
        31.8016292
       ],
       [
        35.149783,
        31.8022196
       ],
       [
        35.1500263,
        31.8028077
       ],
       [
        35.1502776,
        31.8033934
       ],
       [
        35.1505368,
        31.8039766
       ],
       [
        35.1508039,
        31.8045572
       ],
       [
        35.1510787,
        31.8051351
       ],
       [
        35.1513614,
        31.8057102
       ],
       [
        35.1516518,
        31.8062826
       ],
       [
        35.1519499,
        31.806852
       ],
       [
        35.1522557,
        31.8074185
       ],
       [
        35.1525692,
        31.8079819
       ],
       [
        35.1528902,
        31.8085422
       ],
       [
        35.1532187,
        31.8090993
       ],
       [
        35.1535548,
        31.8096531
       ],
       [
        35.1538983,
        31.8102036
       ],
       [
        35.1542493,
        31.8107506
       ],
       [
        35.1546076,
        31.8112942
       ],
       [
        35.1549732,
        31.8118342
       ],
       [
        35.1553461,
        31.8123705
       ],
       [
        35.1557262,
        31.8129032
       ],
       [
        35.1561135,
        31.8134321
       ],
       [
        35.1565079,
        31.8139571
       ],
       [
        35.1569093,
        31.8144782
       ],
       [
        35.1573178,
        31.8149953
       ],
       [
        35.1577333,
        31.8155084
       ],
       [
        35.1581556,
        31.8160173
       ],
       [
        35.1585848,
        31.8165221
       ],
       [
        35.1590208,
        31.8170225
       ],
       [
        35.1594635,
        31.8175187
       ],
       [
        35.1599129,
        31.8180105
       ],
       [
        35.1603689,
        31.8184978
       ],
       [
        35.1608315,
        31.8189805
       ],
       [
        35.1613005,
        31.8194587
       ],
       [
        35.161776,
        31.8199323
       ],
       [
        35.1622578,
        31.8204011
       ],
       [
        35.162746,
        31.8208652
       ],
       [
        35.1632404,
        31.8213244
       ],
       [
        35.163741,
        31.8217787
       ],
       [
        35.1642476,
        31.822228
       ],
       [
        35.1647603,
        31.8226724
       ],
       [
        35.165279,
        31.8231116
       ],
       [
        35.1658036,
        31.8235458
       ],
       [
        35.166334,
        31.8239747
       ],
       [
        35.1668702,
        31.8243984
       ],
       [
        35.167412,
        31.8248167
       ],
       [
        35.1679595,
        31.8252297
       ],
       [
        35.1685125,
        31.8256373
       ],
       [
        35.169071,
        31.8260394
       ],
       [
        35.1696349,
        31.826436
       ],
       [
        35.1702042,
        31.826827
       ],
       [
        35.1707786,
        31.8272124
       ],
       [
        35.1713582,
        31.8275921
       ],
       [
        35.171943,
        31.827966
       ],
       [
        35.1725327,
        31.8283342
       ],
       [
        35.1731274,
        31.8286965
       ],
       [
        35.1737269,
        31.829053
       ],
       [
        35.1743312,
        31.8294035
       ],
       [
        35.1749403,
        31.8297481
       ],
       [
        35.1755539,
        31.8300866
       ],
       [
        35.1761721,
        31.8304191
       ],
       [
        35.1767947,
        31.8307455
       ],
       [
        35.1774217,
        31.8310657
       ],
       [
        35.1780529,
        31.8313797
       ],
       [
        35.1786884,
        31.8316875
       ],
       [
        35.179328,
        31.831989
       ],
       [
        35.1799716,
        31.8322841
       ],
       [
        35.1806192,
        31.832573
       ],
       [
        35.1812706,
        31.8328554
       ],
       [
        35.1819258,
        31.8331314
       ],
       [
        35.1825847,
        31.8334009
       ],
       [
        35.1832472,
        31.8336639
       ],
       [
        35.1839132,
        31.8339204
       ],
       [
        35.1845827,
        31.8341703
       ],
       [
        35.1852554,
        31.8344136
       ],
       [
        35.1859314,
        31.8346502
       ],
       [
        35.1866106,
        31.8348802
       ],
       [
        35.1872928,
        31.8351035
       ],
       [
        35.187978,
        31.83532
       ],
       [
        35.1886661,
        31.8355298
       ],
       [
        35.189357,
        31.8357328
       ],
       [
        35.1900505,
        31.8359289
       ],
       [
        35.1907467,
        31.8361183
       ],
       [
        35.1914454,
        31.8363007
       ],
       [
        35.1921465,
        31.8364763
       ],
       [
        35.1928499,
        31.8366449
       ],
       [
        35.1935556,
        31.8368066
       ],
       [
        35.1942634,
        31.8369614
       ],
       [
        35.1949732,
        31.8371092
       ],
       [
        35.195685,
        31.8372499
       ],
       [
        35.1963987,
        31.8373837
       ],
       [
        35.1971141,
        31.8375104
       ],
       [
        35.1978312,
        31.8376301
       ],
       [
        35.1985498,
        31.8377427
       ],
       [
        35.19927,
        31.8378482
       ],
       [
        35.1999915,
        31.8379466
       ],
       [
        35.2007142,
        31.8380379
       ],
       [
        35.2014382,
        31.8381221
       ],
       [
        35.2021633,
        31.8381991
       ],
       [
        35.2028893,
        31.838269
       ],
       [
        35.2036163,
        31.8383317
       ],
       [
        35.204344,
        31.8383873
       ],
       [
        35.2050725,
        31.8384357
       ],
       [
        35.2058015,
        31.838477
       ],
       [
        35.2065311,
        31.838511
       ],
       [
        35.2072611,
        31.8385379
       ],
       [
        35.2079914,
        31.8385575
       ],
       [
        35.2087219,
        31.83857
       ],
       [
        35.2094525,
        31.8385753
       ],
       [
        35.2101832,
        31.8385734
       ],
       [
        35.2109138,
        31.8385643
       ]
      ]
     ]
    ],
    "type": "MultiPolygon"
   }
  },
  {
   "type": "Feature",
   "properties": {
    "code": "LLP14",
    "nameHe": "רמת בקע",
    "nameEn": "Ramat-Beka",
    "zoneTypeCode": "AIP_PROHIBITED",
    "floorAmslFt": 0,
    "ceilingAmslFt": 7000,
    "aglCeilingFt": null,
    "notes": "gdb editor stamp: AGL AVIATION 2016-07-06T20:46:37.000 | תיאום: טרם הגשת בקשה לטיסת מרחב ל טיסה באזור אסור זה יש לתאם עם ע\"פ סדר העדיפות 1 משה ישראל 054-3390262 2 יוסי שמש 052-5773105 3 ניר כהן 052-8686406 4 אריה גלוטמן 052-3678550"
   },
   "geometry": {
    "coordinates": [
     [
      [
       [
        34.8333333,
        31.1325
       ],
       [
        34.8752778,
        31.1411111
       ],
       [
        34.9611111,
        31.135
       ],
       [
        34.9691667,
        31.1266667
       ],
       [
        34.9669444,
        31.0980556
       ],
       [
        34.9555556,
        31.0858333
       ],
       [
        34.9327778,
        31.0744444
       ],
       [
        34.8583333,
        31.0744444
       ],
       [
        34.8333333,
        31.1325
       ]
      ]
     ]
    ],
    "type": "MultiPolygon"
   }
  },
  {
   "type": "Feature",
   "properties": {
    "code": "LLP15",
    "nameHe": "דימונה",
    "nameEn": "Dimona",
    "zoneTypeCode": "AIP_PROHIBITED",
    "floorAmslFt": 0,
    "ceilingAmslFt": null,
    "aglCeilingFt": null,
    "notes": "ceiling UNL (unlimited) per א'-17 — stored null; gdb encodes as 99000 | א'-17 definition note: מהנקודה הקודמת עוקב הגבול אחר קשת ברדיוס של 5 ק \" מ שמרכזה בנקודה הבאה : 30° 58' 19.15\" N 35° 04' 26.60\" E · הקשת מסתיימת בנקודה הבאה : | gdb editor stamp: AGL AVIATION 2022-03-06T00:00:00.000"
   },
   "geometry": {
    "coordinates": [
     [
      [
       [
        35.1802539,
        31.049658
       ],
       [
        35.1808835,
        31.0475703
       ],
       [
        35.1834351,
        31.0481407
       ],
       [
        35.1834352,
        31.0481407
       ],
       [
        35.1834352,
        31.0481407
       ],
       [
        35.1834352,
        31.0481407
       ],
       [
        35.1834352,
        31.0481407
       ],
       [
        35.1958765,
        31.0310442
       ],
       [
        35.1958765,
        31.0310441
       ],
       [
        35.1650017,
        30.9726195
       ],
       [
        35.1458894,
        30.9403217
       ],
       [
        35.1458893,
        30.9403217
       ],
       [
        35.1458893,
        30.9403217
       ],
       [
        35.1458893,
        30.9403217
       ],
       [
        35.1139605,
        30.9428295
       ],
       [
        35.1137372,
        30.9425908
       ],
       [
        35.1115174,
        30.9405017
       ],
       [
        35.1091499,
        30.9385369
       ],
       [
        35.1066441,
        30.936704
       ],
       [
        35.1040097,
        30.9350103
       ],
       [
        35.1012573,
        30.9334625
       ],
       [
        35.0983977,
        30.9320666
       ],
       [
        35.095442,
        30.9308282
       ],
       [
        35.0924021,
        30.9297522
       ],
       [
        35.0892899,
        30.9288427
       ],
       [
        35.0861176,
        30.9281035
       ],
       [
        35.0828978,
        30.9275373
       ],
       [
        35.0796431,
        30.9271464
       ],
       [
        35.0763663,
        30.9269324
       ],
       [
        35.0730805,
        30.9268961
       ],
       [
        35.0697984,
        30.9270377
       ],
       [
        35.0665332,
        30.9273566
       ],
       [
        35.0632975,
        30.9278515
       ],
       [
        35.0601043,
        30.9285205
       ],
       [
        35.056966,
        30.9293609
       ],
       [
        35.0538951,
        30.9303695
       ],
       [
        35.0509036,
        30.9315422
       ],
       [
        35.0480034,
        30.9328746
       ],
       [
        35.0452058,
        30.9343611
       ],
       [
        35.042522,
        30.9359962
       ],
       [
        35.0399624,
        30.9377732
       ],
       [
        35.0375373,
        30.9396852
       ],
       [
        35.0352561,
        30.9417247
       ],
       [
        35.0331279,
        30.9438835
       ],
       [
        35.0311611,
        30.9461533
       ],
       [
        35.0293634,
        30.948525
       ],
       [
        35.027742,
        30.9509893
       ],
       [
        35.0263032,
        30.9535364
       ],
       [
        35.0250528,
        30.9561564
       ],
       [
        35.0239957,
        30.9588389
       ],
       [
        35.023136,
        30.9615732
       ],
       [
        35.0224772,
        30.9643487
       ],
       [
        35.022022,
        30.9671544
       ],
       [
        35.0217721,
        30.9699791
       ],
       [
        35.0217285,
        30.9728118
       ],
       [
        35.0218914,
        30.9756413
       ],
       [
        35.0222602,
        30.9784564
       ],
       [
        35.0228335,
        30.9812459
       ],
       [
        35.023609,
        30.9839989
       ],
       [
        35.0245836,
        30.9867046
       ],
       [
        35.0257536,
        30.9893521
       ],
       [
        35.0271143,
        30.9919312
       ],
       [
        35.0286603,
        30.9944315
       ],
       [
        35.0303857,
        30.9968432
       ],
       [
        35.0322835,
        30.9991568
       ],
       [
        35.0343463,
        31.0013631
       ],
       [
        35.036566,
        31.0034535
       ],
       [
        35.0389338,
        31.0054197
       ],
       [
        35.0414403,
        31.0072538
       ],
       [
        35.0440757,
        31.0089487
       ],
       [
        35.0468295,
        31.0104977
       ],
       [
        35.0496908,
        31.0118946
       ],
       [
        35.0526485,
        31.013134
       ],
       [
        35.0556907,
        31.0142108
       ],
       [
        35.0588055,
        31.015121
       ],
       [
        35.0619806,
        31.0158608
       ],
       [
        35.0652033,
        31.0164274
       ],
       [
        35.0663334,
        31.016563
       ],
       [
        35.0742131,
        31.0201398
       ],
       [
        35.0742132,
        31.0201398
       ],
       [
        35.083766,
        31.0156322
       ],
       [
        35.0972275,
        31.0367863
       ],
       [
        35.0972276,
        31.0367863
       ],
       [
        35.142169,
        31.0380836
       ],
       [
        35.1802537,
        31.0496581
       ],
       [
        35.1802538,
        31.0496581
       ],
       [
        35.1802538,
        31.0496581
       ],
       [
        35.1802538,
        31.0496581
       ],
       [
        35.1802538,
        31.0496581
       ],
       [
        35.1802539,
        31.0496581
       ],
       [
        35.1802539,
        31.049658
       ],
       [
        35.1802539,
        31.049658
       ],
       [
        35.1802539,
        31.049658
       ]
      ]
     ]
    ],
    "type": "MultiPolygon"
   }
  },
  {
   "type": "Feature",
   "properties": {
    "code": "LLP16",
    "nameHe": "עין עבדת",
    "nameEn": "Eynvdat Nature Reserve",
    "zoneTypeCode": "AIP_PROHIBITED",
    "floorAmslFt": 0,
    "ceilingAmslFt": 2700,
    "aglCeilingFt": null,
    "notes": "GEOMETRY DISAGREEMENT: 14/14 א'-17 vertices do not appear in the gdb outline — requires visual adjudication (ב'-08) | gdb editor stamp: AGL AVIATION 2016-07-06T20:46:37.000"
   },
   "geometry": {
    "coordinates": [
     [
      [
       [
        34.8346756,
        30.8454998
       ],
       [
        34.8398234,
        30.8371056
       ],
       [
        34.8439763,
        30.830654
       ],
       [
        34.8454767,
        30.8283229
       ],
       [
        34.8492319,
        30.8224878
       ],
       [
        34.8491522,
        30.822434
       ],
       [
        34.849109,
        30.8224048
       ],
       [
        34.8488358,
        30.8222202
       ],
       [
        34.8486282,
        30.8220799
       ],
       [
        34.8487455,
        30.8216665
       ],
       [
        34.8492513,
        30.8198837
       ],
       [
        34.8491682,
        30.8198533
       ],
       [
        34.8484368,
        30.8195859
       ],
       [
        34.8483642,
        30.8195195
       ],
       [
        34.8478552,
        30.8190539
       ],
       [
        34.8474415,
        30.8186756
       ],
       [
        34.8474348,
        30.8186732
       ],
       [
        34.8457964,
        30.8180787
       ],
       [
        34.8455139,
        30.8179761
       ],
       [
        34.8453935,
        30.8179325
       ],
       [
        34.840233,
        30.817219
       ],
       [
        34.8383424,
        30.8171024
       ],
       [
        34.8357186,
        30.8169406
       ],
       [
        34.8299413,
        30.8170877
       ],
       [
        34.8294253,
        30.8171008
       ],
       [
        34.8239715,
        30.8172394
       ],
       [
        34.8196309,
        30.8173496
       ],
       [
        34.8111277,
        30.8176218
       ],
       [
        34.8094602,
        30.8176806
       ],
       [
        34.8020164,
        30.8188581
       ],
       [
        34.8001074,
        30.8192227
       ],
       [
        34.796689,
        30.8198757
       ],
       [
        34.7945878,
        30.8203458
       ],
       [
        34.7903113,
        30.8204627
       ],
       [
        34.7876731,
        30.8211705
       ],
       [
        34.7852872,
        30.8211853
       ],
       [
        34.7829068,
        30.821809
       ],
       [
        34.7803556,
        30.822561
       ],
       [
        34.7802232,
        30.8225114
       ],
       [
        34.7698224,
        30.8186182
       ],
       [
        34.7638197,
        30.8163708
       ],
       [
        34.7638197,
        30.8163708
       ],
       [
        34.7554859,
        30.8247042
       ],
       [
        34.7557633,
        30.8408156
       ],
       [
        34.7557634,
        30.8408157
       ],
       [
        34.7768747,
        30.8541495
       ],
       [
        34.80107,
        30.8654374
       ],
       [
        34.8046322,
        30.8679492
       ],
       [
        34.809021,
        30.8708193
       ],
       [
        34.811916,
        30.8712475
       ],
       [
        34.8126334,
        30.8713536
       ],
       [
        34.8141214,
        30.8715737
       ],
       [
        34.8190976,
        30.869706
       ],
       [
        34.8190977,
        30.8697059
       ],
       [
        34.820151,
        30.8665462
       ],
       [
        34.829371,
        30.8630852
       ],
       [
        34.8294049,
        30.8589576
       ],
       [
        34.8294173,
        30.8574488
       ],
       [
        34.8295131,
        30.8539162
       ],
       [
        34.8346756,
        30.8454998
       ]
      ]
     ]
    ],
    "type": "MultiPolygon"
   }
  },
  {
   "type": "Feature",
   "properties": {
    "code": "LLP171",
    "nameHe": "יהודה ושומרון צפון",
    "nameEn": "Judea and Samaria North",
    "zoneTypeCode": "AIP_PROHIBITED",
    "floorAmslFt": 0,
    "ceilingAmslFt": 6000,
    "aglCeilingFt": null,
    "notes": "GEOMETRY DISAGREEMENT: 1/19 א'-17 vertices do not appear in the gdb outline — requires visual adjudication (ב'-08) | gdb editor stamp: ILANS 2019-06-28T09:04:21.000"
   },
   "geometry": {
    "coordinates": [
     [
      [
       [
        35.2330282,
        32.5678649
       ],
       [
        35.2690113,
        32.5304482
       ],
       [
        35.3580552,
        32.5366249
       ],
       [
        35.3580552,
        32.5366249
       ],
       [
        35.4107851,
        32.5176752
       ],
       [
        35.4107851,
        32.5176752
       ],
       [
        35.4107851,
        32.5176752
       ],
       [
        35.4379904,
        32.4648933
       ],
       [
        35.447373,
        32.2296343
       ],
       [
        35.447373,
        32.2296343
       ],
       [
        35.447373,
        32.2296343
       ],
       [
        35.447373,
        32.2296342
       ],
       [
        35.447373,
        32.2296342
       ],
       [
        35.3812074,
        32.0658754
       ],
       [
        35.3812074,
        32.0658754
       ],
       [
        35.3812073,
        32.0658754
       ],
       [
        35.3812073,
        32.0658754
       ],
       [
        35.3812073,
        32.0658754
       ],
       [
        35.3812072,
        32.0658754
       ],
       [
        35.1673464,
        32.1572617
       ],
       [
        34.9993024,
        32.2322614
       ],
       [
        34.9993024,
        32.2322615
       ],
       [
        34.9993024,
        32.2322615
       ],
       [
        34.9993024,
        32.2322615
       ],
       [
        34.9993024,
        32.2322615
       ],
       [
        34.9993024,
        32.2322616
       ],
       [
        34.9993024,
        32.2322616
       ],
       [
        35.0369462,
        32.2535582
       ],
       [
        34.9926448,
        32.2921814
       ],
       [
        34.9926447,
        32.2921814
       ],
       [
        34.998824,
        32.3385726
       ],
       [
        34.9988241,
        32.3385726
       ],
       [
        35.0319267,
        32.3686382
       ],
       [
        35.0277967,
        32.39506
       ],
       [
        35.0277967,
        32.39506
       ],
       [
        35.0529961,
        32.4528772
       ],
       [
        35.0529962,
        32.4528772
       ],
       [
        35.1413466,
        32.4877144
       ],
       [
        35.1397285,
        32.5125022
       ],
       [
        35.1397285,
        32.5125022
       ],
       [
        35.1397285,
        32.5125022
       ],
       [
        35.1885631,
        32.5536797
       ],
       [
        35.1885631,
        32.5536797
       ],
       [
        35.2330281,
        32.5678649
       ],
       [
        35.2330282,
        32.5678649
       ],
       [
        35.2330282,
        32.5678649
       ],
       [
        35.2330282,
        32.5678649
       ]
      ]
     ]
    ],
    "type": "MultiPolygon"
   }
  },
  {
   "type": "Feature",
   "properties": {
    "code": "LLP172",
    "nameHe": "יהודה ושומרון מרכז",
    "nameEn": "Judea and Samaria Center",
    "zoneTypeCode": "AIP_PROHIBITED",
    "floorAmslFt": 0,
    "ceilingAmslFt": 6000,
    "aglCeilingFt": null,
    "notes": "א'-17 definition note: מהנקודה הקודמת בקשת לאורך גבול LLP13 בכיוון מערב ( נגד כיוון השעון ) עד לנקודה הבאה : | gdb editor stamp: AGL AVIATION 2016-07-06T20:46:37.000"
   },
   "geometry": {
    "coordinates": [
     [
      [
       [
        34.9991667,
        32.2322222
       ],
       [
        35.1672222,
        32.1572222
       ],
       [
        35.3811111,
        32.0658333
       ],
       [
        35.3230556,
        31.9219444
       ],
       [
        35.2603466,
        31.8168856
       ],
       [
        35.2599052,
        31.8173835
       ],
       [
        35.2594571,
        31.817877
       ],
       [
        35.2590024,
        31.8183661
       ],
       [
        35.2585411,
        31.8188507
       ],
       [
        35.2580733,
        31.8193307
       ],
       [
        35.257599,
        31.819806
       ],
       [
        35.2571183,
        31.8202767
       ],
       [
        35.2566312,
        31.8207425
       ],
       [
        35.2561379,
        31.8212036
       ],
       [
        35.2556384,
        31.8216597
       ],
       [
        35.2551328,
        31.8221109
       ],
       [
        35.2546211,
        31.8225571
       ],
       [
        35.2541033,
        31.8229981
       ],
       [
        35.2535797,
        31.8234341
       ],
       [
        35.2530502,
        31.8238649
       ],
       [
        35.2525149,
        31.8242904
       ],
       [
        35.2519738,
        31.8247106
       ],
       [
        35.2514271,
        31.8251255
       ],
       [
        35.2508749,
        31.8255349
       ],
       [
        35.2503171,
        31.8259388
       ],
       [
        35.2497539,
        31.8263373
       ],
       [
        35.2491854,
        31.8267301
       ],
       [
        35.2486116,
        31.8271174
       ],
       [
        35.2480325,
        31.8274989
       ],
       [
        35.2474484,
        31.8278747
       ],
       [
        35.2468592,
        31.8282447
       ],
       [
        35.246265,
        31.8286089
       ],
       [
        35.245666,
        31.8289672
       ],
       [
        35.2450621,
        31.8293196
       ],
       [
        35.2444535,
        31.829666
       ],
       [
        35.2438403,
        31.8300064
       ],
       [
        35.2432225,
        31.8303407
       ],
       [
        35.2426002,
        31.8306689
       ],
       [
        35.2419735,
        31.8309909
       ],
       [
        35.2413425,
        31.8313068
       ],
       [
        35.2407073,
        31.8316164
       ],
       [
        35.2400679,
        31.8319197
       ],
       [
        35.2394245,
        31.8322167
       ],
       [
        35.238777,
        31.8325073
       ],
       [
        35.2381257,
        31.8327915
       ],
       [
        35.2374706,
        31.8330693
       ],
       [
        35.2368118,
        31.8333406
       ],
       [
        35.2361493,
        31.8336054
       ],
       [
        35.2354833,
        31.8338637
       ],
       [
        35.2348139,
        31.8341153
       ],
       [
        35.234141,
        31.8343604
       ],
       [
        35.233465,
        31.8345988
       ],
       [
        35.2327857,
        31.8348305
       ],
       [
        35.2321033,
        31.8350555
       ],
       [
        35.231418,
        31.8352737
       ],
       [
        35.2307297,
        31.8354852
       ],
       [
        35.2300386,
        31.8356899
       ],
       [
        35.2293448,
        31.8358878
       ],
       [
        35.2286484,
        31.8360788
       ],
       [
        35.2279494,
        31.8362629
       ],
       [
        35.227248,
        31.8364401
       ],
       [
        35.2265442,
        31.8366104
       ],
       [
        35.2258382,
        31.8367738
       ],
       [
        35.22513,
        31.8369301
       ],
       [
        35.2244197,
        31.8370795
       ],
       [
        35.2237075,
        31.8372219
       ],
       [
        35.2229933,
        31.8373572
       ],
       [
        35.2222774,
        31.8374855
       ],
       [
        35.2215598,
        31.8376067
       ],
       [
        35.2208406,
        31.8377209
       ],
       [
        35.2201199,
        31.8378279
       ],
       [
        35.2193979,
        31.8379278
       ],
       [
        35.2186745,
        31.8380206
       ],
       [
        35.2179499,
        31.8381063
       ],
       [
        35.2172241,
        31.8381848
       ],
       [
        35.2164974,
        31.8382562
       ],
       [
        35.2157698,
        31.8383204
       ],
       [
        35.2150413,
        31.8383774
       ],
       [
        35.2143121,
        31.8384272
       ],
       [
        35.2135823,
        31.8384698
       ],
       [
        35.2128519,
        31.8385052
       ],
       [
        35.2121212,
        31.8385335
       ],
       [
        35.2113901,
        31.8385545
       ],
       [
        35.2106587,
        31.8385683
       ],
       [
        35.2099272,
        31.8385749
       ],
       [
        35.2091957,
        31.8385743
       ],
       [
        35.2084642,
        31.8385664
       ],
       [
        35.2077329,
        31.8385514
       ],
       [
        35.2070019,
        31.8385292
       ],
       [
        35.2062712,
        31.8384997
       ],
       [
        35.2055409,
        31.838463
       ],
       [
        35.2048112,
        31.8384192
       ],
       [
        35.2040821,
        31.8383681
       ],
       [
        35.2033538,
        31.8383099
       ],
       [
        35.2026263,
        31.8382445
       ],
       [
        35.2018997,
        31.8381719
       ],
       [
        35.2011741,
        31.8380922
       ],
       [
        35.2004497,
        31.8380053
       ],
       [
        35.1997266,
        31.8379113
       ],
       [
        35.1990047,
        31.8378102
       ],
       [
        35.1982842,
        31.8377019
       ],
       [
        35.1975653,
        31.8375866
       ],
       [
        35.196848,
        31.8374641
       ],
       [
        35.1961324,
        31.8373346
       ],
       [
        35.1954185,
        31.8371981
       ],
       [
        35.1947066,
        31.8370545
       ],
       [
        35.1939967,
        31.8369039
       ],
       [
        35.1932888,
        31.8367464
       ],
       [
        35.1925832,
        31.8365818
       ],
       [
        35.1918798,
        31.8364104
       ],
       [
        35.1911787,
        31.8362319
       ],
       [
        35.1904802,
        31.8360466
       ],
       [
        35.1897842,
        31.8358545
       ],
       [
        35.1890908,
        31.8356554
       ],
       [
        35.1884002,
        31.8354496
       ],
       [
        35.1877124,
        31.8352369
       ],
       [
        35.1870275,
        31.8350175
       ],
       [
        35.1863457,
        31.8347914
       ],
       [
        35.1856669,
        31.8345585
       ],
       [
        35.1849914,
        31.834319
       ],
       [
        35.1843191,
        31.8340728
       ],
       [
        35.1836502,
        31.83382
       ],
       [
        35.1829848,
        31.8335606
       ],
       [
        35.182323,
        31.8332947
       ],
       [
        35.1816647,
        31.8330223
       ],
       [
        35.1810102,
        31.8327434
       ],
       [
        35.1803596,
        31.832458
       ],
       [
        35.1797128,
        31.8321663
       ],
       [
        35.17907,
        31.8318682
       ],
       [
        35.1784313,
        31.8315638
       ],
       [
        35.1777968,
        31.8312531
       ],
       [
        35.1771665,
        31.8309362
       ],
       [
        35.1765405,
        31.8306131
       ],
       [
        35.175919,
        31.8302839
       ],
       [
        35.175302,
        31.8299485
       ],
       [
        35.1746895,
        31.8296071
       ],
       [
        35.1740817,
        31.8292596
       ],
       [
        35.1734786,
        31.8289062
       ],
       [
        35.1728804,
        31.8285469
       ],
       [
        35.172287,
        31.8281817
       ],
       [
        35.1716987,
        31.8278107
       ],
       [
        35.1711154,
        31.8274338
       ],
       [
        35.1705372,
        31.8270513
       ],
       [
        35.1699643,
        31.8266631
       ],
       [
        35.1693966,
        31.8262693
       ],
       [
        35.1688343,
        31.8258699
       ],
       [
        35.1682775,
        31.8254649
       ],
       [
        35.1677262,
        31.8250546
       ],
       [
        35.1671804,
        31.8246388
       ],
       [
        35.1666404,
        31.8242176
       ],
       [
        35.166106,
        31.8237912
       ],
       [
        35.1655775,
        31.8233595
       ],
       [
        35.1650548,
        31.8229226
       ],
       [
        35.1645381,
        31.8224806
       ],
       [
        35.1640274,
        31.8220336
       ],
       [
        35.1635228,
        31.8215815
       ],
       [
        35.1630243,
        31.8211245
       ],
       [
        35.1625321,
        31.8206626
       ],
       [
        35.1620461,
        31.8201959
       ],
       [
        35.1615665,
        31.8197244
       ],
       [
        35.1610933,
        31.8192483
       ],
       [
        35.1606265,
        31.8187675
       ],
       [
        35.1601663,
        31.8182821
       ],
       [
        35.1597127,
        31.8177922
       ],
       [
        35.1592658,
        31.8172979
       ],
       [
        35.1588255,
        31.8167992
       ],
       [
        35.1583921,
        31.8162962
       ],
       [
        35.1579655,
        31.8157889
       ],
       [
        35.1575457,
        31.8152775
       ],
       [
        35.1571329,
        31.814762
       ],
       [
        35.1567271,
        31.8142425
       ],
       [
        35.1563284,
        31.8137189
       ],
       [
        35.1559368,
        31.8131915
       ],
       [
        35.1555523,
        31.8126603
       ],
       [
        35.1551751,
        31.8121253
       ],
       [
        35.1548051,
        31.8115866
       ],
       [
        35.1544424,
        31.8110443
       ],
       [
        35.1540871,
        31.8104985
       ],
       [
        35.1537391,
        31.8099492
       ],
       [
        35.1533987,
        31.8093965
       ],
       [
        35.1530657,
        31.8088405
       ],
       [
        35.1527403,
        31.8082812
       ],
       [
        35.1524224,
        31.8077188
       ],
       [
        35.1521122,
        31.8071532
       ],
       [
        35.1518097,
        31.8065847
       ],
       [
        35.1515148,
        31.8060132
       ],
       [
        35.1512278,
        31.8054388
       ],
       [
        35.1509485,
        31.8048617
       ],
       [
        35.150677,
        31.8042818
       ],
       [
        35.1504134,
        31.8036993
       ],
       [
        35.1501576,
        31.8031142
       ],
       [
        35.1499098,
        31.8025267
       ],
       [
        35.14967,
        31.8019367
       ],
       [
        35.1494381,
        31.8013444
       ],
       [
        35.1492143,
        31.8007499
       ],
       [
        35.1489986,
        31.8001532
       ],
       [
        35.1487909,
        31.7995544
       ],
       [
        35.1485913,
        31.7989536
       ],
       [
        35.1483999,
        31.7983509
       ],
       [
        35.1482166,
        31.7977463
       ],
       [
        35.1480415,
        31.79714
       ],
       [
        35.1478746,
        31.796532
       ],
       [
        35.0875,
        31.8138889
       ],
       [
        35.07,
        31.8380556
       ],
       [
        35.0486111,
        31.8352778
       ],
       [
        35.0222222,
        31.8591667
       ],
       [
        35.0297222,
        31.9194444
       ],
       [
        34.9905556,
        31.9169444
       ],
       [
        34.9680556,
        31.9733333
       ],
       [
        34.9902778,
        32.0080556
       ],
       [
        34.9786111,
        32.0586111
       ],
       [
        34.9927778,
        32.1202778
       ],
       [
        34.9525,
        32.1588889
       ],
       [
        34.9416667,
        32.1994444
       ],
       [
        34.9533333,
        32.2061111
       ],
       [
        34.9991667,
        32.2322222
       ]
      ]
     ]
    ],
    "type": "MultiPolygon"
   }
  },
  {
   "type": "Feature",
   "properties": {
    "code": "LLP173",
    "nameHe": "יהודה ושומרון דרום",
    "nameEn": "Judea and Samaria South",
    "zoneTypeCode": "AIP_PROHIBITED",
    "floorAmslFt": 0,
    "ceilingAmslFt": 6000,
    "aglCeilingFt": null,
    "notes": "א'-17 definition note: מהנקודה הקודמת בקשת לאורך גבול LLP13 בכיוון מזרח ( נגד כיוון השעון ) עד לנקודה הבאה : | gdb editor stamp: ILANS 2019-06-28T09:04:21.000"
   },
   "geometry": {
    "coordinates": [
     [
      [
       [
        35.3233333,
        31.7322222
       ],
       [
        35.3272222,
        31.7191667
       ],
       [
        35.2975,
        31.6502778
       ],
       [
        35.1952778,
        31.5688889
       ],
       [
        35.2069444,
        31.5180556
       ],
       [
        35.1941667,
        31.4213889
       ],
       [
        35.0697222,
        31.3455556
       ],
       [
        34.9688889,
        31.3672222
       ],
       [
        34.9077778,
        31.3416667
       ],
       [
        34.8838889,
        31.3555556
       ],
       [
        34.8747222,
        31.4252778
       ],
       [
        34.9205556,
        31.4944444
       ],
       [
        34.9283333,
        31.5480556
       ],
       [
        34.995,
        31.6652778
       ],
       [
        35.1691667,
        31.74
       ],
       [
        35.1713791,
        31.7413501
       ],
       [
        35.1719635,
        31.7409763
       ],
       [
        35.1725528,
        31.7406084
       ],
       [
        35.1731471,
        31.7402462
       ],
       [
        35.1737462,
        31.7398899
       ],
       [
        35.1743501,
        31.7395396
       ],
       [
        35.1749587,
        31.7391952
       ],
       [
        35.1755719,
        31.7388569
       ],
       [
        35.1761895,
        31.7385246
       ],
       [
        35.1768117,
        31.7381984
       ],
       [
        35.1774381,
        31.7378783
       ],
       [
        35.1780689,
        31.7375644
       ],
       [
        35.1787038,
        31.7372568
       ],
       [
        35.1793428,
        31.7369555
       ],
       [
        35.1799859,
        31.7366604
       ],
       [
        35.1806329,
        31.7363717
       ],
       [
        35.1812837,
        31.7360894
       ],
       [
        35.1819383,
        31.7358136
       ],
       [
        35.1825966,
        31.7355442
       ],
       [
        35.1832584,
        31.7352813
       ],
       [
        35.1839238,
        31.7350249
       ],
       [
        35.1845926,
        31.7347751
       ],
       [
        35.1852647,
        31.7345319
       ],
       [
        35.18594,
        31.7342953
       ],
       [
        35.1866184,
        31.7340654
       ],
       [
        35.1873,
        31.7338422
       ],
       [
        35.1879844,
        31.7336258
       ],
       [
        35.1886718,
        31.733416
       ],
       [
        35.1893619,
        31.7332131
       ],
       [
        35.1900547,
        31.733017
       ],
       [
        35.1907501,
        31.7328277
       ],
       [
        35.1914481,
        31.7326453
       ],
       [
        35.1921484,
        31.7324697
       ],
       [
        35.192851,
        31.7323011
       ],
       [
        35.1935559,
        31.7321394
       ],
       [
        35.1942629,
        31.7319846
       ],
       [
        35.1949719,
        31.7318368
       ],
       [
        35.1956829,
        31.731696
       ],
       [
        35.1963958,
        31.7315623
       ],
       [
        35.1971104,
        31.7314355
       ],
       [
        35.1978266,
        31.7313158
       ],
       [
        35.1985444,
        31.7312032
       ],
       [
        35.1992637,
        31.7310976
       ],
       [
        35.1999844,
        31.7309991
       ],
       [
        35.2007063,
        31.7309077
       ],
       [
        35.2014294,
        31.7308235
       ],
       [
        35.2021536,
        31.7307463
       ],
       [
        35.2028788,
        31.7306763
       ],
       [
        35.2036049,
        31.7306135
       ],
       [
        35.2043318,
        31.7305578
       ],
       [
        35.2050594,
        31.7305093
       ],
       [
        35.2057876,
        31.7304679
       ],
       [
        35.2065163,
        31.7304337
       ],
       [
        35.2072455,
        31.7304067
       ],
       [
        35.2079749,
        31.7303869
       ],
       [
        35.2087046,
        31.7303742
       ],
       [
        35.2094343,
        31.7303688
       ],
       [
        35.2101641,
        31.7303705
       ],
       [
        35.2108939,
        31.7303794
       ],
       [
        35.2116234,
        31.7303955
       ],
       [
        35.2123527,
        31.7304188
       ],
       [
        35.2130817,
        31.7304492
       ],
       [
        35.2138101,
        31.7304869
       ],
       [
        35.214538,
        31.7305317
       ],
       [
        35.2152653,
        31.7305836
       ],
       [
        35.2159918,
        31.7306428
       ],
       [
        35.2167175,
        31.7307091
       ],
       [
        35.2174422,
        31.7307825
       ],
       [
        35.2181659,
        31.730863
       ],
       [
        35.2188885,
        31.7309507
       ],
       [
        35.2196098,
        31.7310455
       ],
       [
        35.2203298,
        31.7311474
       ],
       [
        35.2210484,
        31.7312563
       ],
       [
        35.2217655,
        31.7313724
       ],
       [
        35.2224809,
        31.7314955
       ],
       [
        35.2231947,
        31.7316256
       ],
       [
        35.2239066,
        31.7317627
       ],
       [
        35.2246167,
        31.7319069
       ],
       [
        35.2253248,
        31.732058
       ],
       [
        35.2260307,
        31.7322161
       ],
       [
        35.2267345,
        31.7323811
       ],
       [
        35.2274361,
        31.7325531
       ],
       [
        35.2281352,
        31.732732
       ],
       [
        35.228832,
        31.7329177
       ],
       [
        35.2295261,
        31.7331102
       ],
       [
        35.2302176,
        31.7333096
       ],
       [
        35.2309064,
        31.7335158
       ],
       [
        35.2315924,
        31.7337288
       ],
       [
        35.2322755,
        31.7339485
       ],
       [
        35.2329555,
        31.7341749
       ],
       [
        35.2336325,
        31.734408
       ],
       [
        35.2343062,
        31.7346477
       ],
       [
        35.2349767,
        31.7348941
       ],
       [
        35.2356438,
        31.7351471
       ],
       [
        35.2363075,
        31.7354066
       ],
       [
        35.2369676,
        31.7356726
       ],
       [
        35.2376241,
        31.7359451
       ],
       [
        35.2382769,
        31.736224
       ],
       [
        35.2389259,
        31.7365094
       ],
       [
        35.239571,
        31.7368011
       ],
       [
        35.2402121,
        31.7370992
       ],
       [
        35.2408492,
        31.7374035
       ],
       [
        35.2414821,
        31.7377141
       ],
       [
        35.2421108,
        31.738031
       ],
       [
        35.2427352,
        31.738354
       ],
       [
        35.2433551,
        31.7386831
       ],
       [
        35.2439706,
        31.7390183
       ],
       [
        35.2445816,
        31.7393595
       ],
       [
        35.2451879,
        31.7397068
       ],
       [
        35.2457895,
        31.7400599
       ],
       [
        35.2463863,
        31.740419
       ],
       [
        35.2469782,
        31.740784
       ],
       [
        35.2475651,
        31.7411547
       ],
       [
        35.2481471,
        31.7415312
       ],
       [
        35.2487239,
        31.7419134
       ],
       [
        35.2492955,
        31.7423012
       ],
       [
        35.2498618,
        31.7426947
       ],
       [
        35.2504228,
        31.7430937
       ],
       [
        35.2509784,
        31.7434982
       ],
       [
        35.2515285,
        31.7439082
       ],
       [
        35.2520731,
        31.7443235
       ],
       [
        35.252612,
        31.7447442
       ],
       [
        35.2531452,
        31.7451701
       ],
       [
        35.2536726,
        31.7456013
       ],
       [
        35.2541942,
        31.7460376
       ],
       [
        35.2547098,
        31.7464791
       ],
       [
        35.2569444,
        31.7452778
       ],
       [
        35.3233333,
        31.7322222
       ]
      ]
     ]
    ],
    "type": "MultiPolygon"
   }
  },
  {
   "type": "Feature",
   "properties": {
    "code": "LLP18",
    "nameHe": "יריחו",
    "nameEn": "Jericho",
    "zoneTypeCode": "AIP_PROHIBITED",
    "floorAmslFt": 0,
    "ceilingAmslFt": 6000,
    "aglCeilingFt": null,
    "notes": "gdb editor stamp: AGL AVIATION 2016-07-06T20:46:37.000"
   },
   "geometry": {
    "coordinates": [
     [
      [
       [
        35.4892881,
        31.802259
       ],
       [
        35.4347384,
        31.8008603
       ],
       [
        35.4347384,
        31.8008603
       ],
       [
        35.4347384,
        31.8008603
       ],
       [
        35.4165551,
        31.814148
       ],
       [
        35.4165551,
        31.8141481
       ],
       [
        35.4165551,
        31.8141481
       ],
       [
        35.4151564,
        31.9071623
       ],
       [
        35.4151564,
        31.9071623
       ],
       [
        35.4151564,
        31.9071624
       ],
       [
        35.4151565,
        31.9071624
       ],
       [
        35.4151565,
        31.9071624
       ],
       [
        35.4606145,
        31.9085611
       ],
       [
        35.4606146,
        31.9085611
       ],
       [
        35.4606146,
        31.9085611
       ],
       [
        35.4606146,
        31.9085611
       ],
       [
        35.4606147,
        31.9085611
       ],
       [
        35.4606147,
        31.908561
       ],
       [
        35.4606147,
        31.908561
       ],
       [
        35.4606147,
        31.908561
       ],
       [
        35.4648108,
        31.8868811
       ],
       [
        35.5053733,
        31.8742927
       ],
       [
        35.5053734,
        31.8742926
       ],
       [
        35.5123669,
        31.8288346
       ],
       [
        35.5123669,
        31.8288345
       ],
       [
        35.5123669,
        31.8288345
       ],
       [
        35.4892882,
        31.802259
       ],
       [
        35.4892881,
        31.802259
       ]
      ]
     ]
    ],
    "type": "MultiPolygon"
   }
  },
  {
   "type": "Feature",
   "properties": {
    "code": "LLP19",
    "nameHe": "רצועת עזה",
    "nameEn": "GAZA",
    "zoneTypeCode": "AIP_PROHIBITED",
    "floorAmslFt": 0,
    "ceilingAmslFt": null,
    "aglCeilingFt": null,
    "notes": "ceiling UNL (unlimited) per א'-17 — stored null; gdb encodes as 99000 | gdb editor stamp: ILANS 2019-08-13T20:29:15.000"
   },
   "geometry": {
    "coordinates": [
     [
      [
       [
        34.4937602,
        31.6495416
       ],
       [
        34.4944733,
        31.6495218
       ],
       [
        34.495186,
        31.649495
       ],
       [
        34.4958984,
        31.6494612
       ],
       [
        34.4966103,
        31.6494202
       ],
       [
        34.4973215,
        31.6493722
       ],
       [
        34.4980321,
        31.6493172
       ],
       [
        34.4987418,
        31.6492551
       ],
       [
        34.4994507,
        31.649186
       ],
       [
        34.5001586,
        31.6491098
       ],
       [
        34.5008654,
        31.6490266
       ],
       [
        34.501571,
        31.6489364
       ],
       [
        34.5022754,
        31.6488392
       ],
       [
        34.5029784,
        31.648735
       ],
       [
        34.5036799,
        31.6486239
       ],
       [
        34.5043799,
        31.6485058
       ],
       [
        34.5050782,
        31.6483807
       ],
       [
        34.5057748,
        31.6482488
       ],
       [
        34.5064695,
        31.6481099
       ],
       [
        34.5071623,
        31.6479641
       ],
       [
        34.5078531,
        31.6478115
       ],
       [
        34.5085418,
        31.647652
       ],
       [
        34.5092282,
        31.6474858
       ],
       [
        34.5099124,
        31.6473127
       ],
       [
        34.5105941,
        31.6471328
       ],
       [
        34.5112734,
        31.6469462
       ],
       [
        34.5119501,
        31.6467528
       ],
       [
        34.5126241,
        31.6465528
       ],
       [
        34.5132954,
        31.646346
       ],
       [
        34.5139638,
        31.6461326
       ],
       [
        34.5146293,
        31.6459127
       ],
       [
        34.5152917,
        31.6456861
       ],
       [
        34.515951,
        31.6454529
       ],
       [
        34.5166071,
        31.6452132
       ],
       [
        34.51726,
        31.6449671
       ],
       [
        34.5179094,
        31.6447144
       ],
       [
        34.5185554,
        31.6444554
       ],
       [
        34.5191978,
        31.6441899
       ],
       [
        34.5198365,
        31.6439181
       ],
       [
        34.5204716,
        31.64364
       ],
       [
        34.5211028,
        31.6433556
       ],
       [
        34.5223847,
        31.6428478
       ],
       [
        34.5262796,
        31.640828
       ],
       [
        34.6001323,
        31.5877988
       ],
       [
        34.6096625,
        31.5809461
       ],
       [
        34.6150127,
        31.5765739
       ],
       [
        34.617561,
        31.574488
       ],
       [
        34.6183672,
        31.573496
       ],
       [
        34.6191667,
        31.5725
       ],
       [
        34.6195304,
        31.5720284
       ],
       [
        34.619887,
        31.571553
       ],
       [
        34.6202366,
        31.5710736
       ],
       [
        34.6205791,
        31.5705906
       ],
       [
        34.6209143,
        31.5701038
       ],
       [
        34.6212423,
        31.5696134
       ],
       [
        34.621563,
        31.5691196
       ],
       [
        34.6218764,
        31.5686222
       ],
       [
        34.6221824,
        31.5681215
       ],
       [
        34.6224809,
        31.5676175
       ],
       [
        34.6227719,
        31.5671103
       ],
       [
        34.6230553,
        31.5666
       ],
       [
        34.6233312,
        31.5660866
       ],
       [
        34.6235994,
        31.5655703
       ],
       [
        34.62386,
        31.5650511
       ],
       [
        34.6241128,
        31.5645292
       ],
       [
        34.6243579,
        31.5640045
       ],
       [
        34.6245951,
        31.5634772
       ],
       [
        34.6248246,
        31.5629473
       ],
       [
        34.6250461,
        31.562415
       ],
       [
        34.6252597,
        31.5618804
       ],
       [
        34.6254654,
        31.5613434
       ],
       [
        34.6256631,
        31.5608043
       ],
       [
        34.6258528,
        31.5602631
       ],
       [
        34.6260345,
        31.5597198
       ],
       [
        34.6262081,
        31.5591746
       ],
       [
        34.6263736,
        31.5586276
       ],
       [
        34.626531,
        31.5580788
       ],
       [
        34.6266802,
        31.5575283
       ],
       [
        34.6268212,
        31.5569763
       ],
       [
        34.6269541,
        31.5564228
       ],
       [
        34.6270787,
        31.5558679
       ],
       [
        34.6271951,
        31.5553116
       ],
       [
        34.6273032,
        31.5547542
       ],
       [
        34.6274031,
        31.5541956
       ],
       [
        34.6274947,
        31.553636
       ],
       [
        34.6275779,
        31.5530754
       ],
       [
        34.6276529,
        31.552514
       ],
       [
        34.6277195,
        31.5519518
       ],
       [
        34.6277778,
        31.5513889
       ],
       [
        34.6279222,
        31.5504558
       ],
       [
        34.6280585,
        31.5495219
       ],
       [
        34.6281866,
        31.5485871
       ],
       [
        34.6283066,
        31.5476516
       ],
       [
        34.6284185,
        31.5467153
       ],
       [
        34.6285222,
        31.5457783
       ],
       [
        34.6286178,
        31.5448406
       ],
       [
        34.6287051,
        31.5439024
       ],
       [
        34.6287844,
        31.5429636
       ],
       [
        34.6288554,
        31.5420244
       ],
       [
        34.6289183,
        31.5410848
       ],
       [
        34.628973,
        31.5401447
       ],
       [
        34.6290195,
        31.5392044
       ],
       [
        34.6290578,
        31.5382637
       ],
       [
        34.6290879,
        31.5373229
       ],
       [
        34.6291099,
        31.5363819
       ],
       [
        34.6291236,
        31.5354407
       ],
       [
        34.6291292,
        31.5344996
       ],
       [
        34.6291266,
        31.5335584
       ],
       [
        34.6291158,
        31.5326172
       ],
       [
        34.6290968,
        31.5316761
       ],
       [
        34.6290696,
        31.5307352
       ],
       [
        34.6290342,
        31.5297945
       ],
       [
        34.6289906,
        31.528854
       ],
       [
        34.6289389,
        31.5279139
       ],
       [
        34.6287969,
        31.5272194
       ],
       [
        34.6286471,
        31.5265261
       ],
       [
        34.6284896,
        31.5258341
       ],
       [
        34.6283244,
        31.5251434
       ],
       [
        34.6281514,
        31.524454
       ],
       [
        34.6279708,
        31.5237661
       ],
       [
        34.6277826,
        31.5230798
       ],
       [
        34.6275866,
        31.522395
       ],
       [
        34.627383,
        31.5217118
       ],
       [
        34.6271719,
        31.5210304
       ],
       [
        34.6269531,
        31.5203507
       ],
       [
        34.6267267,
        31.5196728
       ],
       [
        34.6264928,
        31.5189968
       ],
       [
        34.6262513,
        31.5183227
       ],
       [
        34.6260024,
        31.5176507
       ],
       [
        34.6257459,
        31.5169807
       ],
       [
        34.625482,
        31.5163129
       ],
       [
        34.6252106,
        31.5156473
       ],
       [
        34.6249319,
        31.5149839
       ],
       [
        34.6246457,
        31.5143228
       ],
       [
        34.6243522,
        31.5136641
       ],
       [
        34.6240513,
        31.5130078
       ],
       [
        34.6237431,
        31.5123541
       ],
       [
        34.6234276,
        31.5117029
       ],
       [
        34.6231049,
        31.5110543
       ],
       [
        34.622775,
        31.5104083
       ],
       [
        34.6222069,
        31.5096481
       ],
       [
        34.6216318,
        31.5088917
       ],
       [
        34.62105,
        31.5081392
       ],
       [
        34.6204614,
        31.5073905
       ],
       [
        34.619866,
        31.5066458
       ],
       [
        34.6192639,
        31.505905
       ],
       [
        34.6186552,
        31.5051683
       ],
       [
        34.6180398,
        31.5044356
       ],
       [
        34.6174177,
        31.5037071
       ],
       [
        34.6167891,
        31.5029827
       ],
       [
        34.616154,
        31.5022624
       ],
       [
        34.6155124,
        31.5015465
       ],
       [
        34.6148643,
        31.5008348
       ],
       [
        34.6142098,
        31.5001274
       ],
       [
        34.613549,
        31.4994244
       ],
       [
        34.6128818,
        31.4987259
       ],
       [
        34.6122083,
        31.4980317
       ],
       [
        34.6115285,
        31.4973421
       ],
       [
        34.6108426,
        31.496657
       ],
       [
        34.6101504,
        31.4959765
       ],
       [
        34.6094521,
        31.4953006
       ],
       [
        34.6087478,
        31.4946294
       ],
       [
        34.6080374,
        31.4939628
       ],
       [
        34.607321,
        31.493301
       ],
       [
        34.6065986,
        31.492644
       ],
       [
        34.6058703,
        31.4919918
       ],
       [
        34.6051361,
        31.4913444
       ],
       [
        34.6046736,
        31.4906956
       ],
       [
        34.604204,
        31.4900506
       ],
       [
        34.6037272,
        31.4894094
       ],
       [
        34.6032434,
        31.4887721
       ],
       [
        34.6027526,
        31.4881388
       ],
       [
        34.6022548,
        31.4875095
       ],
       [
        34.6017501,
        31.4868843
       ],
       [
        34.6012384,
        31.4862631
       ],
       [
        34.60072,
        31.4856462
       ],
       [
        34.6001947,
        31.4850335
       ],
       [
        34.5996627,
        31.4844251
       ],
       [
        34.599124,
        31.483821
       ],
       [
        34.5985787,
        31.4832213
       ],
       [
        34.5980267,
        31.4826261
       ],
       [
        34.5974682,
        31.4820354
       ],
       [
        34.5969032,
        31.4814493
       ],
       [
        34.5963318,
        31.4808677
       ],
       [
        34.5957539,
        31.4802909
       ],
       [
        34.5951697,
        31.4797187
       ],
       [
        34.5945792,
        31.4791513
       ],
       [
        34.5939825,
        31.4785888
       ],
       [
        34.5933796,
        31.4780311
       ],
       [
        34.5927705,
        31.4774783
       ],
       [
        34.5921554,
        31.4769305
       ],
       [
        34.5915342,
        31.4763877
       ],
       [
        34.5909071,
        31.47585
       ],
       [
        34.5902741,
        31.4753174
       ],
       [
        34.5896352,
        31.4747899
       ],
       [
        34.5889905,
        31.4742677
       ],
       [
        34.5883401,
        31.4737507
       ],
       [
        34.587684,
        31.4732391
       ],
       [
        34.5870222,
        31.4727327
       ],
       [
        34.586355,
        31.4722318
       ],
       [
        34.5856822,
        31.4717363
       ],
       [
        34.5850039,
        31.4712463
       ],
       [
        34.5843203,
        31.4707618
       ],
       [
        34.5836314,
        31.4702829
       ],
       [
        34.5829372,
        31.4698096
       ],
       [
        34.5822378,
        31.469342
       ],
       [
        34.5815333,
        31.46888
       ],
       [
        34.5808237,
        31.4684238
       ],
       [
        34.5801091,
        31.4679734
       ],
       [
        34.5793895,
        31.4675288
       ],
       [
        34.5786651,
        31.4670901
       ],
       [
        34.5779359,
        31.4666572
       ],
       [
        34.5772019,
        31.4662304
       ],
       [
        34.5764632,
        31.4658094
       ],
       [
        34.57572,
        31.4653945
       ],
       [
        34.5749721,
        31.4649857
       ],
       [
        34.5742198,
        31.4645829
       ],
       [
        34.5734631,
        31.4641863
       ],
       [
        34.5727021,
        31.4637958
       ],
       [
        34.5719367,
        31.4634115
       ],
       [
        34.5711672,
        31.4630335
       ],
       [
        34.5703935,
        31.4626617
       ],
       [
        34.5696157,
        31.4622962
       ],
       [
        34.568834,
        31.461937
       ],
       [
        34.5680483,
        31.4615842
       ],
       [
        34.5672587,
        31.4612378
       ],
       [
        34.5664654,
        31.4608978
       ],
       [
        34.5656683,
        31.4605643
       ],
       [
        34.5648676,
        31.4602373
       ],
       [
        34.5640633,
        31.4599168
       ],
       [
        34.5632556,
        31.4596028
       ],
       [
        34.5424333,
        31.4513111
       ],
       [
        34.5192778,
        31.4339
       ],
       [
        34.4927444,
        31.4075417
       ],
       [
        34.4360167,
        31.3623
       ],
       [
        34.4300917,
        31.3495444
       ],
       [
        34.4369444,
        31.3047222
       ],
       [
        34.4219444,
        31.2652778
       ],
       [
        34.4218417,
        31.264946
       ],
       [
        34.4217312,
        31.2646161
       ],
       [
        34.421613,
        31.2642881
       ],
       [
        34.4214871,
        31.2639622
       ],
       [
        34.4213536,
        31.2636386
       ],
       [
        34.4212126,
        31.2633174
       ],
       [
        34.4210641,
        31.2629987
       ],
       [
        34.4209081,
        31.2626826
       ],
       [
        34.4207447,
        31.2623693
       ],
       [
        34.420574,
        31.2620588
       ],
       [
        34.4203961,
        31.2617514
       ],
       [
        34.420211,
        31.2614471
       ],
       [
        34.4200188,
        31.2611461
       ],
       [
        34.4198197,
        31.2608484
       ],
       [
        34.4196135,
        31.2605543
       ],
       [
        34.4194005,
        31.2602638
       ],
       [
        34.4191808,
        31.259977
       ],
       [
        34.4189544,
        31.2596941
       ],
       [
        34.4187213,
        31.2594152
       ],
       [
        34.4184818,
        31.2591403
       ],
       [
        34.4182359,
        31.2588697
       ],
       [
        34.4179838,
        31.2586034
       ],
       [
        34.4177254,
        31.2583414
       ],
       [
        34.4174609,
        31.258084
       ],
       [
        34.4171905,
        31.2578313
       ],
       [
        34.4169142,
        31.2575832
       ],
       [
        34.4166321,
        31.25734
       ],
       [
        34.4163444,
        31.2571017
       ],
       [
        34.4160511,
        31.2568685
       ],
       [
        34.4157525,
        31.2566403
       ],
       [
        34.4154486,
        31.2564174
       ],
       [
        34.4151395,
        31.2561998
       ],
       [
        34.4148253,
        31.2559875
       ],
       [
        34.4145063,
        31.2557808
       ],
       [
        34.3894139,
        31.2397806
       ],
       [
        34.3305417,
        31.1972
       ],
       [
        34.3158766,
        31.1878359
       ],
       [
        34.3120946,
        31.1854162
       ],
       [
        34.3093485,
        31.1836592
       ],
       [
        34.30715,
        31.1822524
       ],
       [
        34.3050803,
        31.180928
       ],
       [
        34.3047543,
        31.1807236
       ],
       [
        34.3030596,
        31.1797843
       ],
       [
        34.2981469,
        31.1778724
       ],
       [
        34.2845056,
        31.1731028
       ],
       [
        34.278075,
        31.190275
       ],
       [
        34.2355028,
        31.2963611
       ],
       [
        34.2179417,
        31.3227417
       ],
       [
        34.1986111,
        31.3422222
       ],
       [
        34.1938889,
        31.3538889
       ],
       [
        34.1902778,
        31.3713889
       ],
       [
        34.2874194,
        31.45925
       ],
       [
        34.3100053,
        31.4821856
       ],
       [
        34.3633333,
        31.5362222
       ],
       [
        34.3951585,
        31.5706969
       ],
       [
        34.4075602,
        31.5857829
       ],
       [
        34.422734,
        31.6046665
       ],
       [
        34.4283333,
        31.6113889
       ],
       [
        34.4287858,
        31.6121077
       ],
       [
        34.4292454,
        31.6128232
       ],
       [
        34.4297122,
        31.6135352
       ],
       [
        34.430186,
        31.6142439
       ],
       [
        34.4306669,
        31.614949
       ],
       [
        34.4311549,
        31.6156506
       ],
       [
        34.4316498,
        31.6163487
       ],
       [
        34.4321517,
        31.617043
       ],
       [
        34.4326605,
        31.6177337
       ],
       [
        34.4331762,
        31.6184206
       ],
       [
        34.4336987,
        31.6191038
       ],
       [
        34.434228,
        31.6197831
       ],
       [
        34.4347641,
        31.6204584
       ],
       [
        34.435307,
        31.6211299
       ],
       [
        34.4358565,
        31.6217974
       ],
       [
        34.4364126,
        31.6224608
       ],
       [
        34.4369754,
        31.6231201
       ],
       [
        34.4375448,
        31.6237753
       ],
       [
        34.4381206,
        31.6244263
       ],
       [
        34.438703,
        31.625073
       ],
       [
        34.4392918,
        31.6257155
       ],
       [
        34.439887,
        31.6263536
       ],
       [
        34.4404885,
        31.6269874
       ],
       [
        34.4410964,
        31.6276168
       ],
       [
        34.4417105,
        31.6282416
       ],
       [
        34.4423309,
        31.628862
       ],
       [
        34.4429574,
        31.6294778
       ],
       [
        34.4435901,
        31.630089
       ],
       [
        34.4442288,
        31.6306956
       ],
       [
        34.4448736,
        31.6312974
       ],
       [
        34.4455244,
        31.6318946
       ],
       [
        34.4461811,
        31.6324869
       ],
       [
        34.4468438,
        31.6330744
       ],
       [
        34.4475122,
        31.6336571
       ],
       [
        34.4481865,
        31.6342348
       ],
       [
        34.4488665,
        31.6348076
       ],
       [
        34.4495523,
        31.6353754
       ],
       [
        34.4502436,
        31.6359382
       ],
       [
        34.4509406,
        31.6364959
       ],
       [
        34.4516431,
        31.6370485
       ],
       [
        34.4523512,
        31.6375959
       ],
       [
        34.4530646,
        31.6381381
       ],
       [
        34.4537835,
        31.6386751
       ],
       [
        34.4545077,
        31.6392068
       ],
       [
        34.4552372,
        31.6397332
       ],
       [
        34.4559719,
        31.6402542
       ],
       [
        34.4567118,
        31.6407699
       ],
       [
        34.4574569,
        31.6412801
       ],
       [
        34.458207,
        31.6417848
       ],
       [
        34.4589621,
        31.6422841
       ],
       [
        34.4597222,
        31.6427778
       ],
       [
        34.4604891,
        31.643078
       ],
       [
        34.4612593,
        31.643372
       ],
       [
        34.4620327,
        31.6436598
       ],
       [
        34.4628093,
        31.6439413
       ],
       [
        34.4635889,
        31.6442166
       ],
       [
        34.4643716,
        31.6444854
       ],
       [
        34.4651572,
        31.644748
       ],
       [
        34.4659456,
        31.6450042
       ],
       [
        34.4667369,
        31.645254
       ],
       [
        34.4675309,
        31.6454974
       ],
       [
        34.4683275,
        31.6457343
       ],
       [
        34.4691267,
        31.6459648
       ],
       [
        34.4699285,
        31.6461888
       ],
       [
        34.4707327,
        31.6464063
       ],
       [
        34.4715392,
        31.6466173
       ],
       [
        34.4723481,
        31.6468218
       ],
       [
        34.4731592,
        31.6470197
       ],
       [
        34.4739724,
        31.6472111
       ],
       [
        34.4747877,
        31.6473958
       ],
       [
        34.475605,
        31.647574
       ],
       [
        34.4764243,
        31.6477455
       ],
       [
        34.4772454,
        31.6479104
       ],
       [
        34.4780683,
        31.6480687
       ],
       [
        34.4788929,
        31.6482203
       ],
       [
        34.4797191,
        31.6483652
       ],
       [
        34.480547,
        31.6485034
       ],
       [
        34.4813763,
        31.6486349
       ],
       [
        34.482207,
        31.6487597
       ],
       [
        34.4830391,
        31.6488778
       ],
       [
        34.4838724,
        31.6489891
       ],
       [
        34.484707,
        31.6490937
       ],
       [
        34.4855426,
        31.6491916
       ],
       [
        34.4863793,
        31.6492826
       ],
       [
        34.487217,
        31.6493669
       ],
       [
        34.4880556,
        31.6494444
       ],
       [
        34.4887677,
        31.6494813
       ],
       [
        34.4894803,
        31.6495112
       ],
       [
        34.4901933,
        31.6495339
       ],
       [
        34.4909065,
        31.6495496
       ],
       [
        34.4916199,
        31.6495582
       ],
       [
        34.4923334,
        31.6495598
       ],
       [
        34.4930468,
        31.6495542
       ],
       [
        34.4937602,
        31.6495416
       ]
      ]
     ]
    ],
    "type": "MultiPolygon"
   }
  },
  {
   "type": "Feature",
   "properties": {
    "code": "LLP20",
    "nameHe": "גולני",
    "nameEn": "GOLANI",
    "zoneTypeCode": "AIP_PROHIBITED",
    "floorAmslFt": 0,
    "ceilingAmslFt": 20000,
    "aglCeilingFt": null,
    "notes": "not in א'-17 appendix ב' — source: gdb only (A17 flag X) | gdb editor stamp: AMI 2020-03-18T00:00:00.000"
   },
   "geometry": {
    "coordinates": [
     [
      [
       [
        35.4247222,
        32.8123421
       ],
       [
        35.4268464,
        32.8123064
       ],
       [
        35.4289673,
        32.8121994
       ],
       [
        35.4310814,
        32.8120212
       ],
       [
        35.4331855,
        32.8117722
       ],
       [
        35.4352762,
        32.8114527
       ],
       [
        35.4373501,
        32.8110632
       ],
       [
        35.4394041,
        32.8106044
       ],
       [
        35.4414348,
        32.8100769
       ],
       [
        35.443439,
        32.8094816
       ],
       [
        35.4454136,
        32.8088195
       ],
       [
        35.4473555,
        32.8080916
       ],
       [
        35.4492615,
        32.8072991
       ],
       [
        35.4511286,
        32.8064431
       ],
       [
        35.452954,
        32.8055251
       ],
       [
        35.4547346,
        32.8045465
       ],
       [
        35.4564678,
        32.8035089
       ],
       [
        35.4581506,
        32.8024139
       ],
       [
        35.4597806,
        32.8012632
       ],
       [
        35.461355,
        32.8000587
       ],
       [
        35.4628715,
        32.7988023
       ],
       [
        35.4643276,
        32.7974959
       ],
       [
        35.465721,
        32.7961416
       ],
       [
        35.4670495,
        32.7947416
       ],
       [
        35.468311,
        32.7932981
       ],
       [
        35.4695035,
        32.7918134
       ],
       [
        35.4706252,
        32.7902898
       ],
       [
        35.4716742,
        32.7887297
       ],
       [
        35.4726489,
        32.7871356
       ],
       [
        35.4735478,
        32.78551
       ],
       [
        35.4743695,
        32.7838555
       ],
       [
        35.4751126,
        32.7821748
       ],
       [
        35.475776,
        32.7804703
       ],
       [
        35.4763586,
        32.778745
       ],
       [
        35.4768595,
        32.7770015
       ],
       [
        35.477278,
        32.7752425
       ],
       [
        35.4776134,
        32.7734708
       ],
       [
        35.4778651,
        32.7716893
       ],
       [
        35.4780327,
        32.7699007
       ],
       [
        35.4781161,
        32.7681079
       ],
       [
        35.478115,
        32.7663138
       ],
       [
        35.4780295,
        32.764521
       ],
       [
        35.4778597,
        32.7627326
       ],
       [
        35.477606,
        32.7609513
       ],
       [
        35.4772686,
        32.7591799
       ],
       [
        35.4768481,
        32.7574213
       ],
       [
        35.4763453,
        32.7556781
       ],
       [
        35.4757608,
        32.7539533
       ],
       [
        35.4750957,
        32.7522494
       ],
       [
        35.474351,
        32.7505692
       ],
       [
        35.4735279,
        32.7489154
       ],
       [
        35.4726276,
        32.7472905
       ],
       [
        35.4716516,
        32.7456971
       ],
       [
        35.4706015,
        32.7441378
       ],
       [
        35.4694789,
        32.742615
       ],
       [
        35.4682856,
        32.741131
       ],
       [
        35.4670234,
        32.7396884
       ],
       [
        35.4656945,
        32.7382893
       ],
       [
        35.4643008,
        32.7369359
       ],
       [
        35.4628446,
        32.7356304
       ],
       [
        35.4613281,
        32.7343749
       ],
       [
        35.4597539,
        32.7331712
       ],
       [
        35.4581243,
        32.7320214
       ],
       [
        35.456442,
        32.7309273
       ],
       [
        35.4547096,
        32.7298905
       ],
       [
        35.4529298,
        32.7289128
       ],
       [
        35.4511055,
        32.7279955
       ],
       [
        35.4492395,
        32.7271403
       ],
       [
        35.4473348,
        32.7263485
       ],
       [
        35.4453944,
        32.7256212
       ],
       [
        35.4434214,
        32.7249597
       ],
       [
        35.4414188,
        32.724365
       ],
       [
        35.4393898,
        32.7238381
       ],
       [
        35.4373378,
        32.7233797
       ],
       [
        35.4352657,
        32.7229905
       ],
       [
        35.4331771,
        32.7226713
       ],
       [
        35.4310751,
        32.7224226
       ],
       [
        35.428963,
        32.7222446
       ],
       [
        35.4268443,
        32.7221377
       ],
       [
        35.4247222,
        32.722102
       ],
       [
        35.4226001,
        32.7221377
       ],
       [
        35.4204814,
        32.7222446
       ],
       [
        35.4183694,
        32.7224226
       ],
       [
        35.4162674,
        32.7226713
       ],
       [
        35.4141787,
        32.7229905
       ],
       [
        35.4121067,
        32.7233797
       ],
       [
        35.4100546,
        32.7238381
       ],
       [
        35.4080257,
        32.724365
       ],
       [
        35.4060231,
        32.7249597
       ],
       [
        35.40405,
        32.7256212
       ],
       [
        35.4021096,
        32.7263485
       ],
       [
        35.4002049,
        32.7271403
       ],
       [
        35.398339,
        32.7279955
       ],
       [
        35.3965146,
        32.7289128
       ],
       [
        35.3947349,
        32.7298905
       ],
       [
        35.3930024,
        32.7309273
       ],
       [
        35.3913201,
        32.7320214
       ],
       [
        35.3896905,
        32.7331712
       ],
       [
        35.3881163,
        32.7343749
       ],
       [
        35.3865999,
        32.7356304
       ],
       [
        35.3851437,
        32.7369359
       ],
       [
        35.38375,
        32.7382893
       ],
       [
        35.382421,
        32.7396884
       ],
       [
        35.3811589,
        32.7411311
       ],
       [
        35.3799656,
        32.742615
       ],
       [
        35.3788429,
        32.7441378
       ],
       [
        35.3777928,
        32.7456971
       ],
       [
        35.3768169,
        32.7472905
       ],
       [
        35.3759166,
        32.7489154
       ],
       [
        35.3750934,
        32.7505692
       ],
       [
        35.3743487,
        32.7522494
       ],
       [
        35.3736836,
        32.7539533
       ],
       [
        35.3730992,
        32.7556781
       ],
       [
        35.3725963,
        32.7574213
       ],
       [
        35.3721759,
        32.7591799
       ],
       [
        35.3718385,
        32.7609513
       ],
       [
        35.3715847,
        32.7627326
       ],
       [
        35.3714149,
        32.764521
       ],
       [
        35.3713294,
        32.7663138
       ],
       [
        35.3713284,
        32.7681079
       ],
       [
        35.3714117,
        32.7699007
       ],
       [
        35.3715794,
        32.7716893
       ],
       [
        35.3718311,
        32.7734708
       ],
       [
        35.3721664,
        32.7752425
       ],
       [
        35.3725849,
        32.7770015
       ],
       [
        35.3730859,
        32.778745
       ],
       [
        35.3736685,
        32.7804703
       ],
       [
        35.3743319,
        32.7821748
       ],
       [
        35.375075,
        32.7838555
       ],
       [
        35.3758966,
        32.78551
       ],
       [
        35.3767955,
        32.7871356
       ],
       [
        35.3777702,
        32.7887297
       ],
       [
        35.3788193,
        32.7902898
       ],
       [
        35.3799409,
        32.7918134
       ],
       [
        35.3811335,
        32.7932981
       ],
       [
        35.382395,
        32.7947416
       ],
       [
        35.3837235,
        32.7961416
       ],
       [
        35.3851169,
        32.7974959
       ],
       [
        35.3865729,
        32.7988023
       ],
       [
        35.3880894,
        32.8000587
       ],
       [
        35.3896639,
        32.8012632
       ],
       [
        35.3912938,
        32.8024139
       ],
       [
        35.3929767,
        32.8035089
       ],
       [
        35.3947098,
        32.8045465
       ],
       [
        35.3964905,
        32.8055251
       ],
       [
        35.3983158,
        32.8064431
       ],
       [
        35.400183,
        32.8072991
       ],
       [
        35.402089,
        32.8080916
       ],
       [
        35.4040308,
        32.8088195
       ],
       [
        35.4060054,
        32.8094816
       ],
       [
        35.4080097,
        32.8100769
       ],
       [
        35.4100404,
        32.8106044
       ],
       [
        35.4120943,
        32.8110632
       ],
       [
        35.4141683,
        32.8114527
       ],
       [
        35.4162589,
        32.8117722
       ],
       [
        35.418363,
        32.8120212
       ],
       [
        35.4204771,
        32.8121994
       ],
       [
        35.422598,
        32.8123064
       ],
       [
        35.4247222,
        32.8123421
       ]
      ]
     ]
    ],
    "type": "MultiPolygon"
   }
  },
  {
   "type": "Feature",
   "properties": {
    "code": "LLP21",
    "nameHe": "לשם",
    "nameEn": "Leshem",
    "zoneTypeCode": "AIP_PROHIBITED",
    "floorAmslFt": 0,
    "ceilingAmslFt": 2000,
    "aglCeilingFt": null,
    "notes": "gdb editor stamp: AGL AVIATION 2016-07-06T20:46:37.000"
   },
   "geometry": {
    "coordinates": [
     [
      [
       [
        35.3002255,
        32.8433764
       ],
       [
        35.3002255,
        32.8433764
       ],
       [
        35.3002254,
        32.8433764
       ],
       [
        35.3002254,
        32.8433764
       ],
       [
        35.2720886,
        32.8465817
       ],
       [
        35.2720886,
        32.8465817
       ],
       [
        35.2720885,
        32.8465818
       ],
       [
        35.2720885,
        32.8465818
       ],
       [
        35.2683086,
        32.8579882
       ],
       [
        35.2683086,
        32.8579882
       ],
       [
        35.2683086,
        32.8579882
       ],
       [
        35.2683086,
        32.8579883
       ],
       [
        35.2683087,
        32.8579883
       ],
       [
        35.2683087,
        32.8579883
       ],
       [
        35.284796,
        32.8580318
       ],
       [
        35.3009542,
        32.8532121
       ],
       [
        35.3009542,
        32.8532121
       ],
       [
        35.3009542,
        32.853212
       ],
       [
        35.3009543,
        32.853212
       ],
       [
        35.3009543,
        32.853212
       ],
       [
        35.3002256,
        32.8433765
       ],
       [
        35.3002256,
        32.8433764
       ],
       [
        35.3002256,
        32.8433764
       ],
       [
        35.3002256,
        32.8433764
       ],
       [
        35.3002255,
        32.8433764
       ],
       [
        35.3002255,
        32.8433764
       ]
      ]
     ]
    ],
    "type": "MultiPolygon"
   }
  },
  {
   "type": "Feature",
   "properties": {
    "code": "LLP22",
    "nameHe": "מפעל יצחק",
    "nameEn": "Yizhak Factory",
    "zoneTypeCode": "AIP_PROHIBITED",
    "floorAmslFt": 0,
    "ceilingAmslFt": 2000,
    "aglCeilingFt": null,
    "notes": "א'-17 definition note: מעגל שרדיוסו חצי ק \" מ ומרכזו בנקודה : 32° 41' 58.97\" N 35° 20' 07.05\" E | gdb editor stamp: AGL AVIATION 2016-07-06T20:46:37.000 | תיאום: לתיאום טיסה במרחב זה יש ליצור קשר עם קב\"ט המתקן בטלפון 054-9992044, 052-3678155."
   },
   "geometry": {
    "coordinates": [
     [
      [
       [
        35.3354091,
        32.7042205
       ],
       [
        35.3356209,
        32.704213
       ],
       [
        35.3358322,
        32.7041984
       ],
       [
        35.3360427,
        32.7041767
       ],
       [
        35.3362519,
        32.7041479
       ],
       [
        35.3364597,
        32.7041121
       ],
       [
        35.3366655,
        32.7040694
       ],
       [
        35.3368693,
        32.7040198
       ],
       [
        35.3370705,
        32.7039633
       ],
       [
        35.3372689,
        32.7039002
       ],
       [
        35.3374642,
        32.7038304
       ],
       [
        35.337656,
        32.7037541
       ],
       [
        35.3378441,
        32.7036714
       ],
       [
        35.3380282,
        32.7035825
       ],
       [
        35.3382079,
        32.7034875
       ],
       [
        35.3383831,
        32.7033864
       ],
       [
        35.3385533,
        32.7032796
       ],
       [
        35.3387184,
        32.7031672
       ],
       [
        35.3388781,
        32.7030492
       ],
       [
        35.3390321,
        32.702926
       ],
       [
        35.3391801,
        32.7027978
       ],
       [
        35.3393221,
        32.7026646
       ],
       [
        35.3394576,
        32.7025268
       ],
       [
        35.3395866,
        32.7023845
       ],
       [
        35.3397088,
        32.702238
       ],
       [
        35.339824,
        32.7020876
       ],
       [
        35.339932,
        32.7019333
       ],
       [
        35.3400327,
        32.7017756
       ],
       [
        35.3401259,
        32.7016146
       ],
       [
        35.3402114,
        32.7014506
       ],
       [
        35.3402892,
        32.7012838
       ],
       [
        35.340359,
        32.7011146
       ],
       [
        35.3404209,
        32.7009432
       ],
       [
        35.3404746,
        32.7007698
       ],
       [
        35.3405202,
        32.7005947
       ],
       [
        35.3405575,
        32.7004182
       ],
       [
        35.3405864,
        32.7002407
       ],
       [
        35.340607,
        32.7000623
       ],
       [
        35.3406192,
        32.6998833
       ],
       [
        35.3406229,
        32.6997041
       ],
       [
        35.3406182,
        32.6995249
       ],
       [
        35.3406051,
        32.699346
       ],
       [
        35.3405836,
        32.6991677
       ],
       [
        35.3405538,
        32.6989902
       ],
       [
        35.3405156,
        32.6988139
       ],
       [
        35.3404691,
        32.698639
       ],
       [
        35.3404145,
        32.6984658
       ],
       [
        35.3403517,
        32.6982946
       ],
       [
        35.340281,
        32.6981256
       ],
       [
        35.3402024,
        32.6979592
       ],
       [
        35.340116,
        32.6977955
       ],
       [
        35.340022,
        32.6976348
       ],
       [
        35.3399205,
        32.6974775
       ],
       [
        35.3398116,
        32.6973236
       ],
       [
        35.3396957,
        32.6971736
       ],
       [
        35.3395728,
        32.6970275
       ],
       [
        35.3394431,
        32.6968858
       ],
       [
        35.3393068,
        32.6967484
       ],
       [
        35.3391642,
        32.6966158
       ],
       [
        35.3390155,
        32.6964881
       ],
       [
        35.3388609,
        32.6963655
       ],
       [
        35.3387006,
        32.6962481
       ],
       [
        35.3385349,
        32.6961363
       ],
       [
        35.3383642,
        32.6960301
       ],
       [
        35.3381885,
        32.6959297
       ],
       [
        35.3380083,
        32.6958353
       ],
       [
        35.3378238,
        32.6957471
       ],
       [
        35.3376353,
        32.6956651
       ],
       [
        35.3374431,
        32.6955895
       ],
       [
        35.3372475,
        32.6955205
       ],
       [
        35.3370487,
        32.695458
       ],
       [
        35.3368473,
        32.6954023
       ],
       [
        35.3366433,
        32.6953534
       ],
       [
        35.3364372,
        32.6953114
       ],
       [
        35.3362293,
        32.6952764
       ],
       [
        35.3360199,
        32.6952484
       ],
       [
        35.3358094,
        32.6952275
       ],
       [
        35.3355981,
        32.6952136
       ],
       [
        35.3353862,
        32.6952069
       ],
       [
        35.3351743,
        32.6952072
       ],
       [
        35.3349625,
        32.6952147
       ],
       [
        35.3347512,
        32.6952294
       ],
       [
        35.3345408,
        32.6952511
       ],
       [
        35.3343315,
        32.6952799
       ],
       [
        35.3341238,
        32.6953156
       ],
       [
        35.3339179,
        32.6953584
       ],
       [
        35.3337142,
        32.695408
       ],
       [
        35.333513,
        32.6954644
       ],
       [
        35.3333146,
        32.6955276
       ],
       [
        35.3331194,
        32.6955973
       ],
       [
        35.3329275,
        32.6956736
       ],
       [
        35.3327394,
        32.6957563
       ],
       [
        35.3325554,
        32.6958452
       ],
       [
        35.3323756,
        32.6959402
       ],
       [
        35.3322005,
        32.6960413
       ],
       [
        35.3320303,
        32.6961481
       ],
       [
        35.3318652,
        32.6962605
       ],
       [
        35.3317055,
        32.6963784
       ],
       [
        35.3315515,
        32.6965016
       ],
       [
        35.3314035,
        32.6966299
       ],
       [
        35.3312615,
        32.696763
       ],
       [
        35.331126,
        32.6969008
       ],
       [
        35.330997,
        32.6970431
       ],
       [
        35.3308748,
        32.6971896
       ],
       [
        35.3307596,
        32.69734
       ],
       [
        35.3306516,
        32.6974943
       ],
       [
        35.3305509,
        32.697652
       ],
       [
        35.3304577,
        32.697813
       ],
       [
        35.3303721,
        32.697977
       ],
       [
        35.3302943,
        32.6981437
       ],
       [
        35.3302244,
        32.698313
       ],
       [
        35.3301626,
        32.6984844
       ],
       [
        35.3301088,
        32.6986578
       ],
       [
        35.3300632,
        32.6988329
       ],
       [
        35.3300259,
        32.6990093
       ],
       [
        35.329997,
        32.6991869
       ],
       [
        35.3299764,
        32.6993653
       ],
       [
        35.3299642,
        32.6995442
       ],
       [
        35.3299604,
        32.6997234
       ],
       [
        35.3299651,
        32.6999026
       ],
       [
        35.3299781,
        32.7000816
       ],
       [
        35.3299996,
        32.7002599
       ],
       [
        35.3300295,
        32.7004373
       ],
       [
        35.3300677,
        32.7006137
       ],
       [
        35.3301141,
        32.7007886
       ],
       [
        35.3301687,
        32.7009618
       ],
       [
        35.3302314,
        32.701133
       ],
       [
        35.3303022,
        32.701302
       ],
       [
        35.3303808,
        32.7014684
       ],
       [
        35.3304671,
        32.7016321
       ],
       [
        35.3305611,
        32.7017928
       ],
       [
        35.3306626,
        32.7019502
       ],
       [
        35.3307714,
        32.702104
       ],
       [
        35.3308874,
        32.7022541
       ],
       [
        35.3310103,
        32.7024001
       ],
       [
        35.33114,
        32.7025419
       ],
       [
        35.3312763,
        32.7026792
       ],
       [
        35.3314189,
        32.7028118
       ],
       [
        35.3315676,
        32.7029396
       ],
       [
        35.3317222,
        32.7030622
       ],
       [
        35.3318825,
        32.7031796
       ],
       [
        35.3320481,
        32.7032914
       ],
       [
        35.3322189,
        32.7033976
       ],
       [
        35.3323946,
        32.703498
       ],
       [
        35.3325748,
        32.7035924
       ],
       [
        35.3327593,
        32.7036807
       ],
       [
        35.3329478,
        32.7037626
       ],
       [
        35.3331401,
        32.7038382
       ],
       [
        35.3333357,
        32.7039073
       ],
       [
        35.3335344,
        32.7039697
       ],
       [
        35.3337359,
        32.7040254
       ],
       [
        35.3339399,
        32.7040743
       ],
       [
        35.334146,
        32.7041163
       ],
       [
        35.3343539,
        32.7041514
       ],
       [
        35.3345633,
        32.7041794
       ],
       [
        35.3347739,
        32.7042003
       ],
       [
        35.3349852,
        32.7042142
       ],
       [
        35.3351971,
        32.7042209
       ],
       [
        35.3354091,
        32.7042205
       ]
      ]
     ]
    ],
    "type": "MultiPolygon"
   }
  },
  {
   "type": "Feature",
   "properties": {
    "code": "LLP23",
    "nameHe": "הר קרן",
    "nameEn": "Keren Mount",
    "zoneTypeCode": "AIP_PROHIBITED",
    "floorAmslFt": 0,
    "ceilingAmslFt": 3000,
    "aglCeilingFt": null,
    "notes": "א'-17 definition note: מעגל שרדיוסו חצי ק \" מ ומרכזו בנקודה : 30° 59' 36.98\" N 34° 29' 30.16\" E | gdb editor stamp: AGL AVIATION 2016-07-06T20:46:37.000"
   },
   "geometry": {
    "coordinates": [
     [
      [
       [
        34.4917813,
        30.9981156
       ],
       [
        34.4919894,
        30.9981097
       ],
       [
        34.4921971,
        30.9980966
       ],
       [
        34.492404,
        30.9980764
       ],
       [
        34.4926097,
        30.9980491
       ],
       [
        34.4928141,
        30.9980148
       ],
       [
        34.4930167,
        30.9979736
       ],
       [
        34.4932173,
        30.9979254
       ],
       [
        34.4934155,
        30.9978704
       ],
       [
        34.4936109,
        30.9978086
       ],
       [
        34.4938034,
        30.9977403
       ],
       [
        34.4939926,
        30.9976653
       ],
       [
        34.4941782,
        30.997584
       ],
       [
        34.4943598,
        30.9974963
       ],
       [
        34.4945373,
        30.9974025
       ],
       [
        34.4947103,
        30.9973028
       ],
       [
        34.4948785,
        30.9971971
       ],
       [
        34.4950418,
        30.9970858
       ],
       [
        34.4951998,
        30.996969
       ],
       [
        34.4953522,
        30.9968468
       ],
       [
        34.4954989,
        30.9967196
       ],
       [
        34.4956397,
        30.9965874
       ],
       [
        34.4957742,
        30.9964505
       ],
       [
        34.4959022,
        30.9963091
       ],
       [
        34.4960237,
        30.9961634
       ],
       [
        34.4961383,
        30.9960136
       ],
       [
        34.496246,
        30.9958601
       ],
       [
        34.4963464,
        30.995703
       ],
       [
        34.4964395,
        30.9955426
       ],
       [
        34.4965252,
        30.9953791
       ],
       [
        34.4966032,
        30.9952129
       ],
       [
        34.4966735,
        30.995044
       ],
       [
        34.496736,
        30.9948729
       ],
       [
        34.4967905,
        30.9946998
       ],
       [
        34.496837,
        30.994525
       ],
       [
        34.4968754,
        30.9943487
       ],
       [
        34.4969056,
        30.9941713
       ],
       [
        34.4969276,
        30.9939929
       ],
       [
        34.4969413,
        30.9938139
       ],
       [
        34.4969468,
        30.9936347
       ],
       [
        34.496944,
        30.9934553
       ],
       [
        34.4969329,
        30.9932762
       ],
       [
        34.4969136,
        30.9930976
       ],
       [
        34.496886,
        30.9929198
       ],
       [
        34.4968503,
        30.9927432
       ],
       [
        34.4968064,
        30.9925678
       ],
       [
        34.4967545,
        30.9923941
       ],
       [
        34.4966946,
        30.9922224
       ],
       [
        34.4966268,
        30.9920528
       ],
       [
        34.4965513,
        30.9918856
       ],
       [
        34.4964681,
        30.9917212
       ],
       [
        34.4963774,
        30.9915598
       ],
       [
        34.4962793,
        30.9914016
       ],
       [
        34.4961739,
        30.9912469
       ],
       [
        34.4960615,
        30.9910959
       ],
       [
        34.4959423,
        30.9909489
       ],
       [
        34.4958163,
        30.9908061
       ],
       [
        34.4956839,
        30.9906677
       ],
       [
        34.4955452,
        30.990534
       ],
       [
        34.4954004,
        30.9904051
       ],
       [
        34.4952498,
        30.9902812
       ],
       [
        34.4950936,
        30.9901627
       ],
       [
        34.494932,
        30.9900496
       ],
       [
        34.4947654,
        30.9899421
       ],
       [
        34.4945939,
        30.9898403
       ],
       [
        34.4944179,
        30.9897446
       ],
       [
        34.4942375,
        30.9896549
       ],
       [
        34.4940532,
        30.9895715
       ],
       [
        34.4938652,
        30.9894945
       ],
       [
        34.4936738,
        30.989424
       ],
       [
        34.4934793,
        30.9893601
       ],
       [
        34.493282,
        30.9893029
       ],
       [
        34.4930822,
        30.9892525
       ],
       [
        34.4928802,
        30.9892089
       ],
       [
        34.4926764,
        30.9891724
       ],
       [
        34.492471,
        30.9891428
       ],
       [
        34.4922645,
        30.9891203
       ],
       [
        34.4920571,
        30.9891049
       ],
       [
        34.4918491,
        30.9890966
       ],
       [
        34.4916409,
        30.9890955
       ],
       [
        34.4914328,
        30.9891014
       ],
       [
        34.4912252,
        30.9891145
       ],
       [
        34.4910183,
        30.9891347
       ],
       [
        34.4908126,
        30.989162
       ],
       [
        34.4906082,
        30.9891963
       ],
       [
        34.4904056,
        30.9892375
       ],
       [
        34.4902051,
        30.9892857
       ],
       [
        34.4900069,
        30.9893407
       ],
       [
        34.4898114,
        30.9894024
       ],
       [
        34.489619,
        30.9894708
       ],
       [
        34.4894298,
        30.9895457
       ],
       [
        34.4892443,
        30.9896271
       ],
       [
        34.4890626,
        30.9897147
       ],
       [
        34.4888852,
        30.9898085
       ],
       [
        34.4887122,
        30.9899083
       ],
       [
        34.4885439,
        30.9900139
       ],
       [
        34.4883807,
        30.9901252
       ],
       [
        34.4882227,
        30.990242
       ],
       [
        34.4880702,
        30.9903642
       ],
       [
        34.4879235,
        30.9904914
       ],
       [
        34.4877828,
        30.9906236
       ],
       [
        34.4876483,
        30.9907605
       ],
       [
        34.4875202,
        30.9909019
       ],
       [
        34.4873988,
        30.9910476
       ],
       [
        34.4872841,
        30.9911973
       ],
       [
        34.4871765,
        30.9913508
       ],
       [
        34.487076,
        30.9915079
       ],
       [
        34.4869829,
        30.9916683
       ],
       [
        34.4868972,
        30.9918318
       ],
       [
        34.4868191,
        30.9919981
       ],
       [
        34.4867488,
        30.9921669
       ],
       [
        34.4866863,
        30.992338
       ],
       [
        34.4866318,
        30.9925111
       ],
       [
        34.4865853,
        30.9926859
       ],
       [
        34.4865469,
        30.9928622
       ],
       [
        34.4865167,
        30.9930396
       ],
       [
        34.4864947,
        30.993218
       ],
       [
        34.4864809,
        30.993397
       ],
       [
        34.4864754,
        30.9935762
       ],
       [
        34.4864782,
        30.9937556
       ],
       [
        34.4864893,
        30.9939347
       ],
       [
        34.4865086,
        30.9941133
       ],
       [
        34.4865361,
        30.9942911
       ],
       [
        34.4865718,
        30.9944678
       ],
       [
        34.4866157,
        30.9946431
       ],
       [
        34.4866676,
        30.9948168
       ],
       [
        34.4867275,
        30.9949886
       ],
       [
        34.4867952,
        30.9951582
       ],
       [
        34.4868708,
        30.9953253
       ],
       [
        34.486954,
        30.9954897
       ],
       [
        34.4870447,
        30.9956511
       ],
       [
        34.4871428,
        30.9958093
       ],
       [
        34.4872481,
        30.9959641
       ],
       [
        34.4873604,
        30.9961151
       ],
       [
        34.4874797,
        30.9962621
       ],
       [
        34.4876056,
        30.9964049
       ],
       [
        34.4877381,
        30.9965433
       ],
       [
        34.4878768,
        30.996677
       ],
       [
        34.4880216,
        30.9968059
       ],
       [
        34.4881722,
        30.9969298
       ],
       [
        34.4883284,
        30.9970484
       ],
       [
        34.48849,
        30.9971615
       ],
       [
        34.4886566,
        30.997269
       ],
       [
        34.4888281,
        30.9973707
       ],
       [
        34.4890042,
        30.9974665
       ],
       [
        34.4891845,
        30.9975561
       ],
       [
        34.4893688,
        30.9976395
       ],
       [
        34.4895568,
        30.9977166
       ],
       [
        34.4897483,
        30.9977871
       ],
       [
        34.4899428,
        30.997851
       ],
       [
        34.4901401,
        30.9979082
       ],
       [
        34.4903399,
        30.9979586
       ],
       [
        34.4905419,
        30.9980022
       ],
       [
        34.4907458,
        30.9980387
       ],
       [
        34.4909511,
        30.9980683
       ],
       [
        34.4911577,
        30.9980908
       ],
       [
        34.4913651,
        30.9981062
       ],
       [
        34.4915731,
        30.9981145
       ],
       [
        34.4917813,
        30.9981156
       ]
      ]
     ]
    ],
    "type": "MultiPolygon"
   }
  },
  {
   "type": "Feature",
   "properties": {
    "code": "LLP24",
    "nameHe": "שורק",
    "nameEn": null,
    "zoneTypeCode": "AIP_PROHIBITED",
    "floorAmslFt": 0,
    "ceilingAmslFt": 4000,
    "aglCeilingFt": null,
    "notes": "geometry from א'-17 appendix ב' text (radius 500 מטר around 31° 53' 56.94\" N 34° 42' 09.00\" E) — zone absent from ZONE_gdb.zip"
   },
   "geometry": {
    "type": "Polygon",
    "coordinates": [
     [
      [
       34.7025,
       31.9036466
      ],
      [
       34.7019808,
       31.9036249
      ],
      [
       34.7014667,
       31.9035602
      ],
      [
       34.7009624,
       31.903453
      ],
      [
       34.700473,
       31.9033043
      ],
      [
       34.7000031,
       31.9031156
      ],
      [
       34.6995573,
       31.9028888
      ],
      [
       34.6991398,
       31.9026259
      ],
      [
       34.6987547,
       31.9023295
      ],
      [
       34.6984056,
       31.9020025
      ],
      [
       34.698096,
       31.9016481
      ],
      [
       34.6978288,
       31.9012696
      ],
      [
       34.6976066,
       31.9008707
      ],
      [
       34.6974315,
       31.9004552
      ],
      [
       34.6973052,
       31.9000271
      ],
      [
       34.697229,
       31.8995906
      ],
      [
       34.6972035,
       31.8991499
      ],
      [
       34.6972291,
       31.8987091
      ],
      [
       34.6973053,
       31.8982727
      ],
      [
       34.6974317,
       31.8978446
      ],
      [
       34.6976068,
       31.8974291
      ],
      [
       34.697829,
       31.8970302
      ],
      [
       34.6980963,
       31.8966517
      ],
      [
       34.6984059,
       31.8962973
      ],
      [
       34.698755,
       31.8959704
      ],
      [
       34.6991401,
       31.895674
      ],
      [
       34.6995576,
       31.8954112
      ],
      [
       34.7000034,
       31.8951843
      ],
      [
       34.7004732,
       31.8949957
      ],
      [
       34.7009626,
       31.894847
      ],
      [
       34.7014668,
       31.8947398
      ],
      [
       34.7019809,
       31.894675
      ],
      [
       34.7025,
       31.8946534
      ],
      [
       34.7030191,
       31.894675
      ],
      [
       34.7035332,
       31.8947398
      ],
      [
       34.7040374,
       31.894847
      ],
      [
       34.7045268,
       31.8949957
      ],
      [
       34.7049966,
       31.8951843
      ],
      [
       34.7054424,
       31.8954112
      ],
      [
       34.7058599,
       31.895674
      ],
      [
       34.706245,
       31.8959704
      ],
      [
       34.7065941,
       31.8962973
      ],
      [
       34.7069037,
       31.8966517
      ],
      [
       34.707171,
       31.8970302
      ],
      [
       34.7073932,
       31.8974291
      ],
      [
       34.7075683,
       31.8978446
      ],
      [
       34.7076947,
       31.8982727
      ],
      [
       34.7077709,
       31.8987091
      ],
      [
       34.7077965,
       31.8991499
      ],
      [
       34.707771,
       31.8995906
      ],
      [
       34.7076948,
       31.9000271
      ],
      [
       34.7075685,
       31.9004552
      ],
      [
       34.7073934,
       31.9008707
      ],
      [
       34.7071712,
       31.9012696
      ],
      [
       34.706904,
       31.9016481
      ],
      [
       34.7065944,
       31.9020025
      ],
      [
       34.7062453,
       31.9023295
      ],
      [
       34.7058602,
       31.9026259
      ],
      [
       34.7054427,
       31.9028888
      ],
      [
       34.7049969,
       31.9031156
      ],
      [
       34.704527,
       31.9033043
      ],
      [
       34.7040376,
       31.903453
      ],
      [
       34.7035333,
       31.9035602
      ],
      [
       34.7030192,
       31.9036249
      ],
      [
       34.7025,
       31.9036466
      ]
     ]
    ]
   }
  },
  {
   "type": "Feature",
   "properties": {
    "code": "LLP25",
    "nameHe": "תמר / ים טטיס",
    "nameEn": "Tamar/Tetis Raft",
    "zoneTypeCode": "AIP_PROHIBITED",
    "floorAmslFt": 0,
    "ceilingAmslFt": 3000,
    "aglCeilingFt": null,
    "notes": "altitude ceiling: text governs (3000 ft); gdb had 10000 | א'-17 definition note: מעגל שרדיוסו 6.5 ק \" מ ומרכזו בנקודה : 31° 44' 14.00\" N 34° 18' 12.00\" E | gdb editor stamp: AGL AVIATION 2016-07-06T20:46:37.000"
   },
   "geometry": {
    "coordinates": [
     [
      [
       [
        34.3041538,
        31.795726
       ],
       [
        34.3049141,
        31.7957146
       ],
       [
        34.3056743,
        31.7956959
       ],
       [
        34.3064342,
        31.7956701
       ],
       [
        34.3071937,
        31.7956371
       ],
       [
        34.3079527,
        31.7955969
       ],
       [
        34.3087111,
        31.7955494
       ],
       [
        34.3094689,
        31.7954948
       ],
       [
        34.3102259,
        31.795433
       ],
       [
        34.310982,
        31.795364
       ],
       [
        34.3117373,
        31.7952879
       ],
       [
        34.3124914,
        31.7952046
       ],
       [
        34.3132445,
        31.7951141
       ],
       [
        34.3139963,
        31.7950165
       ],
       [
        34.3147468,
        31.7949118
       ],
       [
        34.3154959,
        31.7947999
       ],
       [
        34.3162435,
        31.794681
       ],
       [
        34.3169895,
        31.794555
       ],
       [
        34.3177338,
        31.7944219
       ],
       [
        34.3184764,
        31.7942817
       ],
       [
        34.319217,
        31.7941345
       ],
       [
        34.3199557,
        31.7939803
       ],
       [
        34.3206924,
        31.7938191
       ],
       [
        34.3214269,
        31.793651
       ],
       [
        34.3221592,
        31.7934758
       ],
       [
        34.3228891,
        31.7932938
       ],
       [
        34.3236167,
        31.7931048
       ],
       [
        34.3243417,
        31.7929089
       ],
       [
        34.3250642,
        31.7927062
       ],
       [
        34.3257839,
        31.7924966
       ],
       [
        34.3265009,
        31.7922802
       ],
       [
        34.327215,
        31.792057
       ],
       [
        34.3279262,
        31.791827
       ],
       [
        34.3286343,
        31.7915904
       ],
       [
        34.3293394,
        31.791347
       ],
       [
        34.3300412,
        31.7910969
       ],
       [
        34.3307397,
        31.7908402
       ],
       [
        34.3314348,
        31.7905769
       ],
       [
        34.3321265,
        31.790307
       ],
       [
        34.3328146,
        31.7900306
       ],
       [
        34.333499,
        31.7897477
       ],
       [
        34.3341798,
        31.7894582
       ],
       [
        34.3348567,
        31.7891624
       ],
       [
        34.3355297,
        31.7888601
       ],
       [
        34.3361988,
        31.7885515
       ],
       [
        34.3368638,
        31.7882365
       ],
       [
        34.3375247,
        31.7879153
       ],
       [
        34.3381813,
        31.7875878
       ],
       [
        34.3388337,
        31.7872541
       ],
       [
        34.3394816,
        31.7869142
       ],
       [
        34.3401251,
        31.7865682
       ],
       [
        34.3407641,
        31.7862161
       ],
       [
        34.3413985,
        31.785858
       ],
       [
        34.3420281,
        31.7854939
       ],
       [
        34.342653,
        31.7851238
       ],
       [
        34.343273,
        31.7847478
       ],
       [
        34.3438881,
        31.784366
       ],
       [
        34.3444982,
        31.7839784
       ],
       [
        34.3451032,
        31.783585
       ],
       [
        34.345703,
        31.7831858
       ],
       [
        34.3462976,
        31.782781
       ],
       [
        34.3468869,
        31.7823706
       ],
       [
        34.3474709,
        31.7819547
       ],
       [
        34.3480494,
        31.7815332
       ],
       [
        34.3486223,
        31.7811062
       ],
       [
        34.3491897,
        31.7806739
       ],
       [
        34.3497514,
        31.7802362
       ],
       [
        34.3503074,
        31.7797932
       ],
       [
        34.3508576,
        31.7793449
       ],
       [
        34.351402,
        31.7788914
       ],
       [
        34.3519404,
        31.7784329
       ],
       [
        34.3524728,
        31.7779692
       ],
       [
        34.3529991,
        31.7775005
       ],
       [
        34.3535193,
        31.7770268
       ],
       [
        34.3540334,
        31.7765483
       ],
       [
        34.3545411,
        31.7760649
       ],
       [
        34.3550426,
        31.7755767
       ],
       [
        34.3555376,
        31.7750838
       ],
       [
        34.3560263,
        31.7745862
       ],
       [
        34.3565084,
        31.774084
       ],
       [
        34.356984,
        31.7735772
       ],
       [
        34.3574529,
        31.773066
       ],
       [
        34.3579152,
        31.7725504
       ],
       [
        34.3583707,
        31.7720304
       ],
       [
        34.3588195,
        31.7715061
       ],
       [
        34.3592614,
        31.7709776
       ],
       [
        34.3596964,
        31.770445
       ],
       [
        34.3601244,
        31.7699082
       ],
       [
        34.3605455,
        31.7693674
       ],
       [
        34.3609594,
        31.7688227
       ],
       [
        34.3613663,
        31.7682741
       ],
       [
        34.361766,
        31.7677216
       ],
       [
        34.3621585,
        31.7671654
       ],
       [
        34.3625438,
        31.7666055
       ],
       [
        34.3629217,
        31.7660419
       ],
       [
        34.3632924,
        31.7654749
       ],
       [
        34.3636556,
        31.7649043
       ],
       [
        34.3640113,
        31.7643303
       ],
       [
        34.3643596,
        31.763753
       ],
       [
        34.3647004,
        31.7631724
       ],
       [
        34.3650335,
        31.7625887
       ],
       [
        34.3653591,
        31.7620018
       ],
       [
        34.365677,
        31.7614118
       ],
       [
        34.3659873,
        31.7608189
       ],
       [
        34.3662898,
        31.760223
       ],
       [
        34.3665845,
        31.7596244
       ],
       [
        34.3668715,
        31.7590229
       ],
       [
        34.3671506,
        31.7584188
       ],
       [
        34.3674218,
        31.7578121
       ],
       [
        34.3676852,
        31.7572028
       ],
       [
        34.3679406,
        31.7565911
       ],
       [
        34.368188,
        31.755977
       ],
       [
        34.3684275,
        31.7553606
       ],
       [
        34.3686589,
        31.7547419
       ],
       [
        34.3688823,
        31.7541211
       ],
       [
        34.3690975,
        31.7534982
       ],
       [
        34.3693047,
        31.7528733
       ],
       [
        34.3695037,
        31.7522465
       ],
       [
        34.3696946,
        31.7516178
       ],
       [
        34.3698773,
        31.7509874
       ],
       [
        34.3700518,
        31.7503553
       ],
       [
        34.3702181,
        31.7497215
       ],
       [
        34.3703761,
        31.7490862
       ],
       [
        34.3705259,
        31.7484495
       ],
       [
        34.3706673,
        31.7478113
       ],
       [
        34.3708005,
        31.7471719
       ],
       [
        34.3709254,
        31.7465312
       ],
       [
        34.3710419,
        31.7458894
       ],
       [
        34.3711501,
        31.7452466
       ],
       [
        34.3712499,
        31.7446027
       ],
       [
        34.3713414,
        31.7439579
       ],
       [
        34.3714244,
        31.7433123
       ],
       [
        34.3714991,
        31.742666
       ],
       [
        34.3715654,
        31.742019
       ],
       [
        34.3716233,
        31.7413714
       ],
       [
        34.3716727,
        31.7407233
       ],
       [
        34.3717137,
        31.7400747
       ],
       [
        34.3717463,
        31.7394259
       ],
       [
        34.3717705,
        31.7387767
       ],
       [
        34.3717862,
        31.7381273
       ],
       [
        34.3717935,
        31.7374779
       ],
       [
        34.3717924,
        31.7368284
       ],
       [
        34.3717828,
        31.736179
       ],
       [
        34.3717648,
        31.7355297
       ],
       [
        34.3717384,
        31.7348806
       ],
       [
        34.3717035,
        31.7342318
       ],
       [
        34.3716602,
        31.7335833
       ],
       [
        34.3716085,
        31.7329354
       ],
       [
        34.3715484,
        31.7322879
       ],
       [
        34.3714799,
        31.7316411
       ],
       [
        34.3714029,
        31.7309949
       ],
       [
        34.3713176,
        31.7303495
       ],
       [
        34.3712239,
        31.729705
       ],
       [
        34.3711219,
        31.7290614
       ],
       [
        34.3710115,
        31.7284188
       ],
       [
        34.3708928,
        31.7277773
       ],
       [
        34.3707657,
        31.727137
       ],
       [
        34.3706303,
        31.7264979
       ],
       [
        34.3704867,
        31.7258601
       ],
       [
        34.3703347,
        31.7252237
       ],
       [
        34.3701746,
        31.7245888
       ],
       [
        34.3700061,
        31.7239555
       ],
       [
        34.3698295,
        31.7233238
       ],
       [
        34.3696447,
        31.7226938
       ],
       [
        34.3694517,
        31.7220656
       ],
       [
        34.3692506,
        31.7214393
       ],
       [
        34.3690413,
        31.7208149
       ],
       [
        34.368824,
        31.7201926
       ],
       [
        34.3685986,
        31.7195723
       ],
       [
        34.3683651,
        31.7189543
       ],
       [
        34.3681237,
        31.7183384
       ],
       [
        34.3678742,
        31.7177249
       ],
       [
        34.3676168,
        31.7171139
       ],
       [
        34.3673515,
        31.7165053
       ],
       [
        34.3670784,
        31.7158992
       ],
       [
        34.3667973,
        31.7152958
       ],
       [
        34.3665085,
        31.714695
       ],
       [
        34.3662119,
        31.7140971
       ],
       [
        34.3659075,
        31.713502
       ],
       [
        34.3655954,
        31.7129098
       ],
       [
        34.3652757,
        31.7123207
       ],
       [
        34.3649483,
        31.7117346
       ],
       [
        34.3646133,
        31.7111516
       ],
       [
        34.3642708,
        31.7105718
       ],
       [
        34.3639208,
        31.7099954
       ],
       [
        34.3635634,
        31.7094223
       ],
       [
        34.3631985,
        31.7088526
       ],
       [
        34.3628263,
        31.7082864
       ],
       [
        34.3624467,
        31.7077238
       ],
       [
        34.3620598,
        31.7071648
       ],
       [
        34.3616658,
        31.7066095
       ],
       [
        34.3612645,
        31.706058
       ],
       [
        34.3608561,
        31.7055103
       ],
       [
        34.3604406,
        31.7049666
       ],
       [
        34.3600181,
        31.7044268
       ],
       [
        34.3595886,
        31.703891
       ],
       [
        34.3591522,
        31.7033594
       ],
       [
        34.358709,
        31.7028319
       ],
       [
        34.3582589,
        31.7023087
       ],
       [
        34.357802,
        31.7017898
       ],
       [
        34.3573384,
        31.7012752
       ],
       [
        34.3568682,
        31.7007651
       ],
       [
        34.3563914,
        31.7002595
       ],
       [
        34.3559081,
        31.6997584
       ],
       [
        34.3554183,
        31.6992619
       ],
       [
        34.3549221,
        31.6987701
       ],
       [
        34.3544195,
        31.6982831
       ],
       [
        34.3539107,
        31.6978008
       ],
       [
        34.3533956,
        31.6973234
       ],
       [
        34.3528744,
        31.6968509
       ],
       [
        34.3523471,
        31.6963834
       ],
       [
        34.3518137,
        31.695921
       ],
       [
        34.3512744,
        31.6954636
       ],
       [
        34.3507292,
        31.6950113
       ],
       [
        34.3501781,
        31.6945643
       ],
       [
        34.3496213,
        31.6941225
       ],
       [
        34.3490587,
        31.693686
       ],
       [
        34.3484906,
        31.6932549
       ],
       [
        34.3479169,
        31.6928292
       ],
       [
        34.3473377,
        31.692409
       ],
       [
        34.3467531,
        31.6919943
       ],
       [
        34.3461631,
        31.6915851
       ],
       [
        34.3455679,
        31.6911816
       ],
       [
        34.3449675,
        31.6907838
       ],
       [
        34.344362,
        31.6903916
       ],
       [
        34.3437514,
        31.6900053
       ],
       [
        34.3431358,
        31.6896247
       ],
       [
        34.3425154,
        31.6892501
       ],
       [
        34.3418901,
        31.6888813
       ],
       [
        34.3412601,
        31.6885185
       ],
       [
        34.3406254,
        31.6881617
       ],
       [
        34.3399861,
        31.6878109
       ],
       [
        34.3393423,
        31.6874662
       ],
       [
        34.3386941,
        31.6871277
       ],
       [
        34.3380415,
        31.6867953
       ],
       [
        34.3373847,
        31.6864691
       ],
       [
        34.3367236,
        31.6861492
       ],
       [
        34.3360585,
        31.6858356
       ],
       [
        34.3353893,
        31.6855283
       ],
       [
        34.3347162,
        31.6852273
       ],
       [
        34.3340393,
        31.6849328
       ],
       [
        34.3333585,
        31.6846447
       ],
       [
        34.3326741,
        31.6843631
       ],
       [
        34.331986,
        31.684088
       ],
       [
        34.3312944,
        31.6838194
       ],
       [
        34.3305994,
        31.6835574
       ],
       [
        34.3299011,
        31.6833021
       ],
       [
        34.3291994,
        31.6830533
       ],
       [
        34.3284946,
        31.6828113
       ],
       [
        34.3277867,
        31.6825759
       ],
       [
        34.3270758,
        31.6823473
       ],
       [
        34.3263619,
        31.6821254
       ],
       [
        34.3256452,
        31.6819103
       ],
       [
        34.3249258,
        31.6817021
       ],
       [
        34.3242037,
        31.6815006
       ],
       [
        34.3234791,
        31.6813061
       ],
       [
        34.322752,
        31.6811184
       ],
       [
        34.3220224,
        31.6809376
       ],
       [
        34.3212906,
        31.6807637
       ],
       [
        34.3205566,
        31.6805969
       ],
       [
        34.3198205,
        31.6804369
       ],
       [
        34.3190823,
        31.680284
       ],
       [
        34.3183422,
        31.6801381
       ],
       [
        34.3176002,
        31.6799992
       ],
       [
        34.3168565,
        31.6798674
       ],
       [
        34.3161111,
        31.6797426
       ],
       [
        34.3153642,
        31.6796249
       ],
       [
        34.3146158,
        31.6795143
       ],
       [
        34.313866,
        31.6794109
       ],
       [
        34.3131149,
        31.6793145
       ],
       [
        34.3123625,
        31.6792252
       ],
       [
        34.3116091,
        31.6791432
       ],
       [
        34.3108547,
        31.6790682
       ],
       [
        34.3100993,
        31.6790004
       ],
       [
        34.3093431,
        31.6789398
       ],
       [
        34.3085862,
        31.6788864
       ],
       [
        34.3078286,
        31.6788401
       ],
       [
        34.3070705,
        31.6788011
       ],
       [
        34.3063119,
        31.6787692
       ],
       [
        34.3055529,
        31.6787446
       ],
       [
        34.3047937,
        31.6787271
       ],
       [
        34.3040342,
        31.6787168
       ],
       [
        34.3032747,
        31.6787138
       ],
       [
        34.3025152,
        31.6787179
       ],
       [
        34.3017559,
        31.6787293
       ],
       [
        34.3009967,
        31.6787478
       ],
       [
        34.3002377,
        31.6787736
       ],
       [
        34.2994792,
        31.6788066
       ],
       [
        34.2987211,
        31.6788467
       ],
       [
        34.2979636,
        31.6788941
       ],
       [
        34.2972068,
        31.6789486
       ],
       [
        34.2964507,
        31.6790103
       ],
       [
        34.2956955,
        31.6790792
       ],
       [
        34.2949412,
        31.6791552
       ],
       [
        34.2941879,
        31.6792384
       ],
       [
        34.2934358,
        31.6793287
       ],
       [
        34.2926849,
        31.6794262
       ],
       [
        34.2919353,
        31.6795308
       ],
       [
        34.2911871,
        31.6796424
       ],
       [
        34.2904403,
        31.6797612
       ],
       [
        34.2896952,
        31.6798871
       ],
       [
        34.2889518,
        31.68002
       ],
       [
        34.2882101,
        31.6801599
       ],
       [
        34.2874703,
        31.6803069
       ],
       [
        34.2867324,
        31.6804609
       ],
       [
        34.2859966,
        31.6806219
       ],
       [
        34.2852629,
        31.6807898
       ],
       [
        34.2845314,
        31.6809647
       ],
       [
        34.2838022,
        31.6811466
       ],
       [
        34.2830755,
        31.6813353
       ],
       [
        34.2823512,
        31.6815309
       ],
       [
        34.2816295,
        31.6817334
       ],
       [
        34.2809105,
        31.6819427
       ],
       [
        34.2801942,
        31.6821589
       ],
       [
        34.2794808,
        31.6823818
       ],
       [
        34.2787703,
        31.6826114
       ],
       [
        34.2780629,
        31.6828478
       ],
       [
        34.2773585,
        31.6830909
       ],
       [
        34.2766574,
        31.6833406
       ],
       [
        34.2759595,
        31.683597
       ],
       [
        34.275265,
        31.68386
       ],
       [
        34.2745739,
        31.6841296
       ],
       [
        34.2738864,
        31.6844057
       ],
       [
        34.2732025,
        31.6846883
       ],
       [
        34.2725223,
        31.6849774
       ],
       [
        34.2718459,
        31.6852729
       ],
       [
        34.2711734,
        31.6855748
       ],
       [
        34.2705048,
        31.6858831
       ],
       [
        34.2698403,
        31.6861977
       ],
       [
        34.2691799,
        31.6865186
       ],
       [
        34.2685237,
        31.6868457
       ],
       [
        34.2678718,
        31.6871791
       ],
       [
        34.2672242,
        31.6875186
       ],
       [
        34.2665811,
        31.6878642
       ],
       [
        34.2659425,
        31.6882159
       ],
       [
        34.2653085,
        31.6885736
       ],
       [
        34.2646792,
        31.6889374
       ],
       [
        34.2640546,
        31.6893071
       ],
       [
        34.2634349,
        31.6896827
       ],
       [
        34.2628201,
        31.6900641
       ],
       [
        34.2622102,
        31.6904513
       ],
       [
        34.2616055,
        31.6908444
       ],
       [
        34.2610058,
        31.6912431
       ],
       [
        34.2604114,
        31.6916475
       ],
       [
        34.2598222,
        31.6920575
       ],
       [
        34.2592385,
        31.6924731
       ],
       [
        34.2586601,
        31.6928941
       ],
       [
        34.2580872,
        31.6933207
       ],
       [
        34.2575199,
        31.6937526
       ],
       [
        34.2569582,
        31.6941899
       ],
       [
        34.2564023,
        31.6946326
       ],
       [
        34.2558521,
        31.6950804
       ],
       [
        34.2553078,
        31.6955335
       ],
       [
        34.2547693,
        31.6959916
       ],
       [
        34.2542369,
        31.6964549
       ],
       [
        34.2537105,
        31.6969232
       ],
       [
        34.2531902,
        31.6973965
       ],
       [
        34.252676,
        31.6978746
       ],
       [
        34.2521681,
        31.6983576
       ],
       [
        34.2516665,
        31.6988454
       ],
       [
        34.2511713,
        31.699338
       ],
       [
        34.2506825,
        31.6998351
       ],
       [
        34.2502001,
        31.7003369
       ],
       [
        34.2497243,
        31.7008433
       ],
       [
        34.2492551,
        31.7013541
       ],
       [
        34.2487926,
        31.7018694
       ],
       [
        34.2483367,
        31.702389
       ],
       [
        34.2478877,
        31.7029129
       ],
       [
        34.2474454,
        31.703441
       ],
       [
        34.2470101,
        31.7039733
       ],
       [
        34.2465816,
        31.7045097
       ],
       [
        34.2461602,
        31.7050501
       ],
       [
        34.2457458,
        31.7055945
       ],
       [
        34.2453385,
        31.7061428
       ],
       [
        34.2449383,
        31.7066949
       ],
       [
        34.2445453,
        31.7072508
       ],
       [
        34.2441596,
        31.7078103
       ],
       [
        34.2437811,
        31.7083735
       ],
       [
        34.24341,
        31.7089403
       ],
       [
        34.2430463,
        31.7095105
       ],
       [
        34.2426899,
        31.7100842
       ],
       [
        34.2423411,
        31.7106612
       ],
       [
        34.2419997,
        31.7112414
       ],
       [
        34.2416659,
        31.7118249
       ],
       [
        34.2413397,
        31.7124115
       ],
       [
        34.2410212,
        31.7130012
       ],
       [
        34.2407103,
        31.7135938
       ],
       [
        34.2404071,
        31.7141894
       ],
       [
        34.2401116,
        31.7147878
       ],
       [
        34.239824,
        31.715389
       ],
       [
        34.2395442,
        31.7159928
       ],
       [
        34.2392722,
        31.7165993
       ],
       [
        34.2390081,
        31.7172083
       ],
       [
        34.2387519,
        31.7178198
       ],
       [
        34.2385037,
        31.7184337
       ],
       [
        34.2382635,
        31.7190499
       ],
       [
        34.2380313,
        31.7196683
       ],
       [
        34.2378071,
        31.7202889
       ],
       [
        34.237591,
        31.7209116
       ],
       [
        34.237383,
        31.7215363
       ],
       [
        34.2371831,
        31.722163
       ],
       [
        34.2369914,
        31.7227915
       ],
       [
        34.2368079,
        31.7234217
       ],
       [
        34.2366325,
        31.7240537
       ],
       [
        34.2364653,
        31.7246873
       ],
       [
        34.2363064,
        31.7253225
       ],
       [
        34.2361558,
        31.7259591
       ],
       [
        34.2360134,
        31.7265971
       ],
       [
        34.2358793,
        31.7272364
       ],
       [
        34.2357536,
        31.727877
       ],
       [
        34.2356361,
        31.7285187
       ],
       [
        34.235527,
        31.7291615
       ],
       [
        34.2354262,
        31.7298053
       ],
       [
        34.2353339,
        31.7304499
       ],
       [
        34.2352498,
        31.7310955
       ],
       [
        34.2351742,
        31.7317418
       ],
       [
        34.235107,
        31.7323887
       ],
       [
        34.2350482,
        31.7330363
       ],
       [
        34.2349978,
        31.7336844
       ],
       [
        34.2349558,
        31.7343329
       ],
       [
        34.2349223,
        31.7349818
       ],
       [
        34.2348971,
        31.7356309
       ],
       [
        34.2348804,
        31.7362803
       ],
       [
        34.2348722,
        31.7369298
       ],
       [
        34.2348724,
        31.7375793
       ],
       [
        34.234881,
        31.7382287
       ],
       [
        34.234898,
        31.7388781
       ],
       [
        34.2349235,
        31.7395272
       ],
       [
        34.2349574,
        31.7401761
       ],
       [
        34.2349998,
        31.7408246
       ],
       [
        34.2350506,
        31.7414726
       ],
       [
        34.2351097,
        31.7421202
       ],
       [
        34.2351773,
        31.7427671
       ],
       [
        34.2352533,
        31.7434134
       ],
       [
        34.2353377,
        31.7440589
       ],
       [
        34.2354305,
        31.7447035
       ],
       [
        34.2355316,
        31.7453473
       ],
       [
        34.2356411,
        31.74599
       ],
       [
        34.2357589,
        31.7466317
       ],
       [
        34.2358851,
        31.7472722
       ],
       [
        34.2360196,
        31.7479114
       ],
       [
        34.2361624,
        31.7485494
       ],
       [
        34.2363134,
        31.7491859
       ],
       [
        34.2364728,
        31.749821
       ],
       [
        34.2366403,
        31.7504545
       ],
       [
        34.2368161,
        31.7510864
       ],
       [
        34.2370001,
        31.7517166
       ],
       [
        34.2371923,
        31.752345
       ],
       [
        34.2373926,
        31.7529716
       ],
       [
        34.2376011,
        31.7535962
       ],
       [
        34.2378176,
        31.7542188
       ],
       [
        34.2380423,
        31.7548393
       ],
       [
        34.2382749,
        31.7554576
       ],
       [
        34.2385157,
        31.7560737
       ],
       [
        34.2387644,
        31.7566875
       ],
       [
        34.239021,
        31.7572988
       ],
       [
        34.2392856,
        31.7579077
       ],
       [
        34.2395581,
        31.7585141
       ],
       [
        34.2398385,
        31.7591178
       ],
       [
        34.2401267,
        31.7597188
       ],
       [
        34.2404226,
        31.7603171
       ],
       [
        34.2407264,
        31.7609125
       ],
       [
        34.2410378,
        31.761505
       ],
       [
        34.241357,
        31.7620945
       ],
       [
        34.2416838,
        31.7626809
       ],
       [
        34.2420182,
        31.7632642
       ],
       [
        34.2423601,
        31.7638443
       ],
       [
        34.2427096,
        31.7644211
       ],
       [
        34.2430666,
        31.7649945
       ],
       [
        34.2434309,
        31.7655646
       ],
       [
        34.2438027,
        31.7661311
       ],
       [
        34.2441818,
        31.7666941
       ],
       [
        34.2445683,
        31.7672535
       ],
       [
        34.2449619,
        31.7678091
       ],
       [
        34.2453628,
        31.768361
       ],
       [
        34.2457708,
        31.768909
       ],
       [
        34.2461859,
        31.7694532
       ],
       [
        34.2466081,
        31.7699933
       ],
       [
        34.2470373,
        31.7705295
       ],
       [
        34.2474734,
        31.7710615
       ],
       [
        34.2479164,
        31.7715893
       ],
       [
        34.2483662,
        31.772113
       ],
       [
        34.2488228,
        31.7726323
       ],
       [
        34.2492862,
        31.7731472
       ],
       [
        34.2497562,
        31.7736577
       ],
       [
        34.2502328,
        31.7741638
       ],
       [
        34.250716,
        31.7746653
       ],
       [
        34.2512056,
        31.7751621
       ],
       [
        34.2517017,
        31.7756543
       ],
       [
        34.2522042,
        31.7761418
       ],
       [
        34.252713,
        31.7766244
       ],
       [
        34.253228,
        31.7771022
       ],
       [
        34.2537492,
        31.7775751
       ],
       [
        34.2542765,
        31.778043
       ],
       [
        34.2548099,
        31.7785059
       ],
       [
        34.2553493,
        31.7789637
       ],
       [
        34.2558946,
        31.7794163
       ],
       [
        34.2564457,
        31.7798638
       ],
       [
        34.2570026,
        31.780306
       ],
       [
        34.2575653,
        31.7807429
       ],
       [
        34.2581336,
        31.7811744
       ],
       [
        34.2587074,
        31.7816005
       ],
       [
        34.2592868,
        31.7820211
       ],
       [
        34.2598716,
        31.7824362
       ],
       [
        34.2604618,
        31.7828457
       ],
       [
        34.2610573,
        31.7832496
       ],
       [
        34.2616579,
        31.7836478
       ],
       [
        34.2622638,
        31.7840403
       ],
       [
        34.2628747,
        31.7844271
       ],
       [
        34.2634906,
        31.784808
       ],
       [
        34.2641114,
        31.785183
       ],
       [
        34.264737,
        31.7855522
       ],
       [
        34.2653674,
        31.7859154
       ],
       [
        34.2660025,
        31.7862725
       ],
       [
        34.2666422,
        31.7866237
       ],
       [
        34.2672865,
        31.7869687
       ],
       [
        34.2679351,
        31.7873076
       ],
       [
        34.2685882,
        31.7876403
       ],
       [
        34.2692455,
        31.7879668
       ],
       [
        34.2699071,
        31.7882871
       ],
       [
        34.2705727,
        31.788601
       ],
       [
        34.2712425,
        31.7889087
       ],
       [
        34.2719161,
        31.7892099
       ],
       [
        34.2725937,
        31.7895048
       ],
       [
        34.273275,
        31.7897932
       ],
       [
        34.2739601,
        31.7900751
       ],
       [
        34.2746488,
        31.7903505
       ],
       [
        34.275341,
        31.7906193
       ],
       [
        34.2760367,
        31.7908816
       ],
       [
        34.2767358,
        31.7911372
       ],
       [
        34.2774381,
        31.7913862
       ],
       [
        34.2781436,
        31.7916285
       ],
       [
        34.2788523,
        31.7918641
       ],
       [
        34.2795639,
        31.792093
       ],
       [
        34.2802785,
        31.7923151
       ],
       [
        34.280996,
        31.7925304
       ],
       [
        34.2817162,
        31.7927389
       ],
       [
        34.282439,
        31.7929406
       ],
       [
        34.2831645,
        31.7931354
       ],
       [
        34.2838924,
        31.7933233
       ],
       [
        34.2846228,
        31.7935042
       ],
       [
        34.2853554,
        31.7936783
       ],
       [
        34.2860903,
        31.7938453
       ],
       [
        34.2868273,
        31.7940054
       ],
       [
        34.2875663,
        31.7941585
       ],
       [
        34.2883073,
        31.7943046
       ],
       [
        34.2890501,
        31.7944436
       ],
       [
        34.2897947,
        31.7945756
       ],
       [
        34.290541,
        31.7947005
       ],
       [
        34.2912888,
        31.7948183
       ],
       [
        34.2920382,
        31.794929
       ],
       [
        34.2927889,
        31.7950326
       ],
       [
        34.2935409,
        31.795129
       ],
       [
        34.2942942,
        31.7952183
       ],
       [
        34.2950485,
        31.7953005
       ],
       [
        34.2958039,
        31.7953755
       ],
       [
        34.2965602,
        31.7954434
       ],
       [
        34.2973173,
        31.795504
       ],
       [
        34.2980752,
        31.7955575
       ],
       [
        34.2988338,
        31.7956038
       ],
       [
        34.2995929,
        31.7956429
       ],
       [
        34.3003524,
        31.7956747
       ],
       [
        34.3011123,
        31.7956994
       ],
       [
        34.3018725,
        31.7957169
       ],
       [
        34.3026329,
        31.7957271
       ],
       [
        34.3033933,
        31.7957301
       ],
       [
        34.3041538,
        31.795726
       ]
      ]
     ]
    ],
    "type": "MultiPolygon"
   }
  },
  {
   "type": "Feature",
   "properties": {
    "code": "LLP26",
    "nameHe": "אסדת גט \" ן \"\"",
    "nameEn": "GTN Raft",
    "zoneTypeCode": "AIP_PROHIBITED",
    "floorAmslFt": 0,
    "ceilingAmslFt": 3000,
    "aglCeilingFt": null,
    "notes": "א'-17 definition note: מעגל שרדיוסו 3.7 ק \" מ ומרכזו בנקודה : 32° 27' 12.00\" N 34° 46' 15.00\" E | gdb editor stamp: ILANS 2019-06-28T09:06:22.000"
   },
   "geometry": {
    "coordinates": [
     [
      [
       [
        34.7714867,
        32.4866956
       ],
       [
        34.7720644,
        32.4866838
       ],
       [
        34.7726419,
        32.4866649
       ],
       [
        34.773219,
        32.4866388
       ],
       [
        34.7737956,
        32.4866055
       ],
       [
        34.7743716,
        32.486565
       ],
       [
        34.7749468,
        32.4865174
       ],
       [
        34.7755211,
        32.4864626
       ],
       [
        34.7760944,
        32.4864007
       ],
       [
        34.7766665,
        32.4863317
       ],
       [
        34.7772374,
        32.4862555
       ],
       [
        34.7778069,
        32.4861722
       ],
       [
        34.7783749,
        32.4860819
       ],
       [
        34.7789413,
        32.4859845
       ],
       [
        34.779506,
        32.4858801
       ],
       [
        34.7800687,
        32.4857686
       ],
       [
        34.7806295,
        32.4856502
       ],
       [
        34.7811881,
        32.4855247
       ],
       [
        34.7817446,
        32.4853924
       ],
       [
        34.7822986,
        32.4852531
       ],
       [
        34.7828502,
        32.485107
       ],
       [
        34.7833992,
        32.484954
       ],
       [
        34.7839455,
        32.4847942
       ],
       [
        34.784489,
        32.4846276
       ],
       [
        34.7850295,
        32.4844542
       ],
       [
        34.785567,
        32.4842742
       ],
       [
        34.7861012,
        32.4840874
       ],
       [
        34.7866322,
        32.4838941
       ],
       [
        34.7871598,
        32.4836942
       ],
       [
        34.7876838,
        32.4834877
       ],
       [
        34.7882042,
        32.4832747
       ],
       [
        34.7887209,
        32.4830552
       ],
       [
        34.7892337,
        32.4828294
       ],
       [
        34.7897426,
        32.4825972
       ],
       [
        34.7902473,
        32.4823587
       ],
       [
        34.7907479,
        32.4821139
       ],
       [
        34.7912442,
        32.4818629
       ],
       [
        34.791736,
        32.4816058
       ],
       [
        34.7922234,
        32.4813426
       ],
       [
        34.7927062,
        32.4810733
       ],
       [
        34.7931842,
        32.4807981
       ],
       [
        34.7936574,
        32.480517
       ],
       [
        34.7941257,
        32.4802299
       ],
       [
        34.7945889,
        32.4799371
       ],
       [
        34.7950471,
        32.4796386
       ],
       [
        34.7955,
        32.4793344
       ],
       [
        34.7959476,
        32.4790246
       ],
       [
        34.7963898,
        32.4787092
       ],
       [
        34.7968264,
        32.4783884
       ],
       [
        34.7972575,
        32.4780621
       ],
       [
        34.7976829,
        32.4777306
       ],
       [
        34.7981024,
        32.4773938
       ],
       [
        34.7985161,
        32.4770518
       ],
       [
        34.7989238,
        32.4767047
       ],
       [
        34.7993255,
        32.4763525
       ],
       [
        34.799721,
        32.4759954
       ],
       [
        34.8001103,
        32.4756334
       ],
       [
        34.8004933,
        32.4752666
       ],
       [
        34.8008698,
        32.4748951
       ],
       [
        34.8012399,
        32.4745189
       ],
       [
        34.8016035,
        32.4741381
       ],
       [
        34.8019604,
        32.4737529
       ],
       [
        34.8023106,
        32.4733633
       ],
       [
        34.802654,
        32.4729693
       ],
       [
        34.8029905,
        32.4725712
       ],
       [
        34.8033201,
        32.4721688
       ],
       [
        34.8036427,
        32.4717625
       ],
       [
        34.8039582,
        32.4713521
       ],
       [
        34.8042666,
        32.4709379
       ],
       [
        34.8045678,
        32.4705199
       ],
       [
        34.8048617,
        32.4700981
       ],
       [
        34.8051482,
        32.4696728
       ],
       [
        34.8054274,
        32.4692439
       ],
       [
        34.8056991,
        32.4688116
       ],
       [
        34.8059633,
        32.468376
       ],
       [
        34.8062199,
        32.4679371
       ],
       [
        34.8064689,
        32.4674951
       ],
       [
        34.8067102,
        32.46705
       ],
       [
        34.8069437,
        32.466602
       ],
       [
        34.8071695,
        32.4661511
       ],
       [
        34.8073875,
        32.4656975
       ],
       [
        34.8075975,
        32.4652412
       ],
       [
        34.8077996,
        32.4647823
       ],
       [
        34.8079938,
        32.464321
       ],
       [
        34.80818,
        32.4638573
       ],
       [
        34.8083581,
        32.4633913
       ],
       [
        34.8085281,
        32.4629232
       ],
       [
        34.80869,
        32.462453
       ],
       [
        34.8088437,
        32.4619808
       ],
       [
        34.8089892,
        32.4615068
       ],
       [
        34.8091266,
        32.461031
       ],
       [
        34.8092556,
        32.4605535
       ],
       [
        34.8093764,
        32.4600745
       ],
       [
        34.8094888,
        32.4595941
       ],
       [
        34.809593,
        32.4591123
       ],
       [
        34.8096888,
        32.4586292
       ],
       [
        34.8097762,
        32.458145
       ],
       [
        34.8098552,
        32.4576598
       ],
       [
        34.8099258,
        32.4571737
       ],
       [
        34.8099879,
        32.4566867
       ],
       [
        34.8100417,
        32.456199
       ],
       [
        34.810087,
        32.4557107
       ],
       [
        34.8101238,
        32.4552218
       ],
       [
        34.8101521,
        32.4547326
       ],
       [
        34.810172,
        32.4542431
       ],
       [
        34.8101834,
        32.4537533
       ],
       [
        34.8101864,
        32.4532635
       ],
       [
        34.8101808,
        32.4527737
       ],
       [
        34.8101668,
        32.452284
       ],
       [
        34.8101443,
        32.4517946
       ],
       [
        34.8101133,
        32.4513054
       ],
       [
        34.8100738,
        32.4508168
       ],
       [
        34.8100259,
        32.4503286
       ],
       [
        34.8099696,
        32.4498411
       ],
       [
        34.8099048,
        32.4493544
       ],
       [
        34.8098316,
        32.4488685
       ],
       [
        34.80975,
        32.4483836
       ],
       [
        34.80966,
        32.4478998
       ],
       [
        34.8095616,
        32.4474171
       ],
       [
        34.8094549,
        32.4469357
       ],
       [
        34.8093399,
        32.4464557
       ],
       [
        34.8092166,
        32.4459771
       ],
       [
        34.809085,
        32.4455002
       ],
       [
        34.8089452,
        32.4450249
       ],
       [
        34.8087972,
        32.4445515
       ],
       [
        34.8086409,
        32.4440799
       ],
       [
        34.8084766,
        32.4436103
       ],
       [
        34.8083041,
        32.4431428
       ],
       [
        34.8081236,
        32.4426775
       ],
       [
        34.807935,
        32.4422145
       ],
       [
        34.8077384,
        32.4417539
       ],
       [
        34.8075339,
        32.4412959
       ],
       [
        34.8073215,
        32.4408404
       ],
       [
        34.8071012,
        32.4403875
       ],
       [
        34.8068731,
        32.4399375
       ],
       [
        34.8066372,
        32.4394904
       ],
       [
        34.8063936,
        32.4390462
       ],
       [
        34.8061424,
        32.4386052
       ],
       [
        34.8058836,
        32.4381673
       ],
       [
        34.8056172,
        32.4377327
       ],
       [
        34.8053433,
        32.4373014
       ],
       [
        34.805062,
        32.4368736
       ],
       [
        34.8047733,
        32.4364493
       ],
       [
        34.8044773,
        32.4360287
       ],
       [
        34.804174,
        32.4356118
       ],
       [
        34.8038636,
        32.4351988
       ],
       [
        34.8035461,
        32.4347896
       ],
       [
        34.8032215,
        32.4343844
       ],
       [
        34.8028899,
        32.4339833
       ],
       [
        34.8025515,
        32.4335864
       ],
       [
        34.8022062,
        32.4331938
       ],
       [
        34.8018541,
        32.4328054
       ],
       [
        34.8014954,
        32.4324216
       ],
       [
        34.8011301,
        32.4320422
       ],
       [
        34.8007582,
        32.4316674
       ],
       [
        34.8003799,
        32.4312972
       ],
       [
        34.7999952,
        32.4309319
       ],
       [
        34.7996043,
        32.4305713
       ],
       [
        34.7992071,
        32.4302156
       ],
       [
        34.7988039,
        32.429865
       ],
       [
        34.7983946,
        32.4295194
       ],
       [
        34.7979794,
        32.4291789
       ],
       [
        34.7975583,
        32.4288436
       ],
       [
        34.7971315,
        32.4285136
       ],
       [
        34.7966991,
        32.4281889
       ],
       [
        34.796261,
        32.4278697
       ],
       [
        34.7958175,
        32.427556
       ],
       [
        34.7953686,
        32.4272478
       ],
       [
        34.7949144,
        32.4269452
       ],
       [
        34.794455,
        32.4266483
       ],
       [
        34.7939906,
        32.4263572
       ],
       [
        34.7935211,
        32.4260718
       ],
       [
        34.7930468,
        32.4257924
       ],
       [
        34.7925677,
        32.4255189
       ],
       [
        34.7920839,
        32.4252513
       ],
       [
        34.7915956,
        32.4249899
       ],
       [
        34.7911027,
        32.4247345
       ],
       [
        34.7906055,
        32.4244853
       ],
       [
        34.7901041,
        32.4242423
       ],
       [
        34.7895985,
        32.4240056
       ],
       [
        34.7890888,
        32.4237751
       ],
       [
        34.7885753,
        32.4235511
       ],
       [
        34.7880579,
        32.4233335
       ],
       [
        34.7875368,
        32.4231223
       ],
       [
        34.7870121,
        32.4229177
       ],
       [
        34.7864839,
        32.4227196
       ],
       [
        34.7859523,
        32.4225281
       ],
       [
        34.7854175,
        32.4223432
       ],
       [
        34.7848796,
        32.422165
       ],
       [
        34.7843386,
        32.4219935
       ],
       [
        34.7837947,
        32.4218288
       ],
       [
        34.7832481,
        32.4216709
       ],
       [
        34.7826987,
        32.4215198
       ],
       [
        34.7821468,
        32.4213755
       ],
       [
        34.7815925,
        32.4212381
       ],
       [
        34.7810358,
        32.4211077
       ],
       [
        34.780477,
        32.4209841
       ],
       [
        34.7799161,
        32.4208676
       ],
       [
        34.7793532,
        32.420758
       ],
       [
        34.7787885,
        32.4206555
       ],
       [
        34.7782221,
        32.42056
       ],
       [
        34.777654,
        32.4204716
       ],
       [
        34.7770846,
        32.4203902
       ],
       [
        34.7765137,
        32.4203159
       ],
       [
        34.7759417,
        32.4202488
       ],
       [
        34.7753685,
        32.4201888
       ],
       [
        34.7747944,
        32.4201359
       ],
       [
        34.7742194,
        32.4200902
       ],
       [
        34.7736437,
        32.4200516
       ],
       [
        34.7730674,
        32.4200202
       ],
       [
        34.7724906,
        32.419996
       ],
       [
        34.7719134,
        32.4199789
       ],
       [
        34.771336,
        32.4199691
       ],
       [
        34.7707586,
        32.4199664
       ],
       [
        34.7701811,
        32.4199709
       ],
       [
        34.7696037,
        32.4199826
       ],
       [
        34.7690267,
        32.4200015
       ],
       [
        34.76845,
        32.4200276
       ],
       [
        34.7678738,
        32.4200608
       ],
       [
        34.7672983,
        32.4201013
       ],
       [
        34.7667235,
        32.4201488
       ],
       [
        34.7661496,
        32.4202036
       ],
       [
        34.7655767,
        32.4202654
       ],
       [
        34.765005,
        32.4203344
       ],
       [
        34.7644345,
        32.4204105
       ],
       [
        34.7638654,
        32.4204937
       ],
       [
        34.7632977,
        32.420584
       ],
       [
        34.7627317,
        32.4206813
       ],
       [
        34.7621675,
        32.4207856
       ],
       [
        34.7616051,
        32.420897
       ],
       [
        34.7610447,
        32.4210153
       ],
       [
        34.7604864,
        32.4211407
       ],
       [
        34.7599303,
        32.4212729
       ],
       [
        34.7593766,
        32.4214121
       ],
       [
        34.7588254,
        32.4215581
       ],
       [
        34.7582767,
        32.421711
       ],
       [
        34.7577307,
        32.4218707
       ],
       [
        34.7571876,
        32.4220371
       ],
       [
        34.7566474,
        32.4222104
       ],
       [
        34.7561102,
        32.4223903
       ],
       [
        34.7555762,
        32.4225769
       ],
       [
        34.7550455,
        32.4227701
       ],
       [
        34.7545182,
        32.4229699
       ],
       [
        34.7539944,
        32.4231762
       ],
       [
        34.7534743,
        32.423389
       ],
       [
        34.7529579,
        32.4236083
       ],
       [
        34.7524453,
        32.423834
       ],
       [
        34.7519367,
        32.4240661
       ],
       [
        34.7514321,
        32.4243044
       ],
       [
        34.7509317,
        32.424549
       ],
       [
        34.7504356,
        32.4247998
       ],
       [
        34.749944,
        32.4250568
       ],
       [
        34.7494568,
        32.4253198
       ],
       [
        34.7489742,
        32.4255889
       ],
       [
        34.7484963,
        32.425864
       ],
       [
        34.7480232,
        32.426145
       ],
       [
        34.747555,
        32.4264318
       ],
       [
        34.7470919,
        32.4267245
       ],
       [
        34.7466338,
        32.4270228
       ],
       [
        34.746181,
        32.4273269
       ],
       [
        34.7457334,
        32.4276365
       ],
       [
        34.7452913,
        32.4279517
       ],
       [
        34.7448547,
        32.4282723
       ],
       [
        34.7444237,
        32.4285984
       ],
       [
        34.7439983,
        32.4289298
       ],
       [
        34.7435788,
        32.4292664
       ],
       [
        34.7431651,
        32.4296082
       ],
       [
        34.7427573,
        32.4299552
       ],
       [
        34.7423556,
        32.4303071
       ],
       [
        34.7419601,
        32.4306641
       ],
       [
        34.7415707,
        32.4310259
       ],
       [
        34.7411877,
        32.4313925
       ],
       [
        34.7408111,
        32.4317639
       ],
       [
        34.7404409,
        32.4321399
       ],
       [
        34.7400772,
        32.4325204
       ],
       [
        34.7397202,
        32.4329055
       ],
       [
        34.7393699,
        32.433295
       ],
       [
        34.7390263,
        32.4336887
       ],
       [
        34.7386897,
        32.4340867
       ],
       [
        34.7383599,
        32.4344889
       ],
       [
        34.7380371,
        32.4348951
       ],
       [
        34.7377214,
        32.4353053
       ],
       [
        34.7374128,
        32.4357194
       ],
       [
        34.7371114,
        32.4361373
       ],
       [
        34.7368173,
        32.4365589
       ],
       [
        34.7365305,
        32.4369841
       ],
       [
        34.7362511,
        32.4374128
       ],
       [
        34.7359792,
        32.4378449
       ],
       [
        34.7357147,
        32.4382804
       ],
       [
        34.7354578,
        32.4387192
       ],
       [
        34.7352086,
        32.439161
       ],
       [
        34.734967,
        32.439606
       ],
       [
        34.7347331,
        32.4400539
       ],
       [
        34.734507,
        32.4405047
       ],
       [
        34.7342888,
        32.4409582
       ],
       [
        34.7340784,
        32.4414144
       ],
       [
        34.7338759,
        32.4418731
       ],
       [
        34.7336814,
        32.4423344
       ],
       [
        34.7334949,
        32.442798
       ],
       [
        34.7333164,
        32.4432639
       ],
       [
        34.7331461,
        32.4437319
       ],
       [
        34.7329838,
        32.444202
       ],
       [
        34.7328297,
        32.4446741
       ],
       [
        34.7326838,
        32.4451481
       ],
       [
        34.7325461,
        32.4456238
       ],
       [
        34.7324167,
        32.4461012
       ],
       [
        34.7322955,
        32.4465801
       ],
       [
        34.7321826,
        32.4470605
       ],
       [
        34.7320781,
        32.4475423
       ],
       [
        34.7319819,
        32.4480253
       ],
       [
        34.7318941,
        32.4485094
       ],
       [
        34.7318147,
        32.4489946
       ],
       [
        34.7317436,
        32.4494808
       ],
       [
        34.731681,
        32.4499677
       ],
       [
        34.7316269,
        32.4504554
       ],
       [
        34.7315812,
        32.4509437
       ],
       [
        34.7315439,
        32.4514325
       ],
       [
        34.7315151,
        32.4519218
       ],
       [
        34.7314948,
        32.4524113
       ],
       [
        34.731483,
        32.452901
       ],
       [
        34.7314797,
        32.4533909
       ],
       [
        34.7314848,
        32.4538807
       ],
       [
        34.7314984,
        32.4543704
       ],
       [
        34.7315205,
        32.4548599
       ],
       [
        34.731551,
        32.455349
       ],
       [
        34.7315901,
        32.4558377
       ],
       [
        34.7316376,
        32.4563259
       ],
       [
        34.7316935,
        32.4568135
       ],
       [
        34.7317579,
        32.4573003
       ],
       [
        34.7318307,
        32.4577862
       ],
       [
        34.7319119,
        32.4582712
       ],
       [
        34.7320014,
        32.4587551
       ],
       [
        34.7320994,
        32.4592378
       ],
       [
        34.7322057,
        32.4597193
       ],
       [
        34.7323203,
        32.4601994
       ],
       [
        34.7324433,
        32.460678
       ],
       [
        34.7325745,
        32.4611551
       ],
       [
        34.7327139,
        32.4616304
       ],
       [
        34.7328616,
        32.462104
       ],
       [
        34.7330175,
        32.4625757
       ],
       [
        34.7331815,
        32.4630454
       ],
       [
        34.7333536,
        32.463513
       ],
       [
        34.7335338,
        32.4639784
       ],
       [
        34.7337221,
        32.4644415
       ],
       [
        34.7339184,
        32.4649022
       ],
       [
        34.7341226,
        32.4653604
       ],
       [
        34.7343347,
        32.4658161
       ],
       [
        34.7345547,
        32.466269
       ],
       [
        34.7347825,
        32.4667192
       ],
       [
        34.7350181,
        32.4671664
       ],
       [
        34.7352614,
        32.4676107
       ],
       [
        34.7355124,
        32.4680519
       ],
       [
        34.735771,
        32.46849
       ],
       [
        34.7360372,
        32.4689248
       ],
       [
        34.7363108,
        32.4693562
       ],
       [
        34.7365919,
        32.4697842
       ],
       [
        34.7368804,
        32.4702086
       ],
       [
        34.7371762,
        32.4706294
       ],
       [
        34.7374793,
        32.4710464
       ],
       [
        34.7377896,
        32.4714597
       ],
       [
        34.7381069,
        32.471869
       ],
       [
        34.7384314,
        32.4722743
       ],
       [
        34.7387628,
        32.4726756
       ],
       [
        34.7391012,
        32.4730727
       ],
       [
        34.7394464,
        32.4734655
       ],
       [
        34.7397983,
        32.473854
       ],
       [
        34.740157,
        32.4742381
       ],
       [
        34.7405222,
        32.4746176
       ],
       [
        34.740894,
        32.4749926
       ],
       [
        34.7412723,
        32.4753629
       ],
       [
        34.7416569,
        32.4757285
       ],
       [
        34.7420479,
        32.4760892
       ],
       [
        34.742445,
        32.476445
       ],
       [
        34.7428483,
        32.4767959
       ],
       [
        34.7432576,
        32.4771417
       ],
       [
        34.7436728,
        32.4774824
       ],
       [
        34.7440939,
        32.4778178
       ],
       [
        34.7445208,
        32.478148
       ],
       [
        34.7449533,
        32.4784728
       ],
       [
        34.7453914,
        32.4787922
       ],
       [
        34.7458351,
        32.4791061
       ],
       [
        34.7462841,
        32.4794145
       ],
       [
        34.7467384,
        32.4797173
       ],
       [
        34.7471979,
        32.4800143
       ],
       [
        34.7476624,
        32.4803056
       ],
       [
        34.748132,
        32.4805911
       ],
       [
        34.7486065,
        32.4808707
       ],
       [
        34.7490858,
        32.4811444
       ],
       [
        34.7495698,
        32.4814121
       ],
       [
        34.7500584,
        32.4816737
       ],
       [
        34.7505514,
        32.4819292
       ],
       [
        34.7510488,
        32.4821786
       ],
       [
        34.7515505,
        32.4824217
       ],
       [
        34.7520563,
        32.4826586
       ],
       [
        34.7525662,
        32.4828892
       ],
       [
        34.7530801,
        32.4831133
       ],
       [
        34.7535977,
        32.4833311
       ],
       [
        34.7541191,
        32.4835424
       ],
       [
        34.7546441,
        32.4837472
       ],
       [
        34.7551726,
        32.4839454
       ],
       [
        34.7557045,
        32.484137
       ],
       [
        34.7562396,
        32.484322
       ],
       [
        34.7567779,
        32.4845003
       ],
       [
        34.7573192,
        32.4846719
       ],
       [
        34.7578634,
        32.4848367
       ],
       [
        34.7584104,
        32.4849947
       ],
       [
        34.7589601,
        32.4851459
       ],
       [
        34.7595124,
        32.4852903
       ],
       [
        34.7600671,
        32.4854277
       ],
       [
        34.7606241,
        32.4855583
       ],
       [
        34.7611833,
        32.4856819
       ],
       [
        34.7617446,
        32.4857985
       ],
       [
        34.7623079,
        32.4859081
       ],
       [
        34.762873,
        32.4860107
       ],
       [
        34.7634398,
        32.4861063
       ],
       [
        34.7640082,
        32.4861948
       ],
       [
        34.7645781,
        32.4862762
       ],
       [
        34.7651494,
        32.4863505
       ],
       [
        34.7657218,
        32.4864176
       ],
       [
        34.7662954,
        32.4864777
       ],
       [
        34.76687,
        32.4865306
       ],
       [
        34.7674454,
        32.4865763
       ],
       [
        34.7680215,
        32.4866149
       ],
       [
        34.7685982,
        32.4866463
       ],
       [
        34.7691755,
        32.4866706
       ],
       [
        34.769753,
        32.4866876
       ],
       [
        34.7703308,
        32.4866974
       ],
       [
        34.7709088,
        32.4867001
       ],
       [
        34.7714867,
        32.4866956
       ]
      ]
     ]
    ],
    "type": "MultiPolygon"
   }
  },
  {
   "type": "Feature",
   "properties": {
    "code": "LLP27",
    "nameHe": "גלילות",
    "nameEn": "Glilot",
    "zoneTypeCode": "AIP_PROHIBITED",
    "floorAmslFt": 0,
    "ceilingAmslFt": 800,
    "aglCeilingFt": null,
    "notes": "א'-17 definition note: מעגל שרדיוסו 350 מ ' ומרכזו בנקודה : 32° 08' 38.00\" N 34° 48' 23.00\" E | gdb editor stamp: ILANS 2019-08-13T20:39:26.000"
   },
   "geometry": {
    "coordinates": [
     [
      [
       [
        34.8064194,
        32.1470578
       ],
       [
        34.8069467,
        32.1470182
       ],
       [
        34.8072922,
        32.1469564
       ],
       [
        34.8074619,
        32.1469151
       ],
       [
        34.8076292,
        32.1468669
       ],
       [
        34.8077936,
        32.1468121
       ],
       [
        34.8079547,
        32.1467506
       ],
       [
        34.8081123,
        32.1466827
       ],
       [
        34.8082658,
        32.1466085
       ],
       [
        34.808415,
        32.1465282
       ],
       [
        34.8085596,
        32.1464419
       ],
       [
        34.8086991,
        32.1463499
       ],
       [
        34.8088334,
        32.1462523
       ],
       [
        34.808962,
        32.1461494
       ],
       [
        34.8090848,
        32.1460414
       ],
       [
        34.8092013,
        32.1459285
       ],
       [
        34.8093115,
        32.1458111
       ],
       [
        34.8094149,
        32.1456893
       ],
       [
        34.8095114,
        32.1455635
       ],
       [
        34.8096007,
        32.1454339
       ],
       [
        34.8096828,
        32.1453009
       ],
       [
        34.8097572,
        32.1451647
       ],
       [
        34.809824,
        32.1450256
       ],
       [
        34.8098829,
        32.144884
       ],
       [
        34.8099338,
        32.1447401
       ],
       [
        34.8099767,
        32.1445944
       ],
       [
        34.8100113,
        32.1444471
       ],
       [
        34.8100377,
        32.1442985
       ],
       [
        34.8100557,
        32.1441491
       ],
       [
        34.8100653,
        32.1439991
       ],
       [
        34.8100665,
        32.1438489
       ],
       [
        34.8100594,
        32.1436987
       ],
       [
        34.8100438,
        32.1435491
       ],
       [
        34.8100199,
        32.1434002
       ],
       [
        34.8099877,
        32.1432525
       ],
       [
        34.8099473,
        32.1431063
       ],
       [
        34.8098987,
        32.1429619
       ],
       [
        34.8098421,
        32.1428195
       ],
       [
        34.8097776,
        32.1426797
       ],
       [
        34.8097054,
        32.1425426
       ],
       [
        34.8096256,
        32.1424086
       ],
       [
        34.8095384,
        32.142278
       ],
       [
        34.809444,
        32.142151
       ],
       [
        34.8093426,
        32.142028
       ],
       [
        34.8092344,
        32.1419093
       ],
       [
        34.8091197,
        32.1417951
       ],
       [
        34.8089987,
        32.1416856
       ],
       [
        34.8088718,
        32.1415812
       ],
       [
        34.8087392,
        32.141482
       ],
       [
        34.8086011,
        32.1413883
       ],
       [
        34.808458,
        32.1413003
       ],
       [
        34.8083102,
        32.1412182
       ],
       [
        34.8081579,
        32.1411422
       ],
       [
        34.8080015,
        32.1410724
       ],
       [
        34.8078414,
        32.1410091
       ],
       [
        34.807678,
        32.1409523
       ],
       [
        34.8075115,
        32.1409021
       ],
       [
        34.8073424,
        32.1408588
       ],
       [
        34.8071711,
        32.1408223
       ],
       [
        34.806998,
        32.1407929
       ],
       [
        34.8068234,
        32.1407705
       ],
       [
        34.8066478,
        32.1407551
       ],
       [
        34.8064715,
        32.1407469
       ],
       [
        34.8062949,
        32.1407459
       ],
       [
        34.8059426,
        32.1407652
       ],
       [
        34.8057676,
        32.1407855
       ],
       [
        34.805594,
        32.1408129
       ],
       [
        34.8054221,
        32.1408473
       ],
       [
        34.8052524,
        32.1408886
       ],
       [
        34.8050851,
        32.1409368
       ],
       [
        34.8049207,
        32.1409916
       ],
       [
        34.8047596,
        32.1410531
       ],
       [
        34.8046021,
        32.141121
       ],
       [
        34.8044486,
        32.1411952
       ],
       [
        34.8042994,
        32.1412755
       ],
       [
        34.8041548,
        32.1413618
       ],
       [
        34.8040153,
        32.1414538
       ],
       [
        34.803881,
        32.1415514
       ],
       [
        34.8037524,
        32.1416543
       ],
       [
        34.8036296,
        32.1417623
       ],
       [
        34.803513,
        32.1418751
       ],
       [
        34.8034029,
        32.1419925
       ],
       [
        34.8032995,
        32.1421143
       ],
       [
        34.803203,
        32.1422401
       ],
       [
        34.8031136,
        32.1423697
       ],
       [
        34.8030316,
        32.1425027
       ],
       [
        34.8028903,
        32.142778
       ],
       [
        34.8028314,
        32.1429196
       ],
       [
        34.8027805,
        32.1430635
       ],
       [
        34.8027376,
        32.1432092
       ],
       [
        34.802703,
        32.1433565
       ],
       [
        34.8026766,
        32.1435051
       ],
       [
        34.8026586,
        32.1436545
       ],
       [
        34.802649,
        32.1438045
       ],
       [
        34.8026477,
        32.1439548
       ],
       [
        34.8026549,
        32.1441049
       ],
       [
        34.8026704,
        32.1442545
       ],
       [
        34.8026943,
        32.1444034
       ],
       [
        34.8027265,
        32.1445511
       ],
       [
        34.8027669,
        32.1446973
       ],
       [
        34.8028155,
        32.1448418
       ],
       [
        34.802872,
        32.1449841
       ],
       [
        34.8029365,
        32.1451239
       ],
       [
        34.8030087,
        32.145261
       ],
       [
        34.8030885,
        32.145395
       ],
       [
        34.8032702,
        32.1456526
       ],
       [
        34.8033716,
        32.1457756
       ],
       [
        34.8034797,
        32.1458944
       ],
       [
        34.8035944,
        32.1460086
       ],
       [
        34.8038423,
        32.1462225
       ],
       [
        34.803975,
        32.1463217
       ],
       [
        34.804113,
        32.1464154
       ],
       [
        34.8042561,
        32.1465034
       ],
       [
        34.804404,
        32.1465855
       ],
       [
        34.8045563,
        32.1466615
       ],
       [
        34.8047126,
        32.1467313
       ],
       [
        34.8048728,
        32.1467946
       ],
       [
        34.8050362,
        32.1468515
       ],
       [
        34.8052027,
        32.1469016
       ],
       [
        34.8053718,
        32.1469449
       ],
       [
        34.8055431,
        32.1469814
       ],
       [
        34.8057162,
        32.1470108
       ],
       [
        34.8058908,
        32.1470333
       ],
       [
        34.8060665,
        32.1470486
       ],
       [
        34.8064194,
        32.1470578
       ]
      ]
     ]
    ],
    "type": "MultiPolygon"
   }
  },
  {
   "type": "Feature",
   "properties": {
    "code": "LLP28",
    "nameHe": "אסדת לוויתן \"\"",
    "nameEn": "Livyatan",
    "zoneTypeCode": "AIP_PROHIBITED",
    "floorAmslFt": 0,
    "ceilingAmslFt": 3000,
    "aglCeilingFt": null,
    "notes": "א'-17 definition note: מעגל שרדיוסו 3 מייל ימי ומרכזו בנקודה : 32° 36' 01\" N 34° 48' 19\" E | gdb editor stamp: AMI 2020-12-28T00:00:00.000"
   },
   "geometry": {
    "coordinates": [
     [
      [
       [
        34.8066562,
        32.632183
       ],
       [
        34.8072348,
        32.6321711
       ],
       [
        34.8078132,
        32.632152
       ],
       [
        34.8083913,
        32.6321257
       ],
       [
        34.8089688,
        32.6320922
       ],
       [
        34.8095456,
        32.6320516
       ],
       [
        34.8101217,
        32.6320037
       ],
       [
        34.8106969,
        32.6319488
       ],
       [
        34.8112711,
        32.6318867
       ],
       [
        34.8118441,
        32.6318174
       ],
       [
        34.8124159,
        32.6317411
       ],
       [
        34.8129863,
        32.6316576
       ],
       [
        34.8135552,
        32.6315671
       ],
       [
        34.8141224,
        32.6314695
       ],
       [
        34.8146879,
        32.6313649
       ],
       [
        34.8152515,
        32.6312532
       ],
       [
        34.8158131,
        32.6311346
       ],
       [
        34.8163726,
        32.631009
       ],
       [
        34.8169299,
        32.6308765
       ],
       [
        34.8174848,
        32.630737
       ],
       [
        34.8180372,
        32.6305907
       ],
       [
        34.818587,
        32.6304375
       ],
       [
        34.8191341,
        32.6302775
       ],
       [
        34.8196783,
        32.6301107
       ],
       [
        34.8202196,
        32.6299372
       ],
       [
        34.8207579,
        32.629757
       ],
       [
        34.8212929,
        32.6295701
       ],
       [
        34.8218246,
        32.6293766
       ],
       [
        34.822353,
        32.6291765
       ],
       [
        34.8228778,
        32.6289698
       ],
       [
        34.8233989,
        32.6287566
       ],
       [
        34.8239163,
        32.628537
       ],
       [
        34.8244298,
        32.628311
       ],
       [
        34.8249394,
        32.6280787
       ],
       [
        34.8254448,
        32.62784
       ],
       [
        34.8259461,
        32.6275951
       ],
       [
        34.826443,
        32.6273439
       ],
       [
        34.8269356,
        32.6270866
       ],
       [
        34.8274236,
        32.6268233
       ],
       [
        34.827907,
        32.6265539
       ],
       [
        34.8283856,
        32.6262785
       ],
       [
        34.8288595,
        32.6259972
       ],
       [
        34.8293284,
        32.62571
       ],
       [
        34.8297923,
        32.6254171
       ],
       [
        34.830251,
        32.6251184
       ],
       [
        34.8307045,
        32.624814
       ],
       [
        34.8311526,
        32.6245041
       ],
       [
        34.8315954,
        32.6241886
       ],
       [
        34.8320326,
        32.6238676
       ],
       [
        34.8324642,
        32.6235412
       ],
       [
        34.8328901,
        32.6232095
       ],
       [
        34.8333102,
        32.6228726
       ],
       [
        34.8337244,
        32.6225305
       ],
       [
        34.8341326,
        32.6221832
       ],
       [
        34.8345347,
        32.621831
       ],
       [
        34.8349307,
        32.6214737
       ],
       [
        34.8353204,
        32.6211116
       ],
       [
        34.8357038,
        32.6207447
       ],
       [
        34.8360808,
        32.620373
       ],
       [
        34.8364513,
        32.6199968
       ],
       [
        34.8368153,
        32.6196159
       ],
       [
        34.8371726,
        32.6192306
       ],
       [
        34.8375231,
        32.6188408
       ],
       [
        34.8378669,
        32.6184468
       ],
       [
        34.8382038,
        32.6180485
       ],
       [
        34.8385337,
        32.6176461
       ],
       [
        34.8388567,
        32.6172396
       ],
       [
        34.8391725,
        32.6168292
       ],
       [
        34.8394812,
        32.6164149
       ],
       [
        34.8397826,
        32.6159967
       ],
       [
        34.8400768,
        32.6155749
       ],
       [
        34.8403636,
        32.6151495
       ],
       [
        34.840643,
        32.6147206
       ],
       [
        34.840915,
        32.6142882
       ],
       [
        34.8411794,
        32.6138525
       ],
       [
        34.8414362,
        32.6134136
       ],
       [
        34.8416853,
        32.6129715
       ],
       [
        34.8419268,
        32.6125263
       ],
       [
        34.8421605,
        32.6120783
       ],
       [
        34.8423865,
        32.6116273
       ],
       [
        34.8426045,
        32.6111736
       ],
       [
        34.8428147,
        32.6107173
       ],
       [
        34.843017,
        32.6102583
       ],
       [
        34.8432112,
        32.6097969
       ],
       [
        34.8433975,
        32.6093332
       ],
       [
        34.8435756,
        32.6088672
       ],
       [
        34.8437457,
        32.608399
       ],
       [
        34.8439076,
        32.6079288
       ],
       [
        34.8440614,
        32.6074566
       ],
       [
        34.8442069,
        32.6069825
       ],
       [
        34.8443442,
        32.6065067
       ],
       [
        34.8444733,
        32.6060292
       ],
       [
        34.844594,
        32.6055502
       ],
       [
        34.8447064,
        32.6050697
       ],
       [
        34.8448105,
        32.6045879
       ],
       [
        34.8449062,
        32.6041048
       ],
       [
        34.8449935,
        32.6036206
       ],
       [
        34.8450724,
        32.6031354
       ],
       [
        34.8451429,
        32.6026492
       ],
       [
        34.845205,
        32.6021622
       ],
       [
        34.8452585,
        32.6016745
       ],
       [
        34.8453037,
        32.6011862
       ],
       [
        34.8453403,
        32.6006974
       ],
       [
        34.8453685,
        32.6002082
       ],
       [
        34.8453882,
        32.5997186
       ],
       [
        34.8453994,
        32.5992289
       ],
       [
        34.8454021,
        32.5987391
       ],
       [
        34.8453963,
        32.5982493
       ],
       [
        34.845382,
        32.5977597
       ],
       [
        34.8453592,
        32.5972702
       ],
       [
        34.8453279,
        32.5967812
       ],
       [
        34.8452882,
        32.5962925
       ],
       [
        34.84524,
        32.5958044
       ],
       [
        34.8451833,
        32.5953169
       ],
       [
        34.8451182,
        32.5948302
       ],
       [
        34.8450447,
        32.5943444
       ],
       [
        34.8449627,
        32.5938595
       ],
       [
        34.8448723,
        32.5933757
       ],
       [
        34.8447736,
        32.5928931
       ],
       [
        34.8446665,
        32.5924118
       ],
       [
        34.8445511,
        32.5919318
       ],
       [
        34.8444273,
        32.5914533
       ],
       [
        34.8442953,
        32.5909764
       ],
       [
        34.844155,
        32.5905013
       ],
       [
        34.8440065,
        32.5900278
       ],
       [
        34.8438499,
        32.5895563
       ],
       [
        34.843685,
        32.5890868
       ],
       [
        34.843512,
        32.5886194
       ],
       [
        34.843331,
        32.5881542
       ],
       [
        34.8431419,
        32.5876913
       ],
       [
        34.8429448,
        32.5872308
       ],
       [
        34.8427397,
        32.5867728
       ],
       [
        34.8425267,
        32.5863174
       ],
       [
        34.8423059,
        32.5858647
       ],
       [
        34.8420772,
        32.5854147
       ],
       [
        34.8418408,
        32.5849677
       ],
       [
        34.8415966,
        32.5845237
       ],
       [
        34.8413447,
        32.5840827
       ],
       [
        34.8410853,
        32.5836449
       ],
       [
        34.8408183,
        32.5832104
       ],
       [
        34.8405437,
        32.5827792
       ],
       [
        34.8402618,
        32.5823515
       ],
       [
        34.8399724,
        32.5819274
       ],
       [
        34.8396758,
        32.5815069
       ],
       [
        34.8393718,
        32.5810901
       ],
       [
        34.8390607,
        32.5806772
       ],
       [
        34.8387425,
        32.5802681
       ],
       [
        34.8384172,
        32.5798631
       ],
       [
        34.8380849,
        32.5794621
       ],
       [
        34.8377457,
        32.5790653
       ],
       [
        34.8373997,
        32.5786728
       ],
       [
        34.8370469,
        32.5782846
       ],
       [
        34.8366874,
        32.5779009
       ],
       [
        34.8363213,
        32.5775216
       ],
       [
        34.8359487,
        32.5771469
       ],
       [
        34.8355696,
        32.576777
       ],
       [
        34.8351841,
        32.5764117
       ],
       [
        34.8347924,
        32.5760513
       ],
       [
        34.8343944,
        32.5756958
       ],
       [
        34.8339904,
        32.5753453
       ],
       [
        34.8335803,
        32.5749998
       ],
       [
        34.8331643,
        32.5746595
       ],
       [
        34.8327424,
        32.5743244
       ],
       [
        34.8323147,
        32.5739945
       ],
       [
        34.8318814,
        32.57367
       ],
       [
        34.8314425,
        32.5733509
       ],
       [
        34.8309981,
        32.5730374
       ],
       [
        34.8305484,
        32.5727293
       ],
       [
        34.8300933,
        32.5724269
       ],
       [
        34.8296331,
        32.5721302
       ],
       [
        34.8291677,
        32.5718392
       ],
       [
        34.8286974,
        32.5715541
       ],
       [
        34.8282222,
        32.5712748
       ],
       [
        34.8277422,
        32.5710014
       ],
       [
        34.8272575,
        32.5707341
       ],
       [
        34.8267682,
        32.5704728
       ],
       [
        34.8262745,
        32.5702176
       ],
       [
        34.8257764,
        32.5699685
       ],
       [
        34.825274,
        32.5697257
       ],
       [
        34.8247675,
        32.5694892
       ],
       [
        34.8242569,
        32.5692589
       ],
       [
        34.8237424,
        32.5690351
       ],
       [
        34.8232241,
        32.5688176
       ],
       [
        34.8227021,
        32.5686067
       ],
       [
        34.8221764,
        32.5684022
       ],
       [
        34.8216473,
        32.5682043
       ],
       [
        34.8211148,
        32.568013
       ],
       [
        34.8205791,
        32.5678283
       ],
       [
        34.8200402,
        32.5676503
       ],
       [
        34.8194983,
        32.567479
       ],
       [
        34.8189535,
        32.5673145
       ],
       [
        34.8184058,
        32.5671567
       ],
       [
        34.8178555,
        32.5670058
       ],
       [
        34.8173027,
        32.5668617
       ],
       [
        34.8167474,
        32.5667245
       ],
       [
        34.8161898,
        32.5665943
       ],
       [
        34.81563,
        32.5664709
       ],
       [
        34.8150681,
        32.5663546
       ],
       [
        34.8145043,
        32.5662452
       ],
       [
        34.8139387,
        32.5661429
       ],
       [
        34.8133713,
        32.5660476
       ],
       [
        34.8128023,
        32.5659593
       ],
       [
        34.8122319,
        32.5658782
       ],
       [
        34.8116601,
        32.5658041
       ],
       [
        34.8110871,
        32.5657371
       ],
       [
        34.810513,
        32.5656773
       ],
       [
        34.8099379,
        32.5656246
       ],
       [
        34.809362,
        32.5655791
       ],
       [
        34.8087854,
        32.5655407
       ],
       [
        34.8082081,
        32.5655095
       ],
       [
        34.8076304,
        32.5654855
       ],
       [
        34.8070523,
        32.5654686
       ],
       [
        34.806474,
        32.565459
       ],
       [
        34.8058956,
        32.5654565
       ],
       [
        34.8053172,
        32.5654612
       ],
       [
        34.8047389,
        32.5654731
       ],
       [
        34.8041609,
        32.5654922
       ],
       [
        34.8035833,
        32.5655185
       ],
       [
        34.8030063,
        32.5655519
       ],
       [
        34.8024298,
        32.5655925
       ],
       [
        34.8018542,
        32.5656403
       ],
       [
        34.8012794,
        32.5656952
       ],
       [
        34.8007056,
        32.5657573
       ],
       [
        34.800133,
        32.5658264
       ],
       [
        34.7995616,
        32.5659027
       ],
       [
        34.7989916,
        32.5659861
       ],
       [
        34.7984231,
        32.5660766
       ],
       [
        34.7978563,
        32.5661741
       ],
       [
        34.7972912,
        32.5662786
       ],
       [
        34.7967279,
        32.5663901
       ],
       [
        34.7961667,
        32.5665087
       ],
       [
        34.7956076,
        32.5666342
       ],
       [
        34.7950507,
        32.5667666
       ],
       [
        34.7944961,
        32.5669059
       ],
       [
        34.7939441,
        32.5670522
       ],
       [
        34.7933946,
        32.5672052
       ],
       [
        34.7928478,
        32.5673651
       ],
       [
        34.7923039,
        32.5675317
       ],
       [
        34.7917629,
        32.5677051
       ],
       [
        34.791225,
        32.5678852
       ],
       [
        34.7906902,
        32.568072
       ],
       [
        34.7901588,
        32.5682654
       ],
       [
        34.7896307,
        32.5684653
       ],
       [
        34.7891062,
        32.5686718
       ],
       [
        34.7885853,
        32.5688848
       ],
       [
        34.7880681,
        32.5691043
       ],
       [
        34.7875548,
        32.5693301
       ],
       [
        34.7870455,
        32.5695624
       ],
       [
        34.7865403,
        32.5698009
       ],
       [
        34.7860392,
        32.5700456
       ],
       [
        34.7855424,
        32.5702966
       ],
       [
        34.7850501,
        32.5705537
       ],
       [
        34.7845622,
        32.5708169
       ],
       [
        34.784079,
        32.5710862
       ],
       [
        34.7836005,
        32.5713614
       ],
       [
        34.7831268,
        32.5716425
       ],
       [
        34.782658,
        32.5719295
       ],
       [
        34.7821942,
        32.5722223
       ],
       [
        34.7817356,
        32.5725208
       ],
       [
        34.7812822,
        32.572825
       ],
       [
        34.7808341,
        32.5731347
       ],
       [
        34.7803914,
        32.5734501
       ],
       [
        34.7799542,
        32.5737708
       ],
       [
        34.7795226,
        32.574097
       ],
       [
        34.7790968,
        32.5744285
       ],
       [
        34.7786767,
        32.5747653
       ],
       [
        34.7782625,
        32.5751073
       ],
       [
        34.7778543,
        32.5754543
       ],
       [
        34.7774521,
        32.5758064
       ],
       [
        34.7770561,
        32.5761635
       ],
       [
        34.7766663,
        32.5765254
       ],
       [
        34.7762828,
        32.5768921
       ],
       [
        34.7759057,
        32.5772636
       ],
       [
        34.7755351,
        32.5776397
       ],
       [
        34.7751711,
        32.5780204
       ],
       [
        34.7748137,
        32.5784056
       ],
       [
        34.774463,
        32.5787951
       ],
       [
        34.774119,
        32.579189
       ],
       [
        34.773782,
        32.5795871
       ],
       [
        34.7734519,
        32.5799894
       ],
       [
        34.7731288,
        32.5803957
       ],
       [
        34.7728128,
        32.580806
       ],
       [
        34.7725039,
        32.5812201
       ],
       [
        34.7722022,
        32.5816381
       ],
       [
        34.7719078,
        32.5820598
       ],
       [
        34.7716208,
        32.582485
       ],
       [
        34.7713411,
        32.5829138
       ],
       [
        34.7710689,
        32.5833461
       ],
       [
        34.7708043,
        32.5837816
       ],
       [
        34.7705472,
        32.5842204
       ],
       [
        34.7702977,
        32.5846624
       ],
       [
        34.770056,
        32.5851074
       ],
       [
        34.7698219,
        32.5855554
       ],
       [
        34.7695957,
        32.5860062
       ],
       [
        34.7693773,
        32.5864598
       ],
       [
        34.7691668,
        32.586916
       ],
       [
        34.7689642,
        32.5873748
       ],
       [
        34.7687696,
        32.5878361
       ],
       [
        34.768583,
        32.5882998
       ],
       [
        34.7684045,
        32.5887657
       ],
       [
        34.7682341,
        32.5892338
       ],
       [
        34.7680718,
        32.589704
       ],
       [
        34.7679176,
        32.5901761
       ],
       [
        34.7677717,
        32.5906501
       ],
       [
        34.767634,
        32.5911258
       ],
       [
        34.7675046,
        32.5916032
       ],
       [
        34.7673834,
        32.5920822
       ],
       [
        34.7672706,
        32.5925626
       ],
       [
        34.7671661,
        32.5930444
       ],
       [
        34.76707,
        32.5935274
       ],
       [
        34.7669823,
        32.5940116
       ],
       [
        34.766903,
        32.5944968
       ],
       [
        34.7668321,
        32.5949829
       ],
       [
        34.7667696,
        32.5954699
       ],
       [
        34.7667156,
        32.5959575
       ],
       [
        34.76667,
        32.5964458
       ],
       [
        34.7666329,
        32.5969347
       ],
       [
        34.7666043,
        32.5974239
       ],
       [
        34.7665842,
        32.5979134
       ],
       [
        34.7665726,
        32.5984031
       ],
       [
        34.7665695,
        32.598893
       ],
       [
        34.7665748,
        32.5993828
       ],
       [
        34.7665887,
        32.5998724
       ],
       [
        34.7666111,
        32.6003619
       ],
       [
        34.7666419,
        32.600851
       ],
       [
        34.7666812,
        32.6013397
       ],
       [
        34.766729,
        32.6018279
       ],
       [
        34.7667853,
        32.6023154
       ],
       [
        34.76685,
        32.6028021
       ],
       [
        34.7669231,
        32.603288
       ],
       [
        34.7670046,
        32.603773
       ],
       [
        34.7670946,
        32.6042568
       ],
       [
        34.7671929,
        32.6047395
       ],
       [
        34.7672996,
        32.6052209
       ],
       [
        34.7674147,
        32.605701
       ],
       [
        34.767538,
        32.6061796
       ],
       [
        34.7676697,
        32.6066565
       ],
       [
        34.7678096,
        32.6071318
       ],
       [
        34.7679577,
        32.6076053
       ],
       [
        34.7681141,
        32.6080769
       ],
       [
        34.7682786,
        32.6085466
       ],
       [
        34.7684512,
        32.6090141
       ],
       [
        34.7686319,
        32.6094794
       ],
       [
        34.7688207,
        32.6099424
       ],
       [
        34.7690175,
        32.6104031
       ],
       [
        34.7692222,
        32.6108612
       ],
       [
        34.7694349,
        32.6113168
       ],
       [
        34.7696554,
        32.6117696
       ],
       [
        34.7698838,
        32.6122197
       ],
       [
        34.77012,
        32.6126669
       ],
       [
        34.7703639,
        32.6131111
       ],
       [
        34.7706155,
        32.6135522
       ],
       [
        34.7708747,
        32.6139901
       ],
       [
        34.7711415,
        32.6144248
       ],
       [
        34.7714158,
        32.6148561
       ],
       [
        34.7716976,
        32.615284
       ],
       [
        34.7719867,
        32.6157083
       ],
       [
        34.7722832,
        32.6161289
       ],
       [
        34.772587,
        32.6165459
       ],
       [
        34.7728979,
        32.616959
       ],
       [
        34.773216,
        32.6173682
       ],
       [
        34.7735412,
        32.6177734
       ],
       [
        34.7738733,
        32.6181746
       ],
       [
        34.7742124,
        32.6185715
       ],
       [
        34.7745583,
        32.6189642
       ],
       [
        34.774911,
        32.6193526
       ],
       [
        34.7752704,
        32.6197365
       ],
       [
        34.7756364,
        32.6201159
       ],
       [
        34.776009,
        32.6204908
       ],
       [
        34.7763881,
        32.620861
       ],
       [
        34.7767735,
        32.6212264
       ],
       [
        34.7771652,
        32.621587
       ],
       [
        34.7775631,
        32.6219427
       ],
       [
        34.7779672,
        32.6222934
       ],
       [
        34.7783773,
        32.622639
       ],
       [
        34.7787934,
        32.6229795
       ],
       [
        34.7792153,
        32.6233148
       ],
       [
        34.779643,
        32.6236448
       ],
       [
        34.7800764,
        32.6239695
       ],
       [
        34.7805154,
        32.6242888
       ],
       [
        34.7809599,
        32.6246025
       ],
       [
        34.7814097,
        32.6249107
       ],
       [
        34.7818649,
        32.6252133
       ],
       [
        34.7823253,
        32.6255102
       ],
       [
        34.7827908,
        32.6258013
       ],
       [
        34.7832612,
        32.6260867
       ],
       [
        34.7837366,
        32.6263661
       ],
       [
        34.7842168,
        32.6266396
       ],
       [
        34.7847017,
        32.6269071
       ],
       [
        34.7851911,
        32.6271686
       ],
       [
        34.7856851,
        32.6274239
       ],
       [
        34.7861834,
        32.6276731
       ],
       [
        34.786686,
        32.6279161
       ],
       [
        34.7871928,
        32.6281528
       ],
       [
        34.7877036,
        32.6283831
       ],
       [
        34.7882184,
        32.6286071
       ],
       [
        34.788737,
        32.6288247
       ],
       [
        34.7892593,
        32.6290358
       ],
       [
        34.7897852,
        32.6292404
       ],
       [
        34.7903147,
        32.6294384
       ],
       [
        34.7908475,
        32.6296299
       ],
       [
        34.7913835,
        32.6298147
       ],
       [
        34.7919227,
        32.6299928
       ],
       [
        34.792465,
        32.6301642
       ],
       [
        34.7930102,
        32.6303288
       ],
       [
        34.7935581,
        32.6304867
       ],
       [
        34.7941088,
        32.6306377
       ],
       [
        34.794662,
        32.6307818
       ],
       [
        34.7952176,
        32.6309191
       ],
       [
        34.7957756,
        32.6310494
       ],
       [
        34.7963358,
        32.6311728
       ],
       [
        34.7968981,
        32.6312893
       ],
       [
        34.7974623,
        32.6313987
       ],
       [
        34.7980283,
        32.6315011
       ],
       [
        34.7985961,
        32.6315965
       ],
       [
        34.7991655,
        32.6316848
       ],
       [
        34.7997363,
        32.631766
       ],
       [
        34.8003085,
        32.6318401
       ],
       [
        34.8008819,
        32.6319071
       ],
       [
        34.8014565,
        32.6319669
       ],
       [
        34.802032,
        32.6320196
       ],
       [
        34.8026083,
        32.6320652
       ],
       [
        34.8031854,
        32.6321036
       ],
       [
        34.8037631,
        32.6321348
       ],
       [
        34.8043412,
        32.6321588
       ],
       [
        34.8049197,
        32.6321757
       ],
       [
        34.8054985,
        32.6321853
       ],
       [
        34.8060773,
        32.6321878
       ],
       [
        34.8066562,
        32.632183
       ]
      ]
     ]
    ],
    "type": "MultiPolygon"
   }
  },
  {
   "type": "Feature",
   "properties": {
    "code": "LLP30",
    "nameHe": "תחנת אשדוד",
    "nameEn": "Ashdod Station",
    "zoneTypeCode": "AIP_PROHIBITED",
    "floorAmslFt": 0,
    "ceilingAmslFt": 1700,
    "aglCeilingFt": null,
    "notes": "א'-17 definition note: מעגל שרדיוסו 700 מטרים ומרכזו בנקודה : | gdb editor stamp: ILANS 2019-06-28T09:09:12.000"
   },
   "geometry": {
    "coordinates": [
     [
      [
       [
        34.6803923,
        31.8565905
       ],
       [
        34.680642,
        31.8565836
       ],
       [
        34.6808913,
        31.8565695
       ],
       [
        34.68114,
        31.8565482
       ],
       [
        34.6813876,
        31.8565198
       ],
       [
        34.681634,
        31.8564842
       ],
       [
        34.6818788,
        31.8564416
       ],
       [
        34.6821218,
        31.8563919
       ],
       [
        34.6823627,
        31.8563352
       ],
       [
        34.6826012,
        31.8562717
       ],
       [
        34.682837,
        31.8562013
       ],
       [
        34.68307,
        31.8561241
       ],
       [
        34.6832997,
        31.8560403
       ],
       [
        34.683526,
        31.8559499
       ],
       [
        34.6837486,
        31.855853
       ],
       [
        34.6839673,
        31.8557498
       ],
       [
        34.6841817,
        31.8556403
       ],
       [
        34.6843917,
        31.8555247
       ],
       [
        34.6845969,
        31.8554031
       ],
       [
        34.6847973,
        31.8552757
       ],
       [
        34.6849925,
        31.8551425
       ],
       [
        34.6851823,
        31.8550038
       ],
       [
        34.6853665,
        31.8548597
       ],
       [
        34.6855449,
        31.8547104
       ],
       [
        34.6857173,
        31.8545561
       ],
       [
        34.6858835,
        31.8543968
       ],
       [
        34.6860432,
        31.8542329
       ],
       [
        34.6861964,
        31.8540644
       ],
       [
        34.6863429,
        31.8538916
       ],
       [
        34.6864824,
        31.8537147
       ],
       [
        34.6866149,
        31.8535339
       ],
       [
        34.6867401,
        31.8533493
       ],
       [
        34.686858,
        31.8531613
       ],
       [
        34.6869683,
        31.8529699
       ],
       [
        34.687071,
        31.8527755
       ],
       [
        34.687166,
        31.8525783
       ],
       [
        34.687253,
        31.8523784
       ],
       [
        34.6873322,
        31.8521761
       ],
       [
        34.6874033,
        31.8519716
       ],
       [
        34.6874662,
        31.8517653
       ],
       [
        34.687521,
        31.8515572
       ],
       [
        34.6875674,
        31.8513476
       ],
       [
        34.6876056,
        31.8511369
       ],
       [
        34.6876354,
        31.8509251
       ],
       [
        34.6876568,
        31.8507127
       ],
       [
        34.6876698,
        31.8504997
       ],
       [
        34.6876744,
        31.8502865
       ],
       [
        34.6876705,
        31.8500732
       ],
       [
        34.6876582,
        31.8498602
       ],
       [
        34.6876374,
        31.8496477
       ],
       [
        34.6876083,
        31.8494359
       ],
       [
        34.6875708,
        31.8492251
       ],
       [
        34.687525,
        31.8490154
       ],
       [
        34.6874709,
        31.8488072
       ],
       [
        34.6874086,
        31.8486007
       ],
       [
        34.6873381,
        31.8483961
       ],
       [
        34.6872596,
        31.8481936
       ],
       [
        34.6871732,
        31.8479935
       ],
       [
        34.6870789,
        31.847796
       ],
       [
        34.6869768,
        31.8476014
       ],
       [
        34.6868671,
        31.8474098
       ],
       [
        34.6867498,
        31.8472215
       ],
       [
        34.6866252,
        31.8470367
       ],
       [
        34.6864933,
        31.8468555
       ],
       [
        34.6863544,
        31.8466783
       ],
       [
        34.6862085,
        31.8465052
       ],
       [
        34.6860558,
        31.8463363
       ],
       [
        34.6858966,
        31.846172
       ],
       [
        34.6857309,
        31.8460124
       ],
       [
        34.685559,
        31.8458576
       ],
       [
        34.6853811,
        31.8457079
       ],
       [
        34.6851974,
        31.8455634
       ],
       [
        34.685008,
        31.8454242
       ],
       [
        34.6848133,
        31.8452906
       ],
       [
        34.6846134,
        31.8451627
       ],
       [
        34.6844085,
        31.8450407
       ],
       [
        34.6841989,
        31.8449246
       ],
       [
        34.6839849,
        31.8448146
       ],
       [
        34.6837666,
        31.8447108
       ],
       [
        34.6835444,
        31.8446134
       ],
       [
        34.6833184,
        31.8445225
       ],
       [
        34.6830889,
        31.8444381
       ],
       [
        34.6828563,
        31.8443604
       ],
       [
        34.6826207,
        31.8442894
       ],
       [
        34.6823824,
        31.8442253
       ],
       [
        34.6821417,
        31.8441681
       ],
       [
        34.6818989,
        31.8441178
       ],
       [
        34.6816543,
        31.8440746
       ],
       [
        34.6814081,
        31.8440385
       ],
       [
        34.6811606,
        31.8440095
       ],
       [
        34.6809121,
        31.8439876
       ],
       [
        34.6806628,
        31.8439729
       ],
       [
        34.6804131,
        31.8439654
       ],
       [
        34.6801633,
        31.8439651
       ],
       [
        34.6799136,
        31.843972
       ],
       [
        34.6796643,
        31.8439861
       ],
       [
        34.6794157,
        31.8440074
       ],
       [
        34.6791681,
        31.8440358
       ],
       [
        34.6789218,
        31.8440713
       ],
       [
        34.678677,
        31.844114
       ],
       [
        34.678434,
        31.8441636
       ],
       [
        34.6781932,
        31.8442203
       ],
       [
        34.6779547,
        31.8442838
       ],
       [
        34.6777189,
        31.8443542
       ],
       [
        34.6774859,
        31.8444314
       ],
       [
        34.6772562,
        31.8445152
       ],
       [
        34.6770299,
        31.8446056
       ],
       [
        34.6768074,
        31.8447024
       ],
       [
        34.6765887,
        31.8448057
       ],
       [
        34.6763743,
        31.8449151
       ],
       [
        34.6761644,
        31.8450307
       ],
       [
        34.6759591,
        31.8451523
       ],
       [
        34.6757588,
        31.8452797
       ],
       [
        34.6755636,
        31.8454128
       ],
       [
        34.6753738,
        31.8455515
       ],
       [
        34.6751896,
        31.8456956
       ],
       [
        34.6750112,
        31.8458449
       ],
       [
        34.6748388,
        31.8459992
       ],
       [
        34.6746726,
        31.8461585
       ],
       [
        34.6745128,
        31.8463224
       ],
       [
        34.6743596,
        31.8464909
       ],
       [
        34.6742131,
        31.8466636
       ],
       [
        34.6740736,
        31.8468405
       ],
       [
        34.6739411,
        31.8470214
       ],
       [
        34.6738159,
        31.8472059
       ],
       [
        34.673698,
        31.8473939
       ],
       [
        34.6735876,
        31.8475853
       ],
       [
        34.6734849,
        31.8477797
       ],
       [
        34.6733899,
        31.8479769
       ],
       [
        34.6733028,
        31.8481768
       ],
       [
        34.6732237,
        31.8483791
       ],
       [
        34.6731525,
        31.8485835
       ],
       [
        34.6730896,
        31.8487899
       ],
       [
        34.6730348,
        31.848998
       ],
       [
        34.6729883,
        31.8492075
       ],
       [
        34.6729501,
        31.8494182
       ],
       [
        34.6729202,
        31.84963
       ],
       [
        34.6728988,
        31.8498425
       ],
       [
        34.6728858,
        31.8500554
       ],
       [
        34.6728812,
        31.8502687
       ],
       [
        34.672885,
        31.8504819
       ],
       [
        34.6728973,
        31.8506949
       ],
       [
        34.672918,
        31.8509074
       ],
       [
        34.6729471,
        31.8511192
       ],
       [
        34.6729846,
        31.8513301
       ],
       [
        34.6730304,
        31.8515397
       ],
       [
        34.6730844,
        31.8517479
       ],
       [
        34.6731467,
        31.8519545
       ],
       [
        34.6732171,
        31.8521591
       ],
       [
        34.6732956,
        31.8523616
       ],
       [
        34.673382,
        31.8525617
       ],
       [
        34.6734763,
        31.8527592
       ],
       [
        34.6735784,
        31.8529538
       ],
       [
        34.6736881,
        31.8531454
       ],
       [
        34.6738053,
        31.8533338
       ],
       [
        34.6739299,
        31.8535186
       ],
       [
        34.6740618,
        31.8536998
       ],
       [
        34.6742007,
        31.853877
       ],
       [
        34.6743466,
        31.8540501
       ],
       [
        34.6744993,
        31.854219
       ],
       [
        34.6746585,
        31.8543833
       ],
       [
        34.6748242,
        31.854543
       ],
       [
        34.674996,
        31.8546977
       ],
       [
        34.6751739,
        31.8548475
       ],
       [
        34.6753577,
        31.854992
       ],
       [
        34.675547,
        31.8551312
       ],
       [
        34.6757418,
        31.8552648
       ],
       [
        34.6759417,
        31.8553927
       ],
       [
        34.6761466,
        31.8555148
       ],
       [
        34.6763562,
        31.8556309
       ],
       [
        34.6765702,
        31.8557409
       ],
       [
        34.6767885,
        31.8558446
       ],
       [
        34.6770108,
        31.8559421
       ],
       [
        34.6772368,
        31.856033
       ],
       [
        34.6774663,
        31.8561174
       ],
       [
        34.677699,
        31.8561951
       ],
       [
        34.6779346,
        31.8562661
       ],
       [
        34.6781729,
        31.8563302
       ],
       [
        34.6784136,
        31.8563874
       ],
       [
        34.6786564,
        31.8564377
       ],
       [
        34.6789011,
        31.8564809
       ],
       [
        34.6791473,
        31.8565171
       ],
       [
        34.6793949,
        31.8565461
       ],
       [
        34.6796434,
        31.856568
       ],
       [
        34.6798927,
        31.8565827
       ],
       [
        34.6801424,
        31.8565902
       ],
       [
        34.6803923,
        31.8565905
       ]
      ]
     ]
    ],
    "type": "MultiPolygon"
   }
  },
  {
   "type": "Feature",
   "properties": {
    "code": "LLP3000",
    "nameHe": "מוצב מפגש",
    "nameEn": "Mifgash",
    "zoneTypeCode": "AIP_PROHIBITED",
    "floorAmslFt": 0,
    "ceilingAmslFt": 2800,
    "aglCeilingFt": null,
    "notes": "not in א'-17 appendix ב' — source: gdb only (A17 flag null) | gdb editor stamp: ILANS 2021-01-31T00:00:00.000"
   },
   "geometry": {
    "coordinates": [
     [
      [
       [
        34.3632589,
        30.9866907
       ],
       [
        34.3641849,
        30.9866554
       ],
       [
        34.3651036,
        30.9865497
       ],
       [
        34.3660079,
        30.9863744
       ],
       [
        34.3668907,
        30.986131
       ],
       [
        34.367745,
        30.9858213
       ],
       [
        34.3685642,
        30.9854478
       ],
       [
        34.3693419,
        30.9850133
       ],
       [
        34.370072,
        30.9845213
       ],
       [
        34.3707487,
        30.9839757
       ],
       [
        34.3713669,
        30.9833806
       ],
       [
        34.3719215,
        30.9827409
       ],
       [
        34.3724083,
        30.9820613
       ],
       [
        34.3728235,
        30.9813474
       ],
       [
        34.3731639,
        30.9806047
       ],
       [
        34.3734267,
        30.9798389
       ],
       [
        34.37361,
        30.9790561
       ],
       [
        34.3737122,
        30.9782624
       ],
       [
        34.3737326,
        30.9774641
       ],
       [
        34.3736711,
        30.9766673
       ],
       [
        34.373528,
        30.9758783
       ],
       [
        34.3733046,
        30.9751033
       ],
       [
        34.3730026,
        30.9743483
       ],
       [
        34.3726243,
        30.9736193
       ],
       [
        34.3721728,
        30.972922
       ],
       [
        34.3716514,
        30.9722618
       ],
       [
        34.3710645,
        30.9716438
       ],
       [
        34.3704164,
        30.971073
       ],
       [
        34.3697123,
        30.9705537
       ],
       [
        34.3689578,
        30.9700901
       ],
       [
        34.3681586,
        30.9696858
       ],
       [
        34.3673211,
        30.9693439
       ],
       [
        34.3664518,
        30.9690671
       ],
       [
        34.3655576,
        30.9688576
       ],
       [
        34.3646453,
        30.968717
       ],
       [
        34.3637222,
        30.9686464
       ],
       [
        34.3627955,
        30.9686464
       ],
       [
        34.3618724,
        30.968717
       ],
       [
        34.3609602,
        30.9688576
       ],
       [
        34.3600659,
        30.9690671
       ],
       [
        34.3591967,
        30.9693439
       ],
       [
        34.3583592,
        30.9696858
       ],
       [
        34.35756,
        30.9700901
       ],
       [
        34.3568054,
        30.9705537
       ],
       [
        34.3561014,
        30.971073
       ],
       [
        34.3554533,
        30.9716438
       ],
       [
        34.3548663,
        30.9722618
       ],
       [
        34.354345,
        30.972922
       ],
       [
        34.3538935,
        30.9736193
       ],
       [
        34.3535152,
        30.9743483
       ],
       [
        34.3532132,
        30.9751033
       ],
       [
        34.3529898,
        30.9758783
       ],
       [
        34.3528467,
        30.9766673
       ],
       [
        34.3527852,
        30.9774641
       ],
       [
        34.3528056,
        30.9782624
       ],
       [
        34.3529078,
        30.9790561
       ],
       [
        34.353091,
        30.9798389
       ],
       [
        34.3533539,
        30.9806047
       ],
       [
        34.3536942,
        30.9813474
       ],
       [
        34.3541094,
        30.9820613
       ],
       [
        34.3545963,
        30.9827409
       ],
       [
        34.3551509,
        30.9833806
       ],
       [
        34.355769,
        30.9839757
       ],
       [
        34.3564458,
        30.9845213
       ],
       [
        34.3571758,
        30.9850133
       ],
       [
        34.3579535,
        30.9854478
       ],
       [
        34.3587728,
        30.9858213
       ],
       [
        34.3596271,
        30.986131
       ],
       [
        34.3605099,
        30.9863744
       ],
       [
        34.3614142,
        30.9865497
       ],
       [
        34.3623329,
        30.9866554
       ],
       [
        34.3632589,
        30.9866907
       ]
      ]
     ]
    ],
    "type": "MultiPolygon"
   }
  },
  {
   "type": "Feature",
   "properties": {
    "code": "LLP3001",
    "nameHe": "חלמיש",
    "nameEn": "Halamish",
    "zoneTypeCode": "AIP_PROHIBITED",
    "floorAmslFt": 0,
    "ceilingAmslFt": 3400,
    "aglCeilingFt": null,
    "notes": "not in א'-17 appendix ב' — source: gdb only (A17 flag null) | gdb editor stamp: ILANS 2020-09-22T00:00:00.000"
   },
   "geometry": {
    "coordinates": [
     [
      [
       [
        35.1333333,
        32.0206918
       ],
       [
        35.1342696,
        32.0206564
       ],
       [
        35.1351985,
        32.0205507
       ],
       [
        35.1361128,
        32.0203755
       ],
       [
        35.1370053,
        32.0201321
       ],
       [
        35.1378691,
        32.0198225
       ],
       [
        35.1386974,
        32.019449
       ],
       [
        35.1394837,
        32.0190146
       ],
       [
        35.1402218,
        32.0185227
       ],
       [
        35.1409061,
        32.0179772
       ],
       [
        35.141531,
        32.0173822
       ],
       [
        35.1420918,
        32.0167425
       ],
       [
        35.142584,
        32.0160631
       ],
       [
        35.1430038,
        32.0153493
       ],
       [
        35.1433479,
        32.0146066
       ],
       [
        35.1436137,
        32.013841
       ],
       [
        35.1437989,
        32.0130583
       ],
       [
        35.1439023,
        32.0122648
       ],
       [
        35.1439229,
        32.0114666
       ],
       [
        35.1438607,
        32.0106699
       ],
       [
        35.1437161,
        32.0098811
       ],
       [
        35.1434902,
        32.0091062
       ],
       [
        35.1431848,
        32.0083513
       ],
       [
        35.1428024,
        32.0076225
       ],
       [
        35.1423458,
        32.0069252
       ],
       [
        35.1418187,
        32.0062651
       ],
       [
        35.1412252,
        32.0056473
       ],
       [
        35.14057,
        32.0050765
       ],
       [
        35.1398582,
        32.0045574
       ],
       [
        35.1390952,
        32.0040938
       ],
       [
        35.1382872,
        32.0036896
       ],
       [
        35.1374405,
        32.0033477
       ],
       [
        35.1365616,
        32.003071
       ],
       [
        35.1356575,
        32.0028615
       ],
       [
        35.1347351,
        32.002721
       ],
       [
        35.1338018,
        32.0026504
       ],
       [
        35.1328648,
        32.0026504
       ],
       [
        35.1319315,
        32.002721
       ],
       [
        35.1310092,
        32.0028615
       ],
       [
        35.1301051,
        32.003071
       ],
       [
        35.1292262,
        32.0033477
       ],
       [
        35.1283794,
        32.0036896
       ],
       [
        35.1275714,
        32.0040938
       ],
       [
        35.1268085,
        32.0045574
       ],
       [
        35.1260967,
        32.0050765
       ],
       [
        35.1254414,
        32.0056473
       ],
       [
        35.1248479,
        32.0062651
       ],
       [
        35.1243209,
        32.0069252
       ],
       [
        35.1238643,
        32.0076225
       ],
       [
        35.1234818,
        32.0083513
       ],
       [
        35.1231765,
        32.0091062
       ],
       [
        35.1229506,
        32.0098811
       ],
       [
        35.122806,
        32.0106699
       ],
       [
        35.1227437,
        32.0114666
       ],
       [
        35.1227644,
        32.0122648
       ],
       [
        35.1228677,
        32.0130583
       ],
       [
        35.123053,
        32.013841
       ],
       [
        35.1233187,
        32.0146067
       ],
       [
        35.1236628,
        32.0153493
       ],
       [
        35.1240826,
        32.0160631
       ],
       [
        35.1245749,
        32.0167425
       ],
       [
        35.1251356,
        32.0173822
       ],
       [
        35.1257606,
        32.0179772
       ],
       [
        35.1264448,
        32.0185227
       ],
       [
        35.127183,
        32.0190146
       ],
       [
        35.1279693,
        32.019449
       ],
       [
        35.1287976,
        32.0198225
       ],
       [
        35.1296613,
        32.0201321
       ],
       [
        35.1305539,
        32.0203755
       ],
       [
        35.1314682,
        32.0205507
       ],
       [
        35.1323971,
        32.0206564
       ],
       [
        35.1333333,
        32.0206918
       ]
      ]
     ]
    ],
    "type": "MultiPolygon"
   }
  },
  {
   "type": "Feature",
   "properties": {
    "code": "LLP3002",
    "nameHe": "רצועת עזה",
    "nameEn": "Gaza Strip",
    "zoneTypeCode": "AIP_PROHIBITED",
    "floorAmslFt": 0,
    "ceilingAmslFt": 2700,
    "aglCeilingFt": null,
    "notes": "not in א'-17 appendix ב' — source: gdb only (A17 flag null) | gdb editor stamp: ILANS 2020-09-22T00:00:00.000"
   },
   "geometry": {
    "coordinates": [
     [
      [
       [
        34.5463889,
        31.5679146
       ],
       [
        34.5473206,
        31.5678793
       ],
       [
        34.548245,
        31.5677736
       ],
       [
        34.5491548,
        31.5675984
       ],
       [
        34.550043,
        31.567355
       ],
       [
        34.5509026,
        31.5670453
       ],
       [
        34.5517269,
        31.5666718
       ],
       [
        34.5525093,
        31.5662374
       ],
       [
        34.5532439,
        31.5657454
       ],
       [
        34.5539248,
        31.5651998
       ],
       [
        34.5545467,
        31.5646048
       ],
       [
        34.5551048,
        31.5639651
       ],
       [
        34.5555946,
        31.5632856
       ],
       [
        34.5560124,
        31.5625718
       ],
       [
        34.5563548,
        31.5618291
       ],
       [
        34.5566193,
        31.5610634
       ],
       [
        34.5568036,
        31.5602807
       ],
       [
        34.5569065,
        31.5594871
       ],
       [
        34.556927,
        31.5586888
       ],
       [
        34.5568651,
        31.5578921
       ],
       [
        34.5567212,
        31.5571032
       ],
       [
        34.5564964,
        31.5563282
       ],
       [
        34.5561925,
        31.5555733
       ],
       [
        34.5558119,
        31.5548444
       ],
       [
        34.5553576,
        31.5541471
       ],
       [
        34.554833,
        31.553487
       ],
       [
        34.5542424,
        31.5528691
       ],
       [
        34.5535904,
        31.5522983
       ],
       [
        34.552882,
        31.5517791
       ],
       [
        34.5521228,
        31.5513155
       ],
       [
        34.5513187,
        31.5509112
       ],
       [
        34.5504761,
        31.5505694
       ],
       [
        34.5496015,
        31.5502926
       ],
       [
        34.5487017,
        31.5500831
       ],
       [
        34.5477839,
        31.5499425
       ],
       [
        34.5468551,
        31.549872
       ],
       [
        34.5459227,
        31.549872
       ],
       [
        34.5449939,
        31.5499425
       ],
       [
        34.5440761,
        31.5500831
       ],
       [
        34.5431763,
        31.5502926
       ],
       [
        34.5423017,
        31.5505694
       ],
       [
        34.541459,
        31.5509112
       ],
       [
        34.540655,
        31.5513155
       ],
       [
        34.5398958,
        31.5517791
       ],
       [
        34.5391874,
        31.5522983
       ],
       [
        34.5385353,
        31.5528691
       ],
       [
        34.5379447,
        31.553487
       ],
       [
        34.5374202,
        31.5541471
       ],
       [
        34.5369659,
        31.5548444
       ],
       [
        34.5365853,
        31.5555733
       ],
       [
        34.5362814,
        31.5563282
       ],
       [
        34.5360566,
        31.5571032
       ],
       [
        34.5359127,
        31.5578921
       ],
       [
        34.5358508,
        31.5586888
       ],
       [
        34.5358713,
        31.5594871
       ],
       [
        34.5359742,
        31.5602807
       ],
       [
        34.5361585,
        31.5610634
       ],
       [
        34.536423,
        31.5618291
       ],
       [
        34.5367654,
        31.5625718
       ],
       [
        34.5371832,
        31.5632856
       ],
       [
        34.537673,
        31.5639651
       ],
       [
        34.5382311,
        31.5646048
       ],
       [
        34.538853,
        31.5651998
       ],
       [
        34.5395339,
        31.5657454
       ],
       [
        34.5402684,
        31.5662374
       ],
       [
        34.5410509,
        31.5666718
       ],
       [
        34.5418752,
        31.5670453
       ],
       [
        34.5427348,
        31.567355
       ],
       [
        34.543623,
        31.5675984
       ],
       [
        34.5445328,
        31.5677736
       ],
       [
        34.5454572,
        31.5678793
       ],
       [
        34.5463889,
        31.5679146
       ]
      ]
     ]
    ],
    "type": "MultiPolygon"
   }
  },
  {
   "type": "Feature",
   "properties": {
    "code": "LLP3003",
    "nameHe": "רצועת עזה",
    "nameEn": "Gaza Strip",
    "zoneTypeCode": "AIP_PROHIBITED",
    "floorAmslFt": 0,
    "ceilingAmslFt": 2400,
    "aglCeilingFt": null,
    "notes": "not in א'-17 appendix ב' — source: gdb only (A17 flag null) | gdb editor stamp: ILANS 2020-09-22T00:00:00.000"
   },
   "geometry": {
    "coordinates": [
     [
      [
       [
        34.4708333,
        31.4595814
       ],
       [
        34.4717639,
        31.4595461
       ],
       [
        34.4726873,
        31.4594404
       ],
       [
        34.4735961,
        31.4592652
       ],
       [
        34.4744832,
        31.4590218
       ],
       [
        34.4753419,
        31.4587121
       ],
       [
        34.4761652,
        31.4583386
       ],
       [
        34.4769467,
        31.4579042
       ],
       [
        34.4776804,
        31.4574122
       ],
       [
        34.4783606,
        31.4568666
       ],
       [
        34.4789818,
        31.4562716
       ],
       [
        34.4795392,
        31.4556319
       ],
       [
        34.4800284,
        31.4549524
       ],
       [
        34.4804457,
        31.4542385
       ],
       [
        34.4807878,
        31.4534958
       ],
       [
        34.4810519,
        31.4527301
       ],
       [
        34.4812361,
        31.4519474
       ],
       [
        34.4813388,
        31.4511537
       ],
       [
        34.4813593,
        31.4503554
       ],
       [
        34.4812975,
        31.4495587
       ],
       [
        34.4811537,
        31.4487698
       ],
       [
        34.4809292,
        31.4479949
       ],
       [
        34.4806256,
        31.44724
       ],
       [
        34.4802455,
        31.446511
       ],
       [
        34.4797917,
        31.4458137
       ],
       [
        34.4792678,
        31.4451535
       ],
       [
        34.4786778,
        31.4445356
       ],
       [
        34.4780265,
        31.4439648
       ],
       [
        34.477319,
        31.4434456
       ],
       [
        34.4765606,
        31.4429821
       ],
       [
        34.4757575,
        31.4425777
       ],
       [
        34.4749158,
        31.4422359
       ],
       [
        34.4740422,
        31.4419591
       ],
       [
        34.4731435,
        31.4417496
       ],
       [
        34.4722267,
        31.4416091
       ],
       [
        34.471299,
        31.4415385
       ],
       [
        34.4703677,
        31.4415385
       ],
       [
        34.46944,
        31.4416091
       ],
       [
        34.4685232,
        31.4417496
       ],
       [
        34.4676245,
        31.4419591
       ],
       [
        34.4667508,
        31.4422359
       ],
       [
        34.4659092,
        31.4425777
       ],
       [
        34.465106,
        31.442982
       ],
       [
        34.4643477,
        31.4434456
       ],
       [
        34.4636401,
        31.4439648
       ],
       [
        34.4629888,
        31.4445356
       ],
       [
        34.4623989,
        31.4451535
       ],
       [
        34.461875,
        31.4458137
       ],
       [
        34.4614212,
        31.446511
       ],
       [
        34.461041,
        31.44724
       ],
       [
        34.4607375,
        31.4479949
       ],
       [
        34.460513,
        31.4487698
       ],
       [
        34.4603692,
        31.4495587
       ],
       [
        34.4603073,
        31.4503554
       ],
       [
        34.4603279,
        31.4511537
       ],
       [
        34.4604306,
        31.4519474
       ],
       [
        34.4606148,
        31.4527301
       ],
       [
        34.4608789,
        31.4534958
       ],
       [
        34.4612209,
        31.4542385
       ],
       [
        34.4616382,
        31.4549524
       ],
       [
        34.4621275,
        31.4556319
       ],
       [
        34.4626849,
        31.4562716
       ],
       [
        34.4633061,
        31.4568666
       ],
       [
        34.4639862,
        31.4574122
       ],
       [
        34.4647199,
        31.4579042
       ],
       [
        34.4655015,
        31.4583386
       ],
       [
        34.4663248,
        31.4587121
       ],
       [
        34.4671834,
        31.4590218
       ],
       [
        34.4680706,
        31.4592652
       ],
       [
        34.4689794,
        31.4594404
       ],
       [
        34.4699027,
        31.4595461
       ],
       [
        34.4708333,
        31.4595814
       ]
      ]
     ]
    ],
    "type": "MultiPolygon"
   }
  },
  {
   "type": "Feature",
   "properties": {
    "code": "LLP3004",
    "nameHe": "רצועת עזה",
    "nameEn": "Gaza Strip",
    "zoneTypeCode": "AIP_PROHIBITED",
    "floorAmslFt": 0,
    "ceilingAmslFt": 2800,
    "aglCeilingFt": null,
    "notes": "not in א'-17 appendix ב' — source: gdb only (A17 flag null) | gdb editor stamp: ILANS 2020-09-22T00:00:00.000"
   },
   "geometry": {
    "coordinates": [
     [
      [
       [
        34.2813889,
        31.2173596
       ],
       [
        34.2823171,
        31.2173242
       ],
       [
        34.2832381,
        31.2172185
       ],
       [
        34.2841446,
        31.2170433
       ],
       [
        34.2850295,
        31.2167999
       ],
       [
        34.2858859,
        31.2164902
       ],
       [
        34.2867071,
        31.2161167
       ],
       [
        34.2874866,
        31.2156822
       ],
       [
        34.2882185,
        31.2151903
       ],
       [
        34.2888969,
        31.2146446
       ],
       [
        34.2895165,
        31.2140496
       ],
       [
        34.2900725,
        31.2134098
       ],
       [
        34.2905605,
        31.2127303
       ],
       [
        34.2909767,
        31.2120164
       ],
       [
        34.2913179,
        31.2112737
       ],
       [
        34.2915813,
        31.210508
       ],
       [
        34.291765,
        31.2097252
       ],
       [
        34.2918675,
        31.2089316
       ],
       [
        34.2918879,
        31.2081332
       ],
       [
        34.2918262,
        31.2073365
       ],
       [
        34.2916829,
        31.2065475
       ],
       [
        34.2914589,
        31.2057725
       ],
       [
        34.2911562,
        31.2050176
       ],
       [
        34.290777,
        31.2042886
       ],
       [
        34.2903243,
        31.2035913
       ],
       [
        34.2898017,
        31.2029311
       ],
       [
        34.2892133,
        31.2023132
       ],
       [
        34.2885637,
        31.2017424
       ],
       [
        34.2878579,
        31.2012231
       ],
       [
        34.2871015,
        31.2007595
       ],
       [
        34.2863005,
        31.2003552
       ],
       [
        34.2854609,
        31.2000133
       ],
       [
        34.2845896,
        31.1997366
       ],
       [
        34.2836931,
        31.1995271
       ],
       [
        34.2827787,
        31.1993865
       ],
       [
        34.2818534,
        31.1993159
       ],
       [
        34.2809244,
        31.1993159
       ],
       [
        34.2799991,
        31.1993865
       ],
       [
        34.2790846,
        31.1995271
       ],
       [
        34.2781882,
        31.1997366
       ],
       [
        34.2773168,
        31.2000133
       ],
       [
        34.2764773,
        31.2003552
       ],
       [
        34.2756762,
        31.2007595
       ],
       [
        34.2749198,
        31.2012231
       ],
       [
        34.2742141,
        31.2017424
       ],
       [
        34.2735644,
        31.2023132
       ],
       [
        34.272976,
        31.2029311
       ],
       [
        34.2724535,
        31.2035913
       ],
       [
        34.2720008,
        31.2042886
       ],
       [
        34.2716216,
        31.2050176
       ],
       [
        34.2713189,
        31.2057725
       ],
       [
        34.2710949,
        31.2065475
       ],
       [
        34.2709515,
        31.2073365
       ],
       [
        34.2708898,
        31.2081332
       ],
       [
        34.2709103,
        31.2089316
       ],
       [
        34.2710128,
        31.2097252
       ],
       [
        34.2711964,
        31.210508
       ],
       [
        34.2714599,
        31.2112737
       ],
       [
        34.2718011,
        31.2120164
       ],
       [
        34.2722173,
        31.2127303
       ],
       [
        34.2727053,
        31.2134098
       ],
       [
        34.2732613,
        31.2140496
       ],
       [
        34.2738809,
        31.2146446
       ],
       [
        34.2745593,
        31.2151903
       ],
       [
        34.2752911,
        31.2156822
       ],
       [
        34.2760707,
        31.2161167
       ],
       [
        34.2768919,
        31.2164902
       ],
       [
        34.2777483,
        31.2167999
       ],
       [
        34.2786332,
        31.2170433
       ],
       [
        34.2795397,
        31.2172185
       ],
       [
        34.2804607,
        31.2173242
       ],
       [
        34.2813889,
        31.2173596
       ]
      ]
     ]
    ],
    "type": "MultiPolygon"
   }
  },
  {
   "type": "Feature",
   "properties": {
    "code": "LLP3005",
    "nameHe": "רצועת עזה",
    "nameEn": "Gaza Strip",
    "zoneTypeCode": "AIP_PROHIBITED",
    "floorAmslFt": 0,
    "ceilingAmslFt": 2800,
    "aglCeilingFt": null,
    "notes": "not in א'-17 appendix ב' — source: gdb only (A17 flag null) | gdb editor stamp: ILANS 2020-09-22T00:00:00.000"
   },
   "geometry": {
    "coordinates": [
     [
      [
       [
        34.3358333,
        31.2495817
       ],
       [
        34.3367619,
        31.2495464
       ],
       [
        34.3376831,
        31.2494407
       ],
       [
        34.3385899,
        31.2492655
       ],
       [
        34.3394751,
        31.2490221
       ],
       [
        34.3403318,
        31.2487124
       ],
       [
        34.3411533,
        31.2483389
       ],
       [
        34.3419332,
        31.2479044
       ],
       [
        34.3426653,
        31.2474124
       ],
       [
        34.3433439,
        31.2468668
       ],
       [
        34.3439637,
        31.2462718
       ],
       [
        34.3445198,
        31.245632
       ],
       [
        34.345008,
        31.2449525
       ],
       [
        34.3454244,
        31.2442386
       ],
       [
        34.3457657,
        31.2434959
       ],
       [
        34.3460292,
        31.2427302
       ],
       [
        34.346213,
        31.2419474
       ],
       [
        34.3463155,
        31.2411538
       ],
       [
        34.346336,
        31.2403554
       ],
       [
        34.3462742,
        31.2395587
       ],
       [
        34.3461308,
        31.2387697
       ],
       [
        34.3459068,
        31.2379948
       ],
       [
        34.3456039,
        31.2372398
       ],
       [
        34.3452246,
        31.2365109
       ],
       [
        34.3447718,
        31.2358136
       ],
       [
        34.344249,
        31.2351534
       ],
       [
        34.3436604,
        31.2345354
       ],
       [
        34.3430106,
        31.2339646
       ],
       [
        34.3423046,
        31.2334454
       ],
       [
        34.3415479,
        31.2329818
       ],
       [
        34.3407466,
        31.2325775
       ],
       [
        34.3399068,
        31.2322356
       ],
       [
        34.3390351,
        31.2319588
       ],
       [
        34.3381384,
        31.2317493
       ],
       [
        34.3372236,
        31.2316088
       ],
       [
        34.336298,
        31.2315382
       ],
       [
        34.3353687,
        31.2315382
       ],
       [
        34.3344431,
        31.2316088
       ],
       [
        34.3335283,
        31.2317493
       ],
       [
        34.3326316,
        31.2319588
       ],
       [
        34.3317599,
        31.2322356
       ],
       [
        34.3309201,
        31.2325775
       ],
       [
        34.3301187,
        31.2329818
       ],
       [
        34.3293621,
        31.2334454
       ],
       [
        34.3286561,
        31.2339646
       ],
       [
        34.3280062,
        31.2345354
       ],
       [
        34.3274176,
        31.2351534
       ],
       [
        34.3268949,
        31.2358136
       ],
       [
        34.3264421,
        31.2365109
       ],
       [
        34.3260627,
        31.2372398
       ],
       [
        34.3257599,
        31.2379948
       ],
       [
        34.3255359,
        31.2387697
       ],
       [
        34.3253924,
        31.2395587
       ],
       [
        34.3253307,
        31.2403554
       ],
       [
        34.3253512,
        31.2411538
       ],
       [
        34.3254537,
        31.2419474
       ],
       [
        34.3256374,
        31.2427302
       ],
       [
        34.325901,
        31.2434959
       ],
       [
        34.3262423,
        31.2442386
       ],
       [
        34.3266586,
        31.2449525
       ],
       [
        34.3271468,
        31.245632
       ],
       [
        34.327703,
        31.2462718
       ],
       [
        34.3283228,
        31.2468668
       ],
       [
        34.3290014,
        31.2474124
       ],
       [
        34.3297335,
        31.2479044
       ],
       [
        34.3305133,
        31.2483389
       ],
       [
        34.3313348,
        31.2487124
       ],
       [
        34.3321915,
        31.2490221
       ],
       [
        34.3330767,
        31.2492655
       ],
       [
        34.3339835,
        31.2494407
       ],
       [
        34.3349048,
        31.2495464
       ],
       [
        34.3358333,
        31.2495817
       ]
      ]
     ]
    ],
    "type": "MultiPolygon"
   }
  },
  {
   "type": "Feature",
   "properties": {
    "code": "LLP3006",
    "nameHe": "רצועת עזה",
    "nameEn": "Gaza Strip",
    "zoneTypeCode": "AIP_PROHIBITED",
    "floorAmslFt": 0,
    "ceilingAmslFt": 2400,
    "aglCeilingFt": null,
    "notes": "not in א'-17 appendix ב' — source: gdb only (A17 flag null) | gdb editor stamp: ILANS 2020-09-22T00:00:00.000"
   },
   "geometry": {
    "coordinates": [
     [
      [
       [
        34.5027778,
        31.4879147
       ],
       [
        34.5037087,
        31.4878794
       ],
       [
        34.5046323,
        31.4877737
       ],
       [
        34.5055413,
        31.4875985
       ],
       [
        34.5064288,
        31.4873551
       ],
       [
        34.5072877,
        31.4870454
       ],
       [
        34.5081112,
        31.4866719
       ],
       [
        34.508893,
        31.4862375
       ],
       [
        34.509627,
        31.4857455
       ],
       [
        34.5103073,
        31.4851999
       ],
       [
        34.5109287,
        31.4846049
       ],
       [
        34.5114862,
        31.4839652
       ],
       [
        34.5119756,
        31.4832857
       ],
       [
        34.5123931,
        31.4825718
       ],
       [
        34.5127352,
        31.4818291
       ],
       [
        34.5129994,
        31.4810634
       ],
       [
        34.5131836,
        31.4802807
       ],
       [
        34.5132864,
        31.4794871
       ],
       [
        34.5133069,
        31.4786888
       ],
       [
        34.513245,
        31.4778921
       ],
       [
        34.5131012,
        31.4771031
       ],
       [
        34.5128767,
        31.4763282
       ],
       [
        34.512573,
        31.4755733
       ],
       [
        34.5121928,
        31.4748444
       ],
       [
        34.5117388,
        31.4741471
       ],
       [
        34.5112147,
        31.4734869
       ],
       [
        34.5106246,
        31.472869
       ],
       [
        34.5099732,
        31.4722982
       ],
       [
        34.5092654,
        31.471779
       ],
       [
        34.5085068,
        31.4713154
       ],
       [
        34.5077034,
        31.4709111
       ],
       [
        34.5068615,
        31.4705693
       ],
       [
        34.5059876,
        31.4702925
       ],
       [
        34.5050886,
        31.470083
       ],
       [
        34.5041716,
        31.4699424
       ],
       [
        34.5032436,
        31.4698719
       ],
       [
        34.502312,
        31.4698719
       ],
       [
        34.501384,
        31.4699424
       ],
       [
        34.5004669,
        31.470083
       ],
       [
        34.4995679,
        31.4702925
       ],
       [
        34.4986941,
        31.4705692
       ],
       [
        34.4978521,
        31.4709111
       ],
       [
        34.4970487,
        31.4713154
       ],
       [
        34.4962902,
        31.471779
       ],
       [
        34.4955824,
        31.4722982
       ],
       [
        34.4949309,
        31.472869
       ],
       [
        34.4943408,
        31.4734869
       ],
       [
        34.4938167,
        31.4741471
       ],
       [
        34.4933628,
        31.4748444
       ],
       [
        34.4929825,
        31.4755733
       ],
       [
        34.4926789,
        31.4763282
       ],
       [
        34.4924543,
        31.4771031
       ],
       [
        34.4923105,
        31.4778921
       ],
       [
        34.4922486,
        31.4786888
       ],
       [
        34.4922691,
        31.4794871
       ],
       [
        34.4923719,
        31.4802807
       ],
       [
        34.4925561,
        31.4810634
       ],
       [
        34.4928203,
        31.4818291
       ],
       [
        34.4931625,
        31.4825718
       ],
       [
        34.4935799,
        31.4832857
       ],
       [
        34.4940693,
        31.4839652
       ],
       [
        34.4946269,
        31.4846049
       ],
       [
        34.4952483,
        31.4851999
       ],
       [
        34.4959286,
        31.4857455
       ],
       [
        34.4966625,
        31.4862375
       ],
       [
        34.4974443,
        31.4866719
       ],
       [
        34.4982679,
        31.4870454
       ],
       [
        34.4991268,
        31.4873551
       ],
       [
        34.5000142,
        31.4875985
       ],
       [
        34.5009233,
        31.4877737
       ],
       [
        34.5018469,
        31.4878794
       ],
       [
        34.5027778,
        31.4879147
       ]
      ]
     ]
    ],
    "type": "MultiPolygon"
   }
  },
  {
   "type": "Feature",
   "properties": {
    "code": "LLP3007",
    "nameHe": "רצועת עזה",
    "nameEn": "Gaza Strip",
    "zoneTypeCode": "AIP_PROHIBITED",
    "floorAmslFt": 0,
    "ceilingAmslFt": 2500,
    "aglCeilingFt": null,
    "notes": "not in א'-17 appendix ב' — source: gdb only (A17 flag null) | gdb editor stamp: ILANS 2020-09-22T00:00:00.000"
   },
   "geometry": {
    "coordinates": [
     [
      [
       [
        34.3913889,
        31.3762482
       ],
       [
        34.3923187,
        31.3762129
       ],
       [
        34.3932412,
        31.3761072
       ],
       [
        34.3941492,
        31.375932
       ],
       [
        34.3950356,
        31.3756886
       ],
       [
        34.3958934,
        31.3753789
       ],
       [
        34.396716,
        31.3750054
       ],
       [
        34.3974969,
        31.3745709
       ],
       [
        34.39823,
        31.374079
       ],
       [
        34.3989095,
        31.3735334
       ],
       [
        34.3995301,
        31.3729383
       ],
       [
        34.400087,
        31.3722986
       ],
       [
        34.4005759,
        31.3716191
       ],
       [
        34.4009928,
        31.3709052
       ],
       [
        34.4013345,
        31.3701625
       ],
       [
        34.4015984,
        31.3693968
       ],
       [
        34.4017824,
        31.3686141
       ],
       [
        34.4018851,
        31.3678204
       ],
       [
        34.4019056,
        31.3670221
       ],
       [
        34.4018438,
        31.3662254
       ],
       [
        34.4017001,
        31.3654364
       ],
       [
        34.4014758,
        31.3646615
       ],
       [
        34.4011725,
        31.3639066
       ],
       [
        34.4007927,
        31.3631776
       ],
       [
        34.4003393,
        31.3624803
       ],
       [
        34.3998159,
        31.3618201
       ],
       [
        34.3992265,
        31.3612022
       ],
       [
        34.3985757,
        31.3606314
       ],
       [
        34.3978688,
        31.3601122
       ],
       [
        34.3971111,
        31.3596486
       ],
       [
        34.3963087,
        31.3592443
       ],
       [
        34.3954678,
        31.3589024
       ],
       [
        34.3945949,
        31.3586257
       ],
       [
        34.393697,
        31.3584162
       ],
       [
        34.392781,
        31.3582756
       ],
       [
        34.3918541,
        31.358205
       ],
       [
        34.3909236,
        31.358205
       ],
       [
        34.3899968,
        31.3582756
       ],
       [
        34.3890808,
        31.3584162
       ],
       [
        34.3881828,
        31.3586257
       ],
       [
        34.38731,
        31.3589024
       ],
       [
        34.3864691,
        31.3592443
       ],
       [
        34.3856666,
        31.3596486
       ],
       [
        34.384909,
        31.3601122
       ],
       [
        34.384202,
        31.3606314
       ],
       [
        34.3835513,
        31.3612022
       ],
       [
        34.3829619,
        31.3618201
       ],
       [
        34.3824385,
        31.3624803
       ],
       [
        34.3819851,
        31.3631776
       ],
       [
        34.3816052,
        31.3639066
       ],
       [
        34.381302,
        31.3646615
       ],
       [
        34.3810776,
        31.3654364
       ],
       [
        34.380934,
        31.3662254
       ],
       [
        34.3808722,
        31.3670221
       ],
       [
        34.3808927,
        31.3678204
       ],
       [
        34.3809953,
        31.3686141
       ],
       [
        34.3811793,
        31.3693968
       ],
       [
        34.3814432,
        31.3701625
       ],
       [
        34.381785,
        31.3709052
       ],
       [
        34.3822019,
        31.3716191
       ],
       [
        34.3826907,
        31.3722986
       ],
       [
        34.3832477,
        31.3729383
       ],
       [
        34.3838683,
        31.3735334
       ],
       [
        34.3845478,
        31.374079
       ],
       [
        34.3852809,
        31.3745709
       ],
       [
        34.3860618,
        31.3750054
       ],
       [
        34.3868844,
        31.3753789
       ],
       [
        34.3877422,
        31.3756886
       ],
       [
        34.3886286,
        31.375932
       ],
       [
        34.3895366,
        31.3761072
       ],
       [
        34.3904591,
        31.3762129
       ],
       [
        34.3913889,
        31.3762482
       ]
      ]
     ]
    ],
    "type": "MultiPolygon"
   }
  },
  {
   "type": "Feature",
   "properties": {
    "code": "LLP31",
    "nameHe": "באר יעקב",
    "nameEn": "Beer-Yaacov",
    "zoneTypeCode": "AIP_PROHIBITED",
    "floorAmslFt": 0,
    "ceilingAmslFt": 3000,
    "aglCeilingFt": null,
    "notes": "not in א'-17 appendix ב' — source: gdb only (A17 flag X) | gdb editor stamp: AGL AVIATION 2016-07-06T20:46:37.000"
   },
   "geometry": {
    "coordinates": [
     [
      [
       [
        34.8418495,
        31.9252653
       ],
       [
        34.8418495,
        31.9252653
       ],
       [
        34.8418495,
        31.9252653
       ],
       [
        34.8418494,
        31.9252653
       ],
       [
        34.830824,
        31.9277128
       ],
       [
        34.830824,
        31.9277128
       ],
       [
        34.830824,
        31.9277128
       ],
       [
        34.830824,
        31.9277128
       ],
       [
        34.830824,
        31.9277128
       ],
       [
        34.830824,
        31.9277129
       ],
       [
        34.8329156,
        31.9308167
       ],
       [
        34.8329157,
        31.9308168
       ],
       [
        34.8329157,
        31.9308168
       ],
       [
        34.8329157,
        31.9308168
       ],
       [
        34.8329158,
        31.9308168
       ],
       [
        34.8431056,
        31.9287602
       ],
       [
        34.8431057,
        31.9287602
       ],
       [
        34.8431057,
        31.9287601
       ],
       [
        34.8431057,
        31.9287601
       ],
       [
        34.8431057,
        31.9287601
       ],
       [
        34.8431057,
        31.9287601
       ],
       [
        34.8418496,
        31.9252654
       ],
       [
        34.8418496,
        31.9252654
       ],
       [
        34.8418495,
        31.9252653
       ]
      ]
     ]
    ],
    "type": "MultiPolygon"
   }
  },
  {
   "type": "Feature",
   "properties": {
    "code": "LLP32",
    "nameHe": "רמלה",
    "nameEn": "Ramle",
    "zoneTypeCode": "AIP_PROHIBITED",
    "floorAmslFt": 0,
    "ceilingAmslFt": 3000,
    "aglCeilingFt": null,
    "notes": "not in א'-17 appendix ב' — source: gdb only (A17 flag X) | gdb editor stamp: AGL AVIATION 2016-07-06T20:46:37.000"
   },
   "geometry": {
    "coordinates": [
     [
      [
       [
        34.8622383,
        31.9022585
       ],
       [
        34.8622383,
        31.9022585
       ],
       [
        34.8500339,
        31.9046919
       ],
       [
        34.8500338,
        31.9046919
       ],
       [
        34.8500338,
        31.9046919
       ],
       [
        34.8500338,
        31.904692
       ],
       [
        34.8500338,
        31.904692
       ],
       [
        34.8500338,
        31.904692
       ],
       [
        34.8500338,
        31.904692
       ],
       [
        34.8546376,
        31.9086524
       ],
       [
        34.8546377,
        31.9086525
       ],
       [
        34.863375,
        31.906825
       ],
       [
        34.863375,
        31.906825
       ],
       [
        34.8633751,
        31.906825
       ],
       [
        34.8633751,
        31.906825
       ],
       [
        34.8633751,
        31.906825
       ],
       [
        34.8633751,
        31.906825
       ],
       [
        34.8633751,
        31.906825
       ],
       [
        34.8633751,
        31.9068249
       ],
       [
        34.8633751,
        31.9068249
       ],
       [
        34.8622384,
        31.9022585
       ],
       [
        34.8622384,
        31.9022585
       ],
       [
        34.8622384,
        31.9022585
       ],
       [
        34.8622383,
        31.9022585
       ]
      ]
     ]
    ],
    "type": "MultiPolygon"
   }
  },
  {
   "type": "Feature",
   "properties": {
    "code": "LLP33",
    "nameHe": "סירקין",
    "nameEn": "Sirkin",
    "zoneTypeCode": "AIP_PROHIBITED",
    "floorAmslFt": 0,
    "ceilingAmslFt": 700,
    "aglCeilingFt": null,
    "notes": "not in א'-17 appendix ב' — source: gdb only (A17 flag V) | gdb editor stamp: ILANS 2017-06-07T15:37:10.000"
   },
   "geometry": {
    "coordinates": [
     [
      [
       [
        34.9143548,
        32.1037388
       ],
       [
        34.9146531,
        32.1037308
       ],
       [
        34.9149511,
        32.1037155
       ],
       [
        34.9152485,
        32.1036931
       ],
       [
        34.9155449,
        32.1036636
       ],
       [
        34.9158403,
        32.103627
       ],
       [
        34.9161344,
        32.1035833
       ],
       [
        34.9164269,
        32.1035326
       ],
       [
        34.9167176,
        32.1034749
       ],
       [
        34.9170063,
        32.1034103
       ],
       [
        34.9172927,
        32.1033387
       ],
       [
        34.9175766,
        32.1032603
       ],
       [
        34.9178579,
        32.1031752
       ],
       [
        34.9181362,
        32.1030833
       ],
       [
        34.9184113,
        32.1029848
       ],
       [
        34.9186831,
        32.1028797
       ],
       [
        34.9189513,
        32.1027682
       ],
       [
        34.9192157,
        32.1026502
       ],
       [
        34.9194761,
        32.102526
       ],
       [
        34.9197322,
        32.1023956
       ],
       [
        34.919984,
        32.102259
       ],
       [
        34.9202311,
        32.1021165
       ],
       [
        34.9204734,
        32.1019682
       ],
       [
        34.9207107,
        32.101814
       ],
       [
        34.9209428,
        32.1016543
       ],
       [
        34.9211696,
        32.101489
       ],
       [
        34.9213907,
        32.1013184
       ],
       [
        34.9216062,
        32.1011425
       ],
       [
        34.9218157,
        32.1009616
       ],
       [
        34.9220192,
        32.1007757
       ],
       [
        34.9222164,
        32.1005849
       ],
       [
        34.9224072,
        32.1003896
       ],
       [
        34.9225915,
        32.1001897
       ],
       [
        34.9227691,
        32.0999855
       ],
       [
        34.9229399,
        32.0997771
       ],
       [
        34.9231037,
        32.0995647
       ],
       [
        34.9232604,
        32.0993484
       ],
       [
        34.9234099,
        32.0991285
       ],
       [
        34.923552,
        32.0989051
       ],
       [
        34.9236867,
        32.0986784
       ],
       [
        34.9238139,
        32.0984485
       ],
       [
        34.9239333,
        32.0982156
       ],
       [
        34.9240451,
        32.09798
       ],
       [
        34.9241489,
        32.0977418
       ],
       [
        34.9242449,
        32.0975012
       ],
       [
        34.9243329,
        32.0972584
       ],
       [
        34.9244127,
        32.0970136
       ],
       [
        34.9244845,
        32.096767
       ],
       [
        34.9245481,
        32.0965188
       ],
       [
        34.9246034,
        32.0962691
       ],
       [
        34.9246504,
        32.0960182
       ],
       [
        34.9246891,
        32.0957662
       ],
       [
        34.9247195,
        32.0955135
       ],
       [
        34.9247415,
        32.0952601
       ],
       [
        34.9247551,
        32.0950063
       ],
       [
        34.9247602,
        32.0947522
       ],
       [
        34.924757,
        32.0944982
       ],
       [
        34.9247454,
        32.0942443
       ],
       [
        34.9247254,
        32.0939908
       ],
       [
        34.9246969,
        32.0937378
       ],
       [
        34.9246602,
        32.0934857
       ],
       [
        34.9246151,
        32.0932345
       ],
       [
        34.9245617,
        32.0929845
       ],
       [
        34.9245,
        32.0927359
       ],
       [
        34.9244302,
        32.0924889
       ],
       [
        34.9243522,
        32.0922437
       ],
       [
        34.9242661,
        32.0920004
       ],
       [
        34.924172,
        32.0917593
       ],
       [
        34.92407,
        32.0915205
       ],
       [
        34.9239601,
        32.0912843
       ],
       [
        34.9238424,
        32.0910508
       ],
       [
        34.9237171,
        32.0908202
       ],
       [
        34.9235841,
        32.0905927
       ],
       [
        34.9234437,
        32.0903685
       ],
       [
        34.923296,
        32.0901477
       ],
       [
        34.9231409,
        32.0899306
       ],
       [
        34.9229788,
        32.0897173
       ],
       [
        34.9228097,
        32.0895079
       ],
       [
        34.9226337,
        32.0893027
       ],
       [
        34.922451,
        32.0891018
       ],
       [
        34.9222617,
        32.0889054
       ],
       [
        34.922066,
        32.0887136
       ],
       [
        34.921864,
        32.0885265
       ],
       [
        34.9216559,
        32.0883444
       ],
       [
        34.9214419,
        32.0881673
       ],
       [
        34.9212221,
        32.0879954
       ],
       [
        34.9209967,
        32.0878289
       ],
       [
        34.9207658,
        32.0876678
       ],
       [
        34.9205298,
        32.0875124
       ],
       [
        34.9202886,
        32.0873626
       ],
       [
        34.9200427,
        32.0872187
       ],
       [
        34.919792,
        32.0870808
       ],
       [
        34.9195369,
        32.0869489
       ],
       [
        34.9192776,
        32.0868232
       ],
       [
        34.9190142,
        32.0867038
       ],
       [
        34.9187469,
        32.0865907
       ],
       [
        34.918476,
        32.0864841
       ],
       [
        34.9182017,
        32.086384
       ],
       [
        34.9179241,
        32.0862906
       ],
       [
        34.9176436,
        32.0862038
       ],
       [
        34.9173604,
        32.0861238
       ],
       [
        34.9170746,
        32.0860506
       ],
       [
        34.9167865,
        32.0859843
       ],
       [
        34.9164963,
        32.0859249
       ],
       [
        34.9162042,
        32.0858726
       ],
       [
        34.9159106,
        32.0858272
       ],
       [
        34.9156156,
        32.0857889
       ],
       [
        34.9153194,
        32.0857577
       ],
       [
        34.9150223,
        32.0857336
       ],
       [
        34.9147245,
        32.0857167
       ],
       [
        34.9144263,
        32.0857069
       ],
       [
        34.9141278,
        32.0857042
       ],
       [
        34.9138294,
        32.0857087
       ],
       [
        34.9135313,
        32.0857204
       ],
       [
        34.9132337,
        32.0857392
       ],
       [
        34.9129368,
        32.0857651
       ],
       [
        34.9126409,
        32.0857982
       ],
       [
        34.9123462,
        32.0858383
       ],
       [
        34.9120529,
        32.0858855
       ],
       [
        34.9117614,
        32.0859397
       ],
       [
        34.9114717,
        32.0860009
       ],
       [
        34.9111842,
        32.086069
       ],
       [
        34.910899,
        32.0861439
       ],
       [
        34.9106164,
        32.0862257
       ],
       [
        34.9103367,
        32.0863142
       ],
       [
        34.91006,
        32.0864094
       ],
       [
        34.9097865,
        32.0865112
       ],
       [
        34.9095165,
        32.0866195
       ],
       [
        34.9092502,
        32.0867342
       ],
       [
        34.9089879,
        32.0868553
       ],
       [
        34.9087296,
        32.0869826
       ],
       [
        34.9084756,
        32.0871161
       ],
       [
        34.9082262,
        32.0872556
       ],
       [
        34.9079815,
        32.087401
       ],
       [
        34.9077416,
        32.0875523
       ],
       [
        34.9075069,
        32.0877092
       ],
       [
        34.9072775,
        32.0878717
       ],
       [
        34.9070535,
        32.0880396
       ],
       [
        34.9068352,
        32.0882129
       ],
       [
        34.9066227,
        32.0883913
       ],
       [
        34.9064162,
        32.0885747
       ],
       [
        34.9062158,
        32.088763
       ],
       [
        34.9060217,
        32.088956
       ],
       [
        34.9058341,
        32.0891537
       ],
       [
        34.9056532,
        32.0893557
       ],
       [
        34.9054789,
        32.089562
       ],
       [
        34.9053116,
        32.0897724
       ],
       [
        34.9051513,
        32.0899867
       ],
       [
        34.9049982,
        32.0902048
       ],
       [
        34.9048523,
        32.0904265
       ],
       [
        34.9047138,
        32.0906516
       ],
       [
        34.9045829,
        32.0908799
       ],
       [
        34.9044595,
        32.0911112
       ],
       [
        34.9043439,
        32.0913455
       ],
       [
        34.904236,
        32.0915824
       ],
       [
        34.904136,
        32.0918218
       ],
       [
        34.904044,
        32.0920635
       ],
       [
        34.90396,
        32.0923073
       ],
       [
        34.9038841,
        32.0925531
       ],
       [
        34.9038164,
        32.0928005
       ],
       [
        34.9037569,
        32.0930495
       ],
       [
        34.9037057,
        32.0932998
       ],
       [
        34.9036627,
        32.0935512
       ],
       [
        34.9036281,
        32.0938036
       ],
       [
        34.9036019,
        32.0940567
       ],
       [
        34.9035841,
        32.0943103
       ],
       [
        34.9035746,
        32.0945643
       ],
       [
        34.9035736,
        32.0948184
       ],
       [
        34.903581,
        32.0950724
       ],
       [
        34.9035967,
        32.0953261
       ],
       [
        34.9036209,
        32.0955794
       ],
       [
        34.9036534,
        32.0958319
       ],
       [
        34.9036943,
        32.0960836
       ],
       [
        34.9037435,
        32.0963342
       ],
       [
        34.903801,
        32.0965835
       ],
       [
        34.9038667,
        32.0968314
       ],
       [
        34.9039406,
        32.0970776
       ],
       [
        34.9040226,
        32.0973219
       ],
       [
        34.9041126,
        32.0975641
       ],
       [
        34.9042106,
        32.0978041
       ],
       [
        34.9043166,
        32.0980417
       ],
       [
        34.9044303,
        32.0982766
       ],
       [
        34.9045518,
        32.0985086
       ],
       [
        34.9046809,
        32.0987377
       ],
       [
        34.9048176,
        32.0989636
       ],
       [
        34.9049617,
        32.0991861
       ],
       [
        34.905113,
        32.0994051
       ],
       [
        34.9052716,
        32.0996204
       ],
       [
        34.9054372,
        32.0998318
       ],
       [
        34.9056098,
        32.1000391
       ],
       [
        34.9057892,
        32.1002422
       ],
       [
        34.9059752,
        32.1004409
       ],
       [
        34.9061677,
        32.1006351
       ],
       [
        34.9063665,
        32.1008246
       ],
       [
        34.9065716,
        32.1010092
       ],
       [
        34.9067827,
        32.1011889
       ],
       [
        34.9069996,
        32.1013634
       ],
       [
        34.9072223,
        32.1015326
       ],
       [
        34.9074504,
        32.1016965
       ],
       [
        34.9076839,
        32.1018548
       ],
       [
        34.9079225,
        32.1020074
       ],
       [
        34.9081661,
        32.1021542
       ],
       [
        34.9084145,
        32.1022952
       ],
       [
        34.9086674,
        32.1024301
       ],
       [
        34.9089247,
        32.102559
       ],
       [
        34.9091861,
        32.1026816
       ],
       [
        34.9094515,
        32.1027979
       ],
       [
        34.9097207,
        32.1029077
       ],
       [
        34.9099934,
        32.1030111
       ],
       [
        34.9102694,
        32.1031079
       ],
       [
        34.9105485,
        32.103198
       ],
       [
        34.9108304,
        32.1032814
       ],
       [
        34.911115,
        32.103358
       ],
       [
        34.9114021,
        32.1034278
       ],
       [
        34.9116913,
        32.1034906
       ],
       [
        34.9119825,
        32.1035465
       ],
       [
        34.9122754,
        32.1035954
       ],
       [
        34.9125698,
        32.1036372
       ],
       [
        34.9128655,
        32.103672
       ],
       [
        34.9131623,
        32.1036996
       ],
       [
        34.9134598,
        32.1037202
       ],
       [
        34.9137579,
        32.1037336
       ],
       [
        34.9140563,
        32.1037398
       ],
       [
        34.9143548,
        32.1037388
       ]
      ]
     ]
    ],
    "type": "MultiPolygon"
   }
  },
  {
   "type": "Feature",
   "properties": {
    "code": "LLP39",
    "nameHe": "אשלים",
    "nameEn": "Ashalim",
    "zoneTypeCode": "AIP_PROHIBITED",
    "floorAmslFt": 0,
    "ceilingAmslFt": 4000,
    "aglCeilingFt": null,
    "notes": "gdb editor stamp: ILANS 2018-06-13T14:24:58.000"
   },
   "geometry": {
    "coordinates": [
     [
      [
       [
        34.71,
        30.9611667
       ],
       [
        34.7235,
        30.97
       ],
       [
        34.739,
        30.9761667
       ],
       [
        34.7498333,
        30.9651667
       ],
       [
        34.7498333,
        30.9613333
       ],
       [
        34.742,
        30.955
       ],
       [
        34.7175,
        30.9491667
       ],
       [
        34.714,
        30.9508333
       ],
       [
        34.71,
        30.9611667
       ]
      ]
     ]
    ],
    "type": "MultiPolygon"
   }
  },
  {
   "type": "Feature",
   "properties": {
    "code": "LLP40",
    "nameHe": "גולני",
    "nameEn": "GOLANI",
    "zoneTypeCode": "AIP_PROHIBITED",
    "floorAmslFt": 0,
    "ceilingAmslFt": 4000,
    "aglCeilingFt": null,
    "notes": "not in א'-17 appendix ב' — source: gdb only (A17 flag V) | gdb editor stamp: AMI 2020-03-26T00:00:00.000"
   },
   "geometry": {
    "coordinates": [
     [
      [
       [
        35.4247222,
        32.79396
       ],
       [
        35.4263653,
        32.7939239
       ],
       [
        35.4280039,
        32.7938159
       ],
       [
        35.4296337,
        32.7936361
       ],
       [
        35.4312503,
        32.7933851
       ],
       [
        35.4328492,
        32.7930636
       ],
       [
        35.4344262,
        32.7926723
       ],
       [
        35.435977,
        32.7922125
       ],
       [
        35.4374974,
        32.7916852
       ],
       [
        35.4389834,
        32.791092
       ],
       [
        35.4404309,
        32.7904345
       ],
       [
        35.441836,
        32.7897143
       ],
       [
        35.443195,
        32.7889335
       ],
       [
        35.4445041,
        32.7880941
       ],
       [
        35.4457599,
        32.7871985
       ],
       [
        35.4469589,
        32.786249
       ],
       [
        35.4480979,
        32.7852482
       ],
       [
        35.4491738,
        32.7841989
       ],
       [
        35.4501838,
        32.7831037
       ],
       [
        35.4511252,
        32.7819658
       ],
       [
        35.4519953,
        32.780788
       ],
       [
        35.4527918,
        32.7795738
       ],
       [
        35.4535127,
        32.7783262
       ],
       [
        35.4541559,
        32.7770487
       ],
       [
        35.4547197,
        32.7757447
       ],
       [
        35.4552027,
        32.7744178
       ],
       [
        35.4556034,
        32.7730714
       ],
       [
        35.4559209,
        32.7717093
       ],
       [
        35.4561543,
        32.7703351
       ],
       [
        35.4563029,
        32.7689525
       ],
       [
        35.4563664,
        32.7675653
       ],
       [
        35.4563446,
        32.7661772
       ],
       [
        35.4562375,
        32.7647919
       ],
       [
        35.4560455,
        32.7634131
       ],
       [
        35.4557691,
        32.7620446
       ],
       [
        35.4554089,
        32.7606901
       ],
       [
        35.4549661,
        32.7593533
       ],
       [
        35.4544417,
        32.7580376
       ],
       [
        35.4538373,
        32.7567467
       ],
       [
        35.4531544,
        32.755484
       ],
       [
        35.4523949,
        32.754253
       ],
       [
        35.4515608,
        32.753057
       ],
       [
        35.4506544,
        32.7518991
       ],
       [
        35.4496781,
        32.7507826
       ],
       [
        35.4486346,
        32.7497104
       ],
       [
        35.4475266,
        32.7486854
       ],
       [
        35.4463572,
        32.7477103
       ],
       [
        35.4451295,
        32.7467878
       ],
       [
        35.4438469,
        32.7459205
       ],
       [
        35.4425127,
        32.7451105
       ],
       [
        35.4411306,
        32.7443601
       ],
       [
        35.4397043,
        32.7436714
       ],
       [
        35.4382377,
        32.7430461
       ],
       [
        35.4367346,
        32.742486
       ],
       [
        35.4351992,
        32.7419926
       ],
       [
        35.4336356,
        32.7415671
       ],
       [
        35.4320479,
        32.7412108
       ],
       [
        35.4304406,
        32.7409246
       ],
       [
        35.4288178,
        32.7407093
       ],
       [
        35.427184,
        32.7405654
       ],
       [
        35.4255435,
        32.7404934
       ],
       [
        35.4239009,
        32.7404934
       ],
       [
        35.4222605,
        32.7405654
       ],
       [
        35.4206267,
        32.7407093
       ],
       [
        35.4190039,
        32.7409246
       ],
       [
        35.4173965,
        32.7412108
       ],
       [
        35.4158089,
        32.7415671
       ],
       [
        35.4142452,
        32.7419926
       ],
       [
        35.4127098,
        32.742486
       ],
       [
        35.4112068,
        32.7430461
       ],
       [
        35.4097401,
        32.7436714
       ],
       [
        35.4083138,
        32.7443601
       ],
       [
        35.4069317,
        32.7451105
       ],
       [
        35.4055975,
        32.7459205
       ],
       [
        35.4043149,
        32.7467878
       ],
       [
        35.4030872,
        32.7477103
       ],
       [
        35.4019178,
        32.7486854
       ],
       [
        35.4008099,
        32.7497104
       ],
       [
        35.3997664,
        32.7507826
       ],
       [
        35.3987901,
        32.7518991
       ],
       [
        35.3978837,
        32.753057
       ],
       [
        35.3970496,
        32.754253
       ],
       [
        35.3962901,
        32.755484
       ],
       [
        35.3956071,
        32.7567467
       ],
       [
        35.3950027,
        32.7580376
       ],
       [
        35.3944784,
        32.7593533
       ],
       [
        35.3940355,
        32.7606901
       ],
       [
        35.3936754,
        32.7620446
       ],
       [
        35.3933989,
        32.7634131
       ],
       [
        35.3932069,
        32.7647919
       ],
       [
        35.3930998,
        32.7661772
       ],
       [
        35.393078,
        32.7675653
       ],
       [
        35.3931415,
        32.7689525
       ],
       [
        35.3932901,
        32.7703351
       ],
       [
        35.3935235,
        32.7717093
       ],
       [
        35.393841,
        32.7730714
       ],
       [
        35.3942418,
        32.7744178
       ],
       [
        35.3947247,
        32.7757447
       ],
       [
        35.3952885,
        32.7770487
       ],
       [
        35.3959318,
        32.7783262
       ],
       [
        35.3966526,
        32.7795738
       ],
       [
        35.3974492,
        32.780788
       ],
       [
        35.3983193,
        32.7819658
       ],
       [
        35.3992606,
        32.7831037
       ],
       [
        35.4002706,
        32.7841989
       ],
       [
        35.4013466,
        32.7852482
       ],
       [
        35.4024856,
        32.786249
       ],
       [
        35.4036846,
        32.7871985
       ],
       [
        35.4049403,
        32.7880941
       ],
       [
        35.4062494,
        32.7889335
       ],
       [
        35.4076084,
        32.7897143
       ],
       [
        35.4090135,
        32.7904345
       ],
       [
        35.410461,
        32.791092
       ],
       [
        35.411947,
        32.7916852
       ],
       [
        35.4134674,
        32.7922125
       ],
       [
        35.4150183,
        32.7926723
       ],
       [
        35.4165953,
        32.7930636
       ],
       [
        35.4181942,
        32.7933851
       ],
       [
        35.4198107,
        32.7936361
       ],
       [
        35.4214405,
        32.7938159
       ],
       [
        35.4230791,
        32.7939239
       ],
       [
        35.4247222,
        32.79396
       ]
      ]
     ]
    ],
    "type": "MultiPolygon"
   }
  },
  {
   "type": "Feature",
   "properties": {
    "code": "LLP41",
    "nameHe": "פלוגות",
    "nameEn": "PLUGUT",
    "zoneTypeCode": "AIP_PROHIBITED",
    "floorAmslFt": 0,
    "ceilingAmslFt": 1100,
    "aglCeilingFt": null,
    "notes": "gdb editor stamp: AMI 2020-12-27T00:00:00.000"
   },
   "geometry": {
    "coordinates": [
     [
      [
       [
        34.7576361,
        31.6292361
       ],
       [
        34.7378778,
        31.6371583
       ],
       [
        34.7400222,
        31.6470889
       ],
       [
        34.7583889,
        31.6422806
       ],
       [
        34.7576361,
        31.6292361
       ]
      ]
     ]
    ],
    "type": "MultiPolygon"
   }
  },
  {
   "type": "Feature",
   "properties": {
    "code": "LLP42",
    "nameHe": "בלון צופר",
    "nameEn": "ZOFAR",
    "zoneTypeCode": "AIP_PROHIBITED",
    "floorAmslFt": 0,
    "ceilingAmslFt": 2000,
    "aglCeilingFt": null,
    "notes": "א'-17 definition note: מעגל שרדיוסו 1 ק \" מ ומרכזו בנקודה : | gdb editor stamp: AMI 2022-01-23T00:00:00.000"
   },
   "geometry": {
    "coordinates": [
     [
      [
       [
        35.1986111,
        30.5606869
       ],
       [
        35.1989048,
        30.5606833
       ],
       [
        35.1991982,
        30.5606726
       ],
       [
        35.1994911,
        30.5606547
       ],
       [
        35.1997834,
        30.5606297
       ],
       [
        35.2000747,
        30.5605975
       ],
       [
        35.2003648,
        30.5605583
       ],
       [
        35.2006536,
        30.560512
       ],
       [
        35.2009407,
        30.5604587
       ],
       [
        35.201226,
        30.5603984
       ],
       [
        35.2015092,
        30.5603312
       ],
       [
        35.2017901,
        30.5602571
       ],
       [
        35.2020685,
        30.5601762
       ],
       [
        35.2023442,
        30.5600885
       ],
       [
        35.2026168,
        30.5599941
       ],
       [
        35.2028863,
        30.5598931
       ],
       [
        35.2031524,
        30.5597856
       ],
       [
        35.2034149,
        30.5596717
       ],
       [
        35.2036736,
        30.5595514
       ],
       [
        35.2039283,
        30.5594248
       ],
       [
        35.2041787,
        30.5592921
       ],
       [
        35.2044247,
        30.5591533
       ],
       [
        35.2046661,
        30.5590086
       ],
       [
        35.2049027,
        30.5588581
       ],
       [
        35.2051343,
        30.5587018
       ],
       [
        35.2053608,
        30.55854
       ],
       [
        35.2055818,
        30.5583727
       ],
       [
        35.2057974,
        30.5582
       ],
       [
        35.2060072,
        30.5580222
       ],
       [
        35.2062111,
        30.5578394
       ],
       [
        35.206409,
        30.5576516
       ],
       [
        35.2066008,
        30.5574591
       ],
       [
        35.2067861,
        30.557262
       ],
       [
        35.206965,
        30.5570605
       ],
       [
        35.2071373,
        30.5568546
       ],
       [
        35.2073028,
        30.5566447
       ],
       [
        35.2074614,
        30.5564308
       ],
       [
        35.2076129,
        30.5562131
       ],
       [
        35.2077573,
        30.5559918
       ],
       [
        35.2078945,
        30.5557671
       ],
       [
        35.2080243,
        30.5555391
       ],
       [
        35.2081466,
        30.5553081
       ],
       [
        35.2082613,
        30.5550741
       ],
       [
        35.2083684,
        30.5548375
       ],
       [
        35.2084677,
        30.5545983
       ],
       [
        35.2085592,
        30.5543568
       ],
       [
        35.2086429,
        30.5541132
       ],
       [
        35.2087185,
        30.5538676
       ],
       [
        35.2087861,
        30.5536203
       ],
       [
        35.2088457,
        30.5533715
       ],
       [
        35.2088971,
        30.5531212
       ],
       [
        35.2089403,
        30.5528699
       ],
       [
        35.2089754,
        30.5526176
       ],
       [
        35.2090022,
        30.5523645
       ],
       [
        35.2090208,
        30.5521108
       ],
       [
        35.2090311,
        30.5518568
       ],
       [
        35.2090331,
        30.5516027
       ],
       [
        35.2090269,
        30.5513486
       ],
       [
        35.2090124,
        30.5510948
       ],
       [
        35.2089897,
        30.5508414
       ],
       [
        35.2089587,
        30.5505887
       ],
       [
        35.2089194,
        30.5503368
       ],
       [
        35.2088721,
        30.550086
       ],
       [
        35.2088165,
        30.5498365
       ],
       [
        35.2087529,
        30.5495884
       ],
       [
        35.2086812,
        30.5493419
       ],
       [
        35.2086015,
        30.5490973
       ],
       [
        35.2085139,
        30.5488547
       ],
       [
        35.2084184,
        30.5486144
       ],
       [
        35.2083152,
        30.5483765
       ],
       [
        35.2082042,
        30.5481412
       ],
       [
        35.2080856,
        30.5479087
       ],
       [
        35.2079596,
        30.5476792
       ],
       [
        35.207826,
        30.5474528
       ],
       [
        35.2076852,
        30.5472298
       ],
       [
        35.2075372,
        30.5470103
       ],
       [
        35.2073821,
        30.5467945
       ],
       [
        35.20722,
        30.5465826
       ],
       [
        35.2070511,
        30.5463747
       ],
       [
        35.2068755,
        30.546171
       ],
       [
        35.2066933,
        30.5459717
       ],
       [
        35.2065047,
        30.5457769
       ],
       [
        35.2063099,
        30.5455868
       ],
       [
        35.2061089,
        30.5454015
       ],
       [
        35.205902,
        30.5452212
       ],
       [
        35.2056893,
        30.5450459
       ],
       [
        35.205471,
        30.544876
       ],
       [
        35.2052473,
        30.5447114
       ],
       [
        35.2050182,
        30.5445524
       ],
       [
        35.2047841,
        30.544399
       ],
       [
        35.2045451,
        30.5442514
       ],
       [
        35.2043014,
        30.5441096
       ],
       [
        35.2040532,
        30.5439739
       ],
       [
        35.2038006,
        30.5438442
       ],
       [
        35.203544,
        30.5437208
       ],
       [
        35.2032834,
        30.5436037
       ],
       [
        35.2030191,
        30.543493
       ],
       [
        35.2027513,
        30.5433887
       ],
       [
        35.2024802,
        30.5432911
       ],
       [
        35.2022061,
        30.5432001
       ],
       [
        35.2019291,
        30.5431158
       ],
       [
        35.2016494,
        30.5430383
       ],
       [
        35.2013674,
        30.5429676
       ],
       [
        35.2010832,
        30.5429039
       ],
       [
        35.200797,
        30.5428471
       ],
       [
        35.200509,
        30.5427973
       ],
       [
        35.2002196,
        30.5427545
       ],
       [
        35.1999289,
        30.5427188
       ],
       [
        35.1996371,
        30.5426902
       ],
       [
        35.1993446,
        30.5426688
       ],
       [
        35.1990514,
        30.5426545
       ],
       [
        35.1987579,
        30.5426473
       ],
       [
        35.1984643,
        30.5426473
       ],
       [
        35.1981708,
        30.5426545
       ],
       [
        35.1978776,
        30.5426688
       ],
       [
        35.1975851,
        30.5426902
       ],
       [
        35.1972933,
        30.5427188
       ],
       [
        35.1970026,
        30.5427545
       ],
       [
        35.1967132,
        30.5427973
       ],
       [
        35.1964252,
        30.5428471
       ],
       [
        35.1961391,
        30.5429039
       ],
       [
        35.1958548,
        30.5429676
       ],
       [
        35.1955728,
        30.5430383
       ],
       [
        35.1952931,
        30.5431158
       ],
       [
        35.1950161,
        30.5432001
       ],
       [
        35.194742,
        30.5432911
       ],
       [
        35.1944709,
        30.5433887
       ],
       [
        35.1942031,
        30.543493
       ],
       [
        35.1939388,
        30.5436037
       ],
       [
        35.1936783,
        30.5437208
       ],
       [
        35.1934216,
        30.5438442
       ],
       [
        35.193169,
        30.5439739
       ],
       [
        35.1929208,
        30.5441096
       ],
       [
        35.1926771,
        30.5442514
       ],
       [
        35.1924381,
        30.544399
       ],
       [
        35.192204,
        30.5445524
       ],
       [
        35.191975,
        30.5447114
       ],
       [
        35.1917512,
        30.544876
       ],
       [
        35.1915329,
        30.5450459
       ],
       [
        35.1913202,
        30.5452212
       ],
       [
        35.1911133,
        30.5454015
       ],
       [
        35.1909123,
        30.5455868
       ],
       [
        35.1907175,
        30.5457769
       ],
       [
        35.1905289,
        30.5459717
       ],
       [
        35.1903467,
        30.546171
       ],
       [
        35.1901711,
        30.5463747
       ],
       [
        35.1900022,
        30.5465826
       ],
       [
        35.1898401,
        30.5467945
       ],
       [
        35.189685,
        30.5470103
       ],
       [
        35.189537,
        30.5472298
       ],
       [
        35.1893962,
        30.5474528
       ],
       [
        35.1892627,
        30.5476792
       ],
       [
        35.1891366,
        30.5479087
       ],
       [
        35.189018,
        30.5481412
       ],
       [
        35.188907,
        30.5483765
       ],
       [
        35.1888038,
        30.5486144
       ],
       [
        35.1887083,
        30.5488547
       ],
       [
        35.1886207,
        30.5490973
       ],
       [
        35.188541,
        30.5493419
       ],
       [
        35.1884693,
        30.5495884
       ],
       [
        35.1884057,
        30.5498365
       ],
       [
        35.1883502,
        30.550086
       ],
       [
        35.1883028,
        30.5503368
       ],
       [
        35.1882636,
        30.5505887
       ],
       [
        35.1882326,
        30.5508414
       ],
       [
        35.1882098,
        30.5510948
       ],
       [
        35.1881953,
        30.5513486
       ],
       [
        35.1881891,
        30.5516027
       ],
       [
        35.1881911,
        30.5518568
       ],
       [
        35.1882014,
        30.5521108
       ],
       [
        35.18822,
        30.5523645
       ],
       [
        35.1882468,
        30.5526176
       ],
       [
        35.1882819,
        30.5528699
       ],
       [
        35.1883251,
        30.5531212
       ],
       [
        35.1883766,
        30.5533715
       ],
       [
        35.1884361,
        30.5536203
       ],
       [
        35.1885037,
        30.5538676
       ],
       [
        35.1885794,
        30.5541132
       ],
       [
        35.188663,
        30.5543568
       ],
       [
        35.1887545,
        30.5545983
       ],
       [
        35.1888538,
        30.5548375
       ],
       [
        35.1889609,
        30.5550741
       ],
       [
        35.1890756,
        30.5553081
       ],
       [
        35.1891979,
        30.5555391
       ],
       [
        35.1893277,
        30.5557671
       ],
       [
        35.1894649,
        30.5559918
       ],
       [
        35.1896093,
        30.5562131
       ],
       [
        35.1897609,
        30.5564308
       ],
       [
        35.1899194,
        30.5566447
       ],
       [
        35.1900849,
        30.5568546
       ],
       [
        35.1902572,
        30.5570605
       ],
       [
        35.1904361,
        30.557262
       ],
       [
        35.1906215,
        30.5574591
       ],
       [
        35.1908132,
        30.5576516
       ],
       [
        35.1910111,
        30.5578394
       ],
       [
        35.191215,
        30.5580222
       ],
       [
        35.1914249,
        30.5582
       ],
       [
        35.1916404,
        30.5583727
       ],
       [
        35.1918615,
        30.55854
       ],
       [
        35.1920879,
        30.5587018
       ],
       [
        35.1923195,
        30.5588581
       ],
       [
        35.1925561,
        30.5590086
       ],
       [
        35.1927975,
        30.5591533
       ],
       [
        35.1930435,
        30.5592921
       ],
       [
        35.1932939,
        30.5594248
       ],
       [
        35.1935486,
        30.5595514
       ],
       [
        35.1938073,
        30.5596717
       ],
       [
        35.1940698,
        30.5597856
       ],
       [
        35.1943359,
        30.5598931
       ],
       [
        35.1946054,
        30.5599941
       ],
       [
        35.1948781,
        30.5600885
       ],
       [
        35.1951537,
        30.5601762
       ],
       [
        35.1954321,
        30.5602571
       ],
       [
        35.195713,
        30.5603312
       ],
       [
        35.1959962,
        30.5603984
       ],
       [
        35.1962815,
        30.5604587
       ],
       [
        35.1965686,
        30.560512
       ],
       [
        35.1968574,
        30.5605583
       ],
       [
        35.1971476,
        30.5605975
       ],
       [
        35.1974389,
        30.5606297
       ],
       [
        35.1977311,
        30.5606547
       ],
       [
        35.1980241,
        30.5606726
       ],
       [
        35.1983175,
        30.5606833
       ],
       [
        35.1986111,
        30.5606869
       ]
      ]
     ]
    ],
    "type": "MultiPolygon"
   }
  },
  {
   "type": "Feature",
   "properties": {
    "code": "LLP43",
    "nameHe": "בלון אבשלום",
    "nameEn": "BALON AVSHLOM",
    "zoneTypeCode": "AIP_PROHIBITED",
    "floorAmslFt": 0,
    "ceilingAmslFt": 2500,
    "aglCeilingFt": null,
    "notes": "א'-17 definition note: מעגל ש רדיוסו 1 ק \" מ ומרכזו בנקודה : | gdb editor stamp: AMI 2023-01-31T00:00:00.000"
   },
   "geometry": {
    "coordinates": [
     [
      [
       [
        34.2853998,
        31.2115207
       ],
       [
        34.2856954,
        31.2115141
       ],
       [
        34.2859907,
        31.2115004
       ],
       [
        34.2862855,
        31.2114796
       ],
       [
        34.2865794,
        31.2114516
       ],
       [
        34.2868723,
        31.2114166
       ],
       [
        34.2871639,
        31.2113744
       ],
       [
        34.2874541,
        31.2113252
       ],
       [
        34.2877425,
        31.211269
       ],
       [
        34.2880289,
        31.2112058
       ],
       [
        34.2883132,
        31.2111358
       ],
       [
        34.288595,
        31.2110588
       ],
       [
        34.2888743,
        31.2109751
       ],
       [
        34.2891506,
        31.2108846
       ],
       [
        34.2894239,
        31.2107875
       ],
       [
        34.2896939,
        31.2106838
       ],
       [
        34.2899604,
        31.2105737
       ],
       [
        34.2902232,
        31.2104571
       ],
       [
        34.290482,
        31.2103341
       ],
       [
        34.2907367,
        31.210205
       ],
       [
        34.2909871,
        31.2100698
       ],
       [
        34.291233,
        31.2099285
       ],
       [
        34.2914741,
        31.2097814
       ],
       [
        34.2917103,
        31.2096284
       ],
       [
        34.2919414,
        31.2094698
       ],
       [
        34.2921672,
        31.2093057
       ],
       [
        34.2923875,
        31.2091362
       ],
       [
        34.2926022,
        31.2089614
       ],
       [
        34.2928111,
        31.2087814
       ],
       [
        34.293014,
        31.2085965
       ],
       [
        34.2932107,
        31.2084068
       ],
       [
        34.2934011,
        31.2082123
       ],
       [
        34.2935851,
        31.2080133
       ],
       [
        34.2937625,
        31.20781
       ],
       [
        34.2939332,
        31.2076024
       ],
       [
        34.294097,
        31.2073908
       ],
       [
        34.2942538,
        31.2071753
       ],
       [
        34.2944035,
        31.2069561
       ],
       [
        34.2945459,
        31.2067333
       ],
       [
        34.294681,
        31.2065072
       ],
       [
        34.2948085,
        31.2062779
       ],
       [
        34.2949286,
        31.2060456
       ],
       [
        34.2950409,
        31.2058105
       ],
       [
        34.2951456,
        31.2055728
       ],
       [
        34.2952423,
        31.2053326
       ],
       [
        34.2953312,
        31.2050902
       ],
       [
        34.2954121,
        31.2048457
       ],
       [
        34.295485,
        31.2045994
       ],
       [
        34.2955497,
        31.2043514
       ],
       [
        34.2956063,
        31.2041019
       ],
       [
        34.2956547,
        31.2038512
       ],
       [
        34.2956948,
        31.2035993
       ],
       [
        34.2957267,
        31.2033466
       ],
       [
        34.2957503,
        31.2030933
       ],
       [
        34.2957656,
        31.2028395
       ],
       [
        34.2957725,
        31.2025854
       ],
       [
        34.2957711,
        31.2023312
       ],
       [
        34.2957614,
        31.2020771
       ],
       [
        34.2957434,
        31.2018235
       ],
       [
        34.2957171,
        31.2015703
       ],
       [
        34.2956824,
        31.2013179
       ],
       [
        34.2956395,
        31.2010664
       ],
       [
        34.2955884,
        31.200816
       ],
       [
        34.2955291,
        31.200567
       ],
       [
        34.2954617,
        31.2003196
       ],
       [
        34.2953862,
        31.2000738
       ],
       [
        34.2953026,
        31.19983
       ],
       [
        34.2952111,
        31.1995883
       ],
       [
        34.2951118,
        31.1993489
       ],
       [
        34.2950046,
        31.199112
       ],
       [
        34.2948897,
        31.1988778
       ],
       [
        34.2947671,
        31.1986465
       ],
       [
        34.2946371,
        31.1984183
       ],
       [
        34.2944996,
        31.1981932
       ],
       [
        34.2943547,
        31.1979716
       ],
       [
        34.2942027,
        31.1977536
       ],
       [
        34.2940436,
        31.1975394
       ],
       [
        34.2938776,
        31.1973291
       ],
       [
        34.2937047,
        31.1971229
       ],
       [
        34.2935251,
        31.196921
       ],
       [
        34.293339,
        31.1967235
       ],
       [
        34.2931464,
        31.1965306
       ],
       [
        34.2929477,
        31.1963424
       ],
       [
        34.2927428,
        31.1961591
       ],
       [
        34.292532,
        31.1959808
       ],
       [
        34.2923155,
        31.1958078
       ],
       [
        34.2920934,
        31.19564
       ],
       [
        34.2918659,
        31.1954777
       ],
       [
        34.2916331,
        31.1953209
       ],
       [
        34.2913953,
        31.1951699
       ],
       [
        34.2911526,
        31.1950247
       ],
       [
        34.2909053,
        31.1948854
       ],
       [
        34.2906535,
        31.1947521
       ],
       [
        34.2903975,
        31.194625
       ],
       [
        34.2901374,
        31.1945041
       ],
       [
        34.2898734,
        31.1943896
       ],
       [
        34.2896058,
        31.1942816
       ],
       [
        34.2893347,
        31.19418
       ],
       [
        34.2890605,
        31.1940851
       ],
       [
        34.2887832,
        31.1939968
       ],
       [
        34.2885031,
        31.1939153
       ],
       [
        34.2882205,
        31.1938406
       ],
       [
        34.2879355,
        31.1937728
       ],
       [
        34.2876485,
        31.1937119
       ],
       [
        34.2873595,
        31.193658
       ],
       [
        34.2870689,
        31.1936111
       ],
       [
        34.2867769,
        31.1935712
       ],
       [
        34.2864837,
        31.1935385
       ],
       [
        34.2861896,
        31.1935128
       ],
       [
        34.2858947,
        31.1934943
       ],
       [
        34.2855993,
        31.193483
       ],
       [
        34.2853037,
        31.1934787
       ],
       [
        34.285008,
        31.1934817
       ],
       [
        34.2847126,
        31.1934918
       ],
       [
        34.2844176,
        31.1935091
       ],
       [
        34.2841233,
        31.1935335
       ],
       [
        34.2838299,
        31.193565
       ],
       [
        34.2835376,
        31.1936036
       ],
       [
        34.2832468,
        31.1936493
       ],
       [
        34.2829575,
        31.193702
       ],
       [
        34.2826701,
        31.1937616
       ],
       [
        34.2823848,
        31.1938282
       ],
       [
        34.2821017,
        31.1939017
       ],
       [
        34.2818212,
        31.1939821
       ],
       [
        34.2815434,
        31.1940692
       ],
       [
        34.2812686,
        31.1941629
       ],
       [
        34.280997,
        31.1942633
       ],
       [
        34.2807287,
        31.1943702
       ],
       [
        34.2804641,
        31.1944836
       ],
       [
        34.2802033,
        31.1946034
       ],
       [
        34.2799465,
        31.1947294
       ],
       [
        34.279694,
        31.1948616
       ],
       [
        34.2794459,
        31.1949998
       ],
       [
        34.2792024,
        31.195144
       ],
       [
        34.2789637,
        31.1952941
       ],
       [
        34.2787301,
        31.1954498
       ],
       [
        34.2785016,
        31.1956112
       ],
       [
        34.2782785,
        31.195778
       ],
       [
        34.278061,
        31.1959502
       ],
       [
        34.2778492,
        31.1961275
       ],
       [
        34.2776433,
        31.1963099
       ],
       [
        34.2774434,
        31.1964973
       ],
       [
        34.2772498,
        31.1966894
       ],
       [
        34.2770626,
        31.1968861
       ],
       [
        34.2768818,
        31.1970872
       ],
       [
        34.2767078,
        31.1972927
       ],
       [
        34.2765405,
        31.1975023
       ],
       [
        34.2763801,
        31.1977158
       ],
       [
        34.2762269,
        31.1979332
       ],
       [
        34.2760808,
        31.1981542
       ],
       [
        34.275942,
        31.1983786
       ],
       [
        34.2758106,
        31.1986063
       ],
       [
        34.2756868,
        31.1988371
       ],
       [
        34.2755705,
        31.1990708
       ],
       [
        34.275462,
        31.1993073
       ],
       [
        34.2753612,
        31.1995462
       ],
       [
        34.2752683,
        31.1997875
       ],
       [
        34.2751834,
        31.200031
       ],
       [
        34.2751065,
        31.2002764
       ],
       [
        34.2750376,
        31.2005236
       ],
       [
        34.2749769,
        31.2007724
       ],
       [
        34.2749243,
        31.2010225
       ],
       [
        34.27488,
        31.2012738
       ],
       [
        34.2748439,
        31.2015261
       ],
       [
        34.2748161,
        31.2017791
       ],
       [
        34.2747966,
        31.2020327
       ],
       [
        34.2747855,
        31.2022867
       ],
       [
        34.2747826,
        31.2025409
       ],
       [
        34.2747881,
        31.202795
       ],
       [
        34.2748019,
        31.2030489
       ],
       [
        34.2748241,
        31.2033024
       ],
       [
        34.2748545,
        31.2035552
       ],
       [
        34.2748932,
        31.2038072
       ],
       [
        34.2749402,
        31.2040581
       ],
       [
        34.2749953,
        31.2043078
       ],
       [
        34.2750587,
        31.2045561
       ],
       [
        34.2751301,
        31.2048028
       ],
       [
        34.2752096,
        31.2050476
       ],
       [
        34.2752971,
        31.2052904
       ],
       [
        34.2753925,
        31.205531
       ],
       [
        34.2754957,
        31.2057691
       ],
       [
        34.2756067,
        31.2060047
       ],
       [
        34.2757254,
        31.2062375
       ],
       [
        34.2758517,
        31.2064673
       ],
       [
        34.2759855,
        31.206694
       ],
       [
        34.2761266,
        31.2069174
       ],
       [
        34.276275,
        31.2071372
       ],
       [
        34.2764306,
        31.2073534
       ],
       [
        34.2765932,
        31.2075657
       ],
       [
        34.2767626,
        31.207774
       ],
       [
        34.2769389,
        31.2079781
       ],
       [
        34.2771217,
        31.2081778
       ],
       [
        34.2773111,
        31.2083731
       ],
       [
        34.2775067,
        31.2085637
       ],
       [
        34.2777086,
        31.2087495
       ],
       [
        34.2779164,
        31.2089303
       ],
       [
        34.2781301,
        31.209106
       ],
       [
        34.2783494,
        31.2092764
       ],
       [
        34.2785743,
        31.2094415
       ],
       [
        34.2788045,
        31.2096011
       ],
       [
        34.2790398,
        31.209755
       ],
       [
        34.2792801,
        31.2099032
       ],
       [
        34.2795251,
        31.2100455
       ],
       [
        34.2797747,
        31.2101818
       ],
       [
        34.2800287,
        31.210312
       ],
       [
        34.2802868,
        31.210436
       ],
       [
        34.2805489,
        31.2105537
       ],
       [
        34.2808148,
        31.2106651
       ],
       [
        34.2810842,
        31.2107699
       ],
       [
        34.2813569,
        31.2108682
       ],
       [
        34.2816328,
        31.2109598
       ],
       [
        34.2819115,
        31.2110447
       ],
       [
        34.2821929,
        31.2111228
       ],
       [
        34.2824768,
        31.2111941
       ],
       [
        34.2827629,
        31.2112585
       ],
       [
        34.2830509,
        31.2113159
       ],
       [
        34.2833408,
        31.2113663
       ],
       [
        34.2836322,
        31.2114097
       ],
       [
        34.2839249,
        31.211446
       ],
       [
        34.2842186,
        31.2114752
       ],
       [
        34.2845133,
        31.2114973
       ],
       [
        34.2848085,
        31.2115122
       ],
       [
        34.2851041,
        31.21152
       ],
       [
        34.2853998,
        31.2115207
       ]
      ]
     ]
    ],
    "type": "MultiPolygon"
   }
  },
  {
   "type": "Feature",
   "properties": {
    "code": "LLP44",
    "nameHe": "תחנת אתגל",
    "nameEn": null,
    "zoneTypeCode": "AIP_PROHIBITED",
    "floorAmslFt": 0,
    "ceilingAmslFt": 1500,
    "aglCeilingFt": null,
    "notes": "geometry from א'-17 appendix ב' text (radius 100 מטר around 31° 50' 16.80\" N 34° 39' 32.76\" E) — zone absent from ZONE_gdb.zip"
   },
   "geometry": {
    "type": "Polygon",
    "coordinates": [
     [
      [
       34.6591,
       31.8388993
      ],
      [
       34.6589962,
       31.838895
      ],
      [
       34.6588935,
       31.838882
      ],
      [
       34.6587927,
       31.8388606
      ],
      [
       34.6586949,
       31.8388309
      ],
      [
       34.658601,
       31.8387931
      ],
      [
       34.6585119,
       31.8387478
      ],
      [
       34.6584284,
       31.8386952
      ],
      [
       34.6583515,
       31.8386359
      ],
      [
       34.6582817,
       31.8385705
      ],
      [
       34.6582198,
       31.8384996
      ],
      [
       34.6581664,
       31.8384239
      ],
      [
       34.658122,
       31.8383442
      ],
      [
       34.658087,
       31.8382611
      ],
      [
       34.6580617,
       31.8381754
      ],
      [
       34.6580465,
       31.8380881
      ],
      [
       34.6580414,
       31.838
      ],
      [
       34.6580465,
       31.8379118
      ],
      [
       34.6580617,
       31.8378245
      ],
      [
       34.658087,
       31.8377389
      ],
      [
       34.658122,
       31.8376558
      ],
      [
       34.6581664,
       31.8375761
      ],
      [
       34.6582198,
       31.8375004
      ],
      [
       34.6582817,
       31.8374295
      ],
      [
       34.6583515,
       31.8373641
      ],
      [
       34.6584284,
       31.8373048
      ],
      [
       34.6585119,
       31.8372522
      ],
      [
       34.658601,
       31.8372069
      ],
      [
       34.6586949,
       31.8371691
      ],
      [
       34.6587927,
       31.8371394
      ],
      [
       34.6588935,
       31.837118
      ],
      [
       34.6589962,
       31.837105
      ],
      [
       34.6591,
       31.8371007
      ],
      [
       34.6592038,
       31.837105
      ],
      [
       34.6593065,
       31.837118
      ],
      [
       34.6594073,
       31.8371394
      ],
      [
       34.6595051,
       31.8371691
      ],
      [
       34.659599,
       31.8372069
      ],
      [
       34.6596881,
       31.8372522
      ],
      [
       34.6597716,
       31.8373048
      ],
      [
       34.6598485,
       31.8373641
      ],
      [
       34.6599183,
       31.8374295
      ],
      [
       34.6599802,
       31.8375004
      ],
      [
       34.6600336,
       31.8375761
      ],
      [
       34.660078,
       31.8376558
      ],
      [
       34.660113,
       31.8377389
      ],
      [
       34.6601383,
       31.8378245
      ],
      [
       34.6601535,
       31.8379118
      ],
      [
       34.6601586,
       31.838
      ],
      [
       34.6601535,
       31.8380881
      ],
      [
       34.6601383,
       31.8381754
      ],
      [
       34.660113,
       31.8382611
      ],
      [
       34.660078,
       31.8383442
      ],
      [
       34.6600336,
       31.8384239
      ],
      [
       34.6599802,
       31.8384996
      ],
      [
       34.6599183,
       31.8385705
      ],
      [
       34.6598485,
       31.8386359
      ],
      [
       34.6597716,
       31.8386952
      ],
      [
       34.6596881,
       31.8387478
      ],
      [
       34.659599,
       31.8387931
      ],
      [
       34.6595051,
       31.8388309
      ],
      [
       34.6594073,
       31.8388606
      ],
      [
       34.6593065,
       31.838882
      ],
      [
       34.6592038,
       31.838895
      ],
      [
       34.6591,
       31.8388993
      ]
     ]
    ]
   }
  },
  {
   "type": "Feature",
   "properties": {
    "code": "LLR036",
    "nameHe": "שטחי אש 36",
    "nameEn": "Fire Zone 36",
    "zoneTypeCode": "AIP_RESTRICTED",
    "floorAmslFt": 0,
    "ceilingAmslFt": 99000,
    "aglCeilingFt": null,
    "notes": "not in א'-17 appendix ב' — source: gdb only (A17 flag V) | gdb editor stamp: AGL AVIATION 2021-08-02T00:00:00.000"
   },
   "geometry": {
    "coordinates": [
     [
      [
       [
        34.7688063,
        31.0149436
       ],
       [
        34.6702829,
        31.0984176
       ],
       [
        34.6555536,
        31.0695522
       ],
       [
        34.6817491,
        31.0480802
       ],
       [
        34.7013164,
        30.9931226
       ],
       [
        34.668985,
        30.9578364
       ],
       [
        34.6973497,
        30.9546771
       ],
       [
        34.7069395,
        30.8998286
       ],
       [
        34.7037709,
        30.8848707
       ],
       [
        34.6906412,
        30.8141514
       ],
       [
        34.7140659,
        30.7931412
       ],
       [
        34.7093321,
        30.7508052
       ],
       [
        34.7452287,
        30.7654173
       ],
       [
        34.7804763,
        30.7138204
       ],
       [
        34.7573897,
        30.6763628
       ],
       [
        34.749518,
        30.6191037
       ],
       [
        34.7123325,
        30.5940545
       ],
       [
        34.6918552,
        30.6039266
       ],
       [
        34.7016369,
        30.6199791
       ],
       [
        34.5296288,
        30.6252814
       ],
       [
        34.465615,
        30.7812362
       ],
       [
        34.5053755,
        30.7929384
       ],
       [
        34.4484298,
        30.8654038
       ],
       [
        34.4402962,
        30.9142795
       ],
       [
        34.3299624,
        31.1446772
       ],
       [
        34.3376677,
        31.1841181
       ],
       [
        34.3877221,
        31.1948783
       ],
       [
        34.479,
        31.1960132
       ],
       [
        34.5485155,
        31.1791265
       ],
       [
        34.5463589,
        31.1632583
       ],
       [
        34.5725185,
        31.1754468
       ],
       [
        34.5414478,
        31.1980786
       ],
       [
        34.5542999,
        31.2181359
       ],
       [
        34.5828781,
        31.2177988
       ],
       [
        34.6764145,
        31.2090526
       ],
       [
        34.7388919,
        31.15136
       ],
       [
        34.7381162,
        31.1302567
       ],
       [
        34.7816567,
        31.1070129
       ],
       [
        34.8101123,
        31.0427011
       ],
       [
        34.7688063,
        31.0149436
       ]
      ]
     ]
    ],
    "type": "MultiPolygon"
   }
  },
  {
   "type": "Feature",
   "properties": {
    "code": "LLR1",
    "nameHe": "ים צפון",
    "nameEn": "North Sea",
    "zoneTypeCode": "AIP_RESTRICTED",
    "floorAmslFt": 7000,
    "ceilingAmslFt": 40000,
    "aglCeilingFt": null,
    "notes": "not in א'-17 appendix ב' — source: gdb only (A17 flag X) | gdb editor stamp: AGL AVIATION 2016-07-06T20:46:37.000"
   },
   "geometry": {
    "coordinates": [
     [
      [
       [
        34.9152778,
        33.0863889
       ],
       [
        34.9163889,
        32.8988889
       ],
       [
        34.7747222,
        32.4405556
       ],
       [
        34.4413889,
        32.4988889
       ],
       [
        34.3399641,
        32.6237337
       ],
       [
        34.4045243,
        32.6622844
       ],
       [
        34.445992,
        32.6851945
       ],
       [
        34.4796456,
        32.7017838
       ],
       [
        34.5348384,
        32.7289572
       ],
       [
        34.6020104,
        33.0846909
       ],
       [
        34.9152778,
        33.0863889
       ]
      ]
     ]
    ],
    "type": "MultiPolygon"
   }
  },
  {
   "type": "Feature",
   "properties": {
    "code": "LLR100",
    "nameHe": "שטח אש 100",
    "nameEn": "Fire Zone 100",
    "zoneTypeCode": "AIP_RESTRICTED",
    "floorAmslFt": 0,
    "ceilingAmslFt": null,
    "aglCeilingFt": null,
    "notes": "ceiling UNL (unlimited) per א'-17 — stored null; gdb encodes as 99000 | gdb editor stamp: AGL AVIATION 2016-07-06T20:46:37.000"
   },
   "geometry": {
    "coordinates": [
     [
      [
       [
        35.0324071,
        32.6186886
       ],
       [
        34.9869144,
        32.6338445
       ],
       [
        35.0020514,
        32.6478682
       ],
       [
        35.0089951,
        32.6317453
       ],
       [
        35.0118135,
        32.6625319
       ],
       [
        34.9676008,
        32.6854164
       ],
       [
        34.9997338,
        32.6903038
       ],
       [
        35.0154873,
        32.6967932
       ],
       [
        35.0259878,
        32.6778589
       ],
       [
        35.0559057,
        32.6759664
       ],
       [
        35.0594121,
        32.64029
       ],
       [
        35.0324071,
        32.6186886
       ]
      ]
     ]
    ],
    "type": "MultiPolygon"
   }
  },
  {
   "type": "Feature",
   "properties": {
    "code": "LLR107",
    "nameHe": "שטח אש 107",
    "nameEn": "Fire Zone 107",
    "zoneTypeCode": "AIP_RESTRICTED",
    "floorAmslFt": 0,
    "ceilingAmslFt": 99000,
    "aglCeilingFt": null,
    "notes": "not in א'-17 appendix ב' — source: gdb only (A17 flag V) | gdb editor stamp: manorad 2016-07-18T10:19:46.000"
   },
   "geometry": {
    "coordinates": [
     [
      [
       [
        35.0507021,
        32.5190928
       ],
       [
        35.0467367,
        32.5343211
       ],
       [
        35.1564555,
        32.5855424
       ],
       [
        35.1715661,
        32.5644716
       ],
       [
        35.1438297,
        32.5568167
       ],
       [
        35.1419609,
        32.5425545
       ],
       [
        35.1002561,
        32.5424494
       ],
       [
        35.0934207,
        32.5203006
       ],
       [
        35.0507021,
        32.5190928
       ]
      ]
     ]
    ],
    "type": "MultiPolygon"
   }
  },
  {
   "type": "Feature",
   "properties": {
    "code": "LLR120",
    "nameHe": "שטחי אש 120",
    "nameEn": "Fire Zone 120",
    "zoneTypeCode": "AIP_RESTRICTED",
    "floorAmslFt": 0,
    "ceilingAmslFt": 99000,
    "aglCeilingFt": null,
    "notes": "not in א'-17 appendix ב' — source: gdb only (A17 flag V) | gdb editor stamp: AGL AVIATION 2016-07-06T20:46:37.000"
   },
   "geometry": {
    "coordinates": [
     [
      [
       [
        35.7791256,
        33.0946196
       ],
       [
        35.8231962,
        33.1055054
       ],
       [
        35.8391919,
        33.0282916
       ],
       [
        35.8292902,
        32.9867236
       ],
       [
        35.8042687,
        32.9850676
       ],
       [
        35.7903089,
        32.9595296
       ],
       [
        35.7907123,
        32.9278353
       ],
       [
        35.8140884,
        32.912618
       ],
       [
        35.7783853,
        32.8937218
       ],
       [
        35.7851894,
        32.8722071
       ],
       [
        35.7103029,
        32.8703342
       ],
       [
        35.6932338,
        32.8844315
       ],
       [
        35.7087735,
        32.8957366
       ],
       [
        35.6774819,
        32.8971832
       ],
       [
        35.6699589,
        32.9339485
       ],
       [
        35.6404382,
        32.9344844
       ],
       [
        35.6459481,
        32.9824233
       ],
       [
        35.674764,
        32.9887378
       ],
       [
        35.6959692,
        33.0184356
       ],
       [
        35.6804157,
        33.0450615
       ],
       [
        35.6558619,
        33.0529508
       ],
       [
        35.6530299,
        33.1045539
       ],
       [
        35.662107,
        33.1274256
       ],
       [
        35.6882628,
        33.1206716
       ],
       [
        35.6739031,
        33.1398665
       ],
       [
        35.6818022,
        33.2192525
       ],
       [
        35.7126859,
        33.2247438
       ],
       [
        35.7363192,
        33.221987
       ],
       [
        35.737238,
        33.1985405
       ],
       [
        35.7654654,
        33.1903566
       ],
       [
        35.7595809,
        33.1715134
       ],
       [
        35.7784557,
        33.1453355
       ],
       [
        35.7548063,
        33.1290219
       ],
       [
        35.7791256,
        33.0946196
       ]
      ]
     ]
    ],
    "type": "MultiPolygon"
   }
  },
  {
   "type": "Feature",
   "properties": {
    "code": "LLR2",
    "nameHe": null,
    "nameEn": null,
    "zoneTypeCode": "AIP_RESTRICTED",
    "floorAmslFt": 5000,
    "ceilingAmslFt": 40000,
    "aglCeilingFt": null,
    "notes": "not in א'-17 appendix ב' — source: gdb only (A17 flag X) | gdb editor stamp: AMI 2020-03-26T00:00:00.000"
   },
   "geometry": {
    "coordinates": [
     [
      [
       [
        34.4530556,
        31.7038889
       ],
       [
        34.1841667,
        31.4161111
       ],
       [
        33.9191667,
        32.0075
       ],
       [
        34.0836111,
        31.9861111
       ],
       [
        34.2688889,
        31.8780556
       ],
       [
        34.4530556,
        31.7038889
       ]
      ]
     ]
    ],
    "type": "MultiPolygon"
   }
  },
  {
   "type": "Feature",
   "properties": {
    "code": "LLR20",
    "nameHe": "גליל הצנחה הבונים \"\"",
    "nameEn": "Habonim Parachuting",
    "zoneTypeCode": "AIP_RESTRICTED",
    "floorAmslFt": 0,
    "ceilingAmslFt": 12000,
    "aglCeilingFt": null,
    "notes": "א'-17 definition note: מהנקודה הקודמת עוקב הגבול אחר קשת ברדיוס של 3 ק \" מ שמרכזה בנקודה הבאה : · הקשת מסתיימת בנקודה הבאה : | gdb editor stamp: AMI 2022-11-30T00:00:00.000 | gdb comment: גובה רגיל/ סופ\"ש | תיאום: לצורך תיאום טיסה בסגירה זו יש לפנות לפי הסדר עינב ליברמן סמנכ\"ל תפעול 054-2518700 einavlib@gmail.com אור אלרון מפעיל מנחת 052-5365141 orelron12@gmail.com דן מוקדי מנכ\"ל 054-2519100 danm@parardive.co.il."
   },
   "geometry": {
    "coordinates": [
     [
      [
       [
        34.9333602,
        32.6770471
       ],
       [
        34.9338789,
        32.6770356
       ],
       [
        34.9343974,
        32.6770168
       ],
       [
        34.9349153,
        32.6769909
       ],
       [
        34.9354328,
        32.6769579
       ],
       [
        34.9359495,
        32.6769177
       ],
       [
        34.9364653,
        32.6768704
       ],
       [
        34.9369802,
        32.676816
       ],
       [
        34.937494,
        32.6767544
       ],
       [
        34.9380065,
        32.6766858
       ],
       [
        34.9385176,
        32.6766101
       ],
       [
        34.9390272,
        32.6765274
       ],
       [
        34.9395351,
        32.6764377
       ],
       [
        34.9400412,
        32.6763409
       ],
       [
        34.9405454,
        32.6762372
       ],
       [
        34.9410475,
        32.6761265
       ],
       [
        34.9415474,
        32.6760089
       ],
       [
        34.942045,
        32.6758844
       ],
       [
        34.9425401,
        32.6757531
       ],
       [
        34.9430326,
        32.6756149
       ],
       [
        34.9435223,
        32.67547
       ],
       [
        34.9440092,
        32.6753183
       ],
       [
        34.9444931,
        32.67516
       ],
       [
        34.9449739,
        32.6749949
       ],
       [
        34.9454514,
        32.6748233
       ],
       [
        34.9459256,
        32.674645
       ],
       [
        34.9463963,
        32.6744603
       ],
       [
        34.9468633,
        32.6742691
       ],
       [
        34.9473265,
        32.6740714
       ],
       [
        34.9477859,
        32.6738674
       ],
       [
        34.9482413,
        32.6736571
       ],
       [
        34.9486926,
        32.6734405
       ],
       [
        34.9491396,
        32.6732177
       ],
       [
        34.9495823,
        32.6729888
       ],
       [
        34.9500205,
        32.6727537
       ],
       [
        34.9504541,
        32.6725127
       ],
       [
        34.9508829,
        32.6722657
       ],
       [
        34.951307,
        32.6720128
       ],
       [
        34.9517261,
        32.6717541
       ],
       [
        34.9521402,
        32.6714897
       ],
       [
        34.9525491,
        32.6712196
       ],
       [
        34.9529527,
        32.6709438
       ],
       [
        34.953351,
        32.6706625
       ],
       [
        34.9537437,
        32.6703758
       ],
       [
        34.9541309,
        32.6700837
       ],
       [
        34.9545124,
        32.6697862
       ],
       [
        34.9548881,
        32.6694836
       ],
       [
        34.9552579,
        32.6691758
       ],
       [
        34.9556218,
        32.6688629
       ],
       [
        34.9559795,
        32.6685451
       ],
       [
        34.956331,
        32.6682223
       ],
       [
        34.9566763,
        32.6678947
       ],
       [
        34.9570152,
        32.6675625
       ],
       [
        34.9573477,
        32.6672255
       ],
       [
        34.9576736,
        32.6668841
       ],
       [
        34.9579928,
        32.6665382
       ],
       [
        34.9583054,
        32.6661879
       ],
       [
        34.9586111,
        32.6658333
       ],
       [
        34.9561111,
        32.6313889
       ],
       [
        34.9557505,
        32.6310697
       ],
       [
        34.9553838,
        32.6307555
       ],
       [
        34.9550111,
        32.6304464
       ],
       [
        34.9546325,
        32.6301425
       ],
       [
        34.9542481,
        32.6298438
       ],
       [
        34.953858,
        32.6295505
       ],
       [
        34.9534623,
        32.6292626
       ],
       [
        34.9530612,
        32.6289802
       ],
       [
        34.9526546,
        32.6287033
       ],
       [
        34.9522428,
        32.6284321
       ],
       [
        34.9518258,
        32.6281666
       ],
       [
        34.9514037,
        32.6279069
       ],
       [
        34.9509767,
        32.627653
       ],
       [
        34.9505449,
        32.6274051
       ],
       [
        34.9501083,
        32.6271632
       ],
       [
        34.9496672,
        32.6269273
       ],
       [
        34.9492216,
        32.6266975
       ],
       [
        34.9487716,
        32.6264739
       ],
       [
        34.9483174,
        32.6262565
       ],
       [
        34.947859,
        32.6260454
       ],
       [
        34.9473966,
        32.6258406
       ],
       [
        34.9469304,
        32.6256423
       ],
       [
        34.9464604,
        32.6254504
       ],
       [
        34.9459868,
        32.625265
       ],
       [
        34.9455097,
        32.6250862
       ],
       [
        34.9450292,
        32.624914
       ],
       [
        34.9445454,
        32.6247484
       ],
       [
        34.9440585,
        32.6245895
       ],
       [
        34.9435687,
        32.6244373
       ],
       [
        34.9430759,
        32.6242919
       ],
       [
        34.9425805,
        32.6241533
       ],
       [
        34.9420824,
        32.6240216
       ],
       [
        34.9415819,
        32.6238968
       ],
       [
        34.941079,
        32.6237789
       ],
       [
        34.9405739,
        32.6236679
       ],
       [
        34.9400668,
        32.6235639
       ],
       [
        34.9395577,
        32.6234669
       ],
       [
        34.9390468,
        32.6233769
       ],
       [
        34.9385343,
        32.623294
       ],
       [
        34.9380202,
        32.6232182
       ],
       [
        34.9375048,
        32.6231494
       ],
       [
        34.936988,
        32.6230878
       ],
       [
        34.9364702,
        32.6230333
       ],
       [
        34.9359514,
        32.622986
       ],
       [
        34.9354317,
        32.6229458
       ],
       [
        34.9349114,
        32.6229128
       ],
       [
        34.9343905,
        32.6228869
       ],
       [
        34.9338691,
        32.6228683
       ],
       [
        34.9333475,
        32.6228568
       ],
       [
        34.9328257,
        32.6228525
       ],
       [
        34.9323039,
        32.6228554
       ],
       [
        34.9317822,
        32.6228655
       ],
       [
        34.9312608,
        32.6228829
       ],
       [
        34.9307397,
        32.6229073
       ],
       [
        34.9302193,
        32.622939
       ],
       [
        34.9296995,
        32.6229778
       ],
       [
        34.9291805,
        32.6230238
       ],
       [
        34.9286625,
        32.623077
       ],
       [
        34.9281455,
        32.6231373
       ],
       [
        34.9276298,
        32.6232047
       ],
       [
        34.9271155,
        32.6232792
       ],
       [
        34.9266026,
        32.6233608
       ],
       [
        34.9260914,
        32.6234494
       ],
       [
        34.925582,
        32.6235451
       ],
       [
        34.9250745,
        32.6236478
       ],
       [
        34.924569,
        32.6237574
       ],
       [
        34.9240657,
        32.623874
       ],
       [
        34.9235647,
        32.6239976
       ],
       [
        34.9230662,
        32.624128
       ],
       [
        34.9225702,
        32.6242653
       ],
       [
        34.9220769,
        32.6244094
       ],
       [
        34.9215865,
        32.6245603
       ],
       [
        34.9210991,
        32.6247179
       ],
       [
        34.9206147,
        32.6248823
       ],
       [
        34.9201336,
        32.6250533
       ],
       [
        34.9196558,
        32.6252309
       ],
       [
        34.9191815,
        32.625415
       ],
       [
        34.9187108,
        32.6256057
       ],
       [
        34.9182439,
        32.6258028
       ],
       [
        34.9177808,
        32.6260064
       ],
       [
        34.9173216,
        32.6262163
       ],
       [
        34.9168666,
        32.6264325
       ],
       [
        34.9164158,
        32.6266549
       ],
       [
        34.9159694,
        32.6268836
       ],
       [
        34.9155274,
        32.6271183
       ],
       [
        34.9150899,
        32.6273591
       ],
       [
        34.9146572,
        32.627606
       ],
       [
        34.9142293,
        32.6278587
       ],
       [
        34.9138063,
        32.6281173
       ],
       [
        34.9133883,
        32.6283817
       ],
       [
        34.9129755,
        32.6286519
       ],
       [
        34.9125679,
        32.6289277
       ],
       [
        34.9121657,
        32.6292091
       ],
       [
        34.911769,
        32.6294959
       ],
       [
        34.9113778,
        32.6297883
       ],
       [
        34.9109923,
        32.6300859
       ],
       [
        34.9106126,
        32.6303889
       ],
       [
        34.9102388,
        32.630697
       ],
       [
        34.909871,
        32.6310103
       ],
       [
        34.9095092,
        32.6313286
       ],
       [
        34.9091536,
        32.6316518
       ],
       [
        34.9088043,
        32.6319799
       ],
       [
        34.9084614,
        32.6323127
       ],
       [
        34.9081248,
        32.6326503
       ],
       [
        34.9077949,
        32.6329924
       ],
       [
        34.9074716,
        32.633339
       ],
       [
        34.9071549,
        32.6336901
       ],
       [
        34.9068451,
        32.6340455
       ],
       [
        34.9065422,
        32.6344051
       ],
       [
        34.9062462,
        32.6347688
       ],
       [
        34.9059573,
        32.6351365
       ],
       [
        34.9056755,
        32.6355082
       ],
       [
        34.9054009,
        32.6358837
       ],
       [
        34.9051335,
        32.636263
       ],
       [
        34.9048735,
        32.6366459
       ],
       [
        34.9046209,
        32.6370323
       ],
       [
        34.9043757,
        32.6374222
       ],
       [
        34.9041381,
        32.6378154
       ],
       [
        34.9039081,
        32.6382118
       ],
       [
        34.9036858,
        32.6386113
       ],
       [
        34.9034712,
        32.6390138
       ],
       [
        34.9032644,
        32.6394193
       ],
       [
        34.9030654,
        32.6398275
       ],
       [
        34.9028743,
        32.6402385
       ],
       [
        34.9026911,
        32.640652
       ],
       [
        34.9025159,
        32.6410679
       ],
       [
        34.9023487,
        32.6414863
       ],
       [
        34.9021897,
        32.6419069
       ],
       [
        34.9020387,
        32.6423296
       ],
       [
        34.9018959,
        32.6427544
       ],
       [
        34.9017613,
        32.643181
       ],
       [
        34.9016349,
        32.6436095
       ],
       [
        34.9015168,
        32.6440396
       ],
       [
        34.901407,
        32.6444714
       ],
       [
        34.9013056,
        32.6449045
       ],
       [
        34.9012125,
        32.6453391
       ],
       [
        34.9011277,
        32.6457748
       ],
       [
        34.9010514,
        32.6462116
       ],
       [
        34.9009835,
        32.6466495
       ],
       [
        34.900924,
        32.6470882
       ],
       [
        34.900873,
        32.6475277
       ],
       [
        34.9008305,
        32.6479678
       ],
       [
        34.9007964,
        32.6484085
       ],
       [
        34.9007709,
        32.6488496
       ],
       [
        34.9007538,
        32.6492909
       ],
       [
        34.9007452,
        32.6497325
       ],
       [
        34.9007452,
        32.6501741
       ],
       [
        34.9007536,
        32.6506156
       ],
       [
        34.9007706,
        32.651057
       ],
       [
        34.900796,
        32.6514981
       ],
       [
        34.90083,
        32.6519387
       ],
       [
        34.9008724,
        32.6523789
       ],
       [
        34.9009233,
        32.6528184
       ],
       [
        34.9009827,
        32.6532571
       ],
       [
        34.9010505,
        32.653695
       ],
       [
        34.9011267,
        32.6541318
       ],
       [
        34.9012113,
        32.6545676
       ],
       [
        34.9013043,
        32.6550021
       ],
       [
        34.9014057,
        32.6554353
       ],
       [
        34.9015154,
        32.6558671
       ],
       [
        34.9016334,
        32.6562972
       ],
       [
        34.9017597,
        32.6567257
       ],
       [
        34.9018942,
        32.6571524
       ],
       [
        34.902037,
        32.6575772
       ],
       [
        34.9021879,
        32.6579999
       ],
       [
        34.9023469,
        32.6584205
       ],
       [
        34.902514,
        32.6588389
       ],
       [
        34.9026891,
        32.6592549
       ],
       [
        34.9028722,
        32.6596684
       ],
       [
        34.9030633,
        32.6600794
       ],
       [
        34.9032623,
        32.6604877
       ],
       [
        34.9034691,
        32.6608931
       ],
       [
        34.9036837,
        32.6612957
       ],
       [
        34.903906,
        32.6616953
       ],
       [
        34.904136,
        32.6620917
       ],
       [
        34.9043736,
        32.6624849
       ],
       [
        34.9046187,
        32.6628748
       ],
       [
        34.9048713,
        32.6632613
       ],
       [
        34.9051313,
        32.6636442
       ],
       [
        34.9053987,
        32.6640235
       ],
       [
        34.9056734,
        32.664399
       ],
       [
        34.9059552,
        32.6647707
       ],
       [
        34.9062442,
        32.6651385
       ],
       [
        34.9065402,
        32.6655023
       ],
       [
        34.9068432,
        32.6658619
       ],
       [
        34.9071531,
        32.6662173
       ],
       [
        34.9074698,
        32.6665683
       ],
       [
        34.9077932,
        32.666915
       ],
       [
        34.9081233,
        32.6672572
       ],
       [
        34.9084599,
        32.6675947
       ],
       [
        34.9088029,
        32.6679276
       ],
       [
        34.9091524,
        32.6682557
       ],
       [
        34.9095081,
        32.6685789
       ],
       [
        34.90987,
        32.6688972
       ],
       [
        34.910238,
        32.6692105
       ],
       [
        34.9106119,
        32.6695186
       ],
       [
        34.9109918,
        32.6698216
       ],
       [
        34.9113775,
        32.6701193
       ],
       [
        34.9117688,
        32.6704116
       ],
       [
        34.9121657,
        32.6706985
       ],
       [
        34.9125681,
        32.6709799
       ],
       [
        34.9129759,
        32.6712556
       ],
       [
        34.9133889,
        32.6715258
       ],
       [
        34.9138071,
        32.6717902
       ],
       [
        34.9142303,
        32.6720488
       ],
       [
        34.9146584,
        32.6723015
       ],
       [
        34.9150914,
        32.6725483
       ],
       [
        34.915529,
        32.6727891
       ],
       [
        34.9159713,
        32.6730238
       ],
       [
        34.916418,
        32.6732525
       ],
       [
        34.9168691,
        32.6734749
       ],
       [
        34.9173243,
        32.673691
       ],
       [
        34.9177837,
        32.6739009
       ],
       [
        34.9182471,
        32.6741044
       ],
       [
        34.9187143,
        32.6743015
       ],
       [
        34.9191853,
        32.6744921
       ],
       [
        34.9196599,
        32.6746762
       ],
       [
        34.920138,
        32.6748537
       ],
       [
        34.9206194,
        32.6750247
       ],
       [
        34.9211041,
        32.6751889
       ],
       [
        34.9215918,
        32.6753465
       ],
       [
        34.9220825,
        32.6754973
       ],
       [
        34.9225761,
        32.6756413
       ],
       [
        34.9230724,
        32.6757785
       ],
       [
        34.9235713,
        32.6759089
       ],
       [
        34.9240726,
        32.6760323
       ],
       [
        34.9245762,
        32.6761489
       ],
       [
        34.925082,
        32.6762584
       ],
       [
        34.9255899,
        32.676361
       ],
       [
        34.9260996,
        32.6764566
       ],
       [
        34.9266112,
        32.6765451
       ],
       [
        34.9271243,
        32.6766266
       ],
       [
        34.927639,
        32.6767009
       ],
       [
        34.928155,
        32.6767682
       ],
       [
        34.9286723,
        32.6768283
       ],
       [
        34.9291907,
        32.6768814
       ],
       [
        34.92971,
        32.6769272
       ],
       [
        34.9302301,
        32.6769659
       ],
       [
        34.9307509,
        32.6769974
       ],
       [
        34.9312723,
        32.6770217
       ],
       [
        34.931794,
        32.6770389
       ],
       [
        34.932316,
        32.6770488
       ],
       [
        34.9328381,
        32.6770516
       ],
       [
        34.9333602,
        32.6770471
       ]
      ]
     ]
    ],
    "type": "MultiPolygon"
   }
  },
  {
   "type": "Feature",
   "properties": {
    "code": "LLR24",
    "nameHe": "שטח אש 24",
    "nameEn": "Fire Zone 24 North",
    "zoneTypeCode": "AIP_RESTRICTED",
    "floorAmslFt": 0,
    "ceilingAmslFt": null,
    "aglCeilingFt": null,
    "notes": "ceiling UNL (unlimited) per א'-17 — stored null; gdb encodes as 99000 | א'-17 definition note: קואורדינטות מפורטות בפרק ENR5.1 ב - AIP | gdb editor stamp: AGL AVIATION 2020-02-26T00:00:00.000"
   },
   "geometry": {
    "coordinates": [
     [
      [
       [
        34.5647222,
        31.9691667
       ],
       [
        34.7375,
        31.9772222
       ],
       [
        34.7213889,
        31.9322222
       ],
       [
        34.5325,
        31.9152778
       ],
       [
        34.5647222,
        31.9691667
       ]
      ]
     ]
    ],
    "type": "MultiPolygon"
   }
  },
  {
   "type": "Feature",
   "properties": {
    "code": "LLR27",
    "nameHe": "אילת",
    "nameEn": "Eilat",
    "zoneTypeCode": "AIP_RESTRICTED",
    "floorAmslFt": 0,
    "ceilingAmslFt": 23000,
    "aglCeilingFt": null,
    "notes": "א'-17 definition note: צפונה לאורך הגבול בין ישראל למצרים עד : | gdb editor stamp: ILANS 2019-07-27T20:18:32.000"
   },
   "geometry": {
    "coordinates": [
     [
      [
       [
        34.9563889,
        29.5358333
       ],
       [
        34.9041667,
        29.4919444
       ],
       [
        34.895865,
        29.512404
       ],
       [
        34.8849,
        29.527655
       ],
       [
        34.877208,
        29.543232
       ],
       [
        34.873089,
        29.579183
       ],
       [
        34.866832,
        29.597429
       ],
       [
        34.876242,
        29.615593
       ],
       [
        34.8769265,
        29.6270905
       ],
       [
        34.8779697,
        29.6445587
       ],
       [
        34.8672222,
        29.6655556
       ],
       [
        34.9333333,
        29.6713889
       ],
       [
        34.9802778,
        29.5894444
       ],
       [
        34.9563889,
        29.5358333
       ]
      ]
     ]
    ],
    "type": "MultiPolygon"
   }
  },
  {
   "type": "Feature",
   "properties": {
    "code": "LLR30",
    "nameHe": "שטח אש 30",
    "nameEn": "Fire Zone 30",
    "zoneTypeCode": "AIP_RESTRICTED",
    "floorAmslFt": 0,
    "ceilingAmslFt": null,
    "aglCeilingFt": null,
    "notes": "ceiling UNL (unlimited) per א'-17 — stored null; gdb encodes as 99000 | gdb editor stamp: AMI 2022-01-23T00:00:00.000"
   },
   "geometry": {
    "coordinates": [
     [
      [
       [
        34.8680556,
        32.6818611
       ],
       [
        34.8830556,
        32.7155556
       ],
       [
        34.9430556,
        32.7152778
       ],
       [
        34.9275,
        32.6818611
       ],
       [
        34.8680556,
        32.6818611
       ]
      ]
     ]
    ],
    "type": "MultiPolygon"
   }
  },
  {
   "type": "Feature",
   "properties": {
    "code": "LLR309",
    "nameHe": "שטח אש 309",
    "nameEn": "Fire Zone 309",
    "zoneTypeCode": "AIP_RESTRICTED",
    "floorAmslFt": 0,
    "ceilingAmslFt": 5000,
    "aglCeilingFt": null,
    "notes": "א'-17 definition note: קואורדינטות מפורטות בפרק ENR5.1 ב - AIP | gdb editor stamp: AGL AVIATION 2021-08-02T00:00:00.000"
   },
   "geometry": {
    "coordinates": [
     [
      [
       [
        34.8758126,
        31.500627
       ],
       [
        34.9052966,
        31.5221665
       ],
       [
        34.9386607,
        31.5043184
       ],
       [
        34.9390157,
        31.4859735
       ],
       [
        34.8950569,
        31.4368539
       ],
       [
        34.8635599,
        31.4344561
       ],
       [
        34.8608865,
        31.4093957
       ],
       [
        34.7973975,
        31.4269909
       ],
       [
        34.7956374,
        31.5258358
       ],
       [
        34.8647757,
        31.5265938
       ],
       [
        34.8758126,
        31.500627
       ]
      ]
     ]
    ],
    "type": "MultiPolygon"
   }
  },
  {
   "type": "Feature",
   "properties": {
    "code": "LLR35",
    "nameHe": "קרית גת",
    "nameEn": "Kiryat Gat",
    "zoneTypeCode": "AIP_RESTRICTED",
    "floorAmslFt": 0,
    "ceilingAmslFt": 900,
    "aglCeilingFt": null,
    "notes": "not in א'-17 appendix ב' — source: gdb only (A17 flag V) | gdb editor stamp: ILANS 2017-06-27T10:30:24.000"
   },
   "geometry": {
    "coordinates": [
     [
      [
       [
        34.7789083,
        31.5965276
       ],
       [
        34.778917,
        31.5967807
       ],
       [
        34.778934,
        31.5970334
       ],
       [
        34.7789592,
        31.5972856
       ],
       [
        34.7789927,
        31.5975371
       ],
       [
        34.7790345,
        31.5977877
       ],
       [
        34.7790844,
        31.5980372
       ],
       [
        34.7791426,
        31.5982854
       ],
       [
        34.7792088,
        31.5985321
       ],
       [
        34.7792831,
        31.5987771
       ],
       [
        34.7793654,
        31.5990202
       ],
       [
        34.7794556,
        31.5992613
       ],
       [
        34.7795537,
        31.5995001
       ],
       [
        34.7796596,
        31.5997364
       ],
       [
        34.7797732,
        31.5999701
       ],
       [
        34.7798944,
        31.600201
       ],
       [
        34.7800231,
        31.6004289
       ],
       [
        34.7801593,
        31.6006536
       ],
       [
        34.7803028,
        31.600875
       ],
       [
        34.7804535,
        31.6010928
       ],
       [
        34.7806112,
        31.6013069
       ],
       [
        34.780776,
        31.6015171
       ],
       [
        34.7809475,
        31.6017233
       ],
       [
        34.7811258,
        31.6019253
       ],
       [
        34.7813106,
        31.602123
       ],
       [
        34.7815018,
        31.6023161
       ],
       [
        34.7816992,
        31.6025045
       ],
       [
        34.7819028,
        31.6026881
       ],
       [
        34.7821123,
        31.6028668
       ],
       [
        34.7823276,
        31.6030404
       ],
       [
        34.7825485,
        31.6032087
       ],
       [
        34.7827748,
        31.6033717
       ],
       [
        34.7830064,
        31.6035291
       ],
       [
        34.7832431,
        31.6036809
       ],
       [
        34.7834846,
        31.603827
       ],
       [
        34.7837308,
        31.6039672
       ],
       [
        34.7839816,
        31.6041015
       ],
       [
        34.7842366,
        31.6042297
       ],
       [
        34.7844957,
        31.6043517
       ],
       [
        34.7847588,
        31.6044674
       ],
       [
        34.7850255,
        31.6045768
       ],
       [
        34.7852957,
        31.6046797
       ],
       [
        34.7855692,
        31.6047761
       ],
       [
        34.7858458,
        31.6048658
       ],
       [
        34.7861251,
        31.6049489
       ],
       [
        34.7864071,
        31.6050253
       ],
       [
        34.7866915,
        31.6050949
       ],
       [
        34.7869781,
        31.6051576
       ],
       [
        34.7872666,
        31.6052133
       ],
       [
        34.7875568,
        31.6052622
       ],
       [
        34.7878485,
        31.605304
       ],
       [
        34.7881414,
        31.6053388
       ],
       [
        34.7884354,
        31.6053666
       ],
       [
        34.7887302,
        31.6053873
       ],
       [
        34.7890255,
        31.6054009
       ],
       [
        34.7893212,
        31.6054074
       ],
       [
        34.7896169,
        31.6054069
       ],
       [
        34.7899132,
        31.6053991
       ],
       [
        34.7902091,
        31.6053843
       ],
       [
        34.7905044,
        31.6053623
       ],
       [
        34.7907989,
        31.6053333
       ],
       [
        34.7910922,
        31.6052971
       ],
       [
        34.7913843,
        31.6052539
       ],
       [
        34.7916749,
        31.6052037
       ],
       [
        34.7919636,
        31.6051465
       ],
       [
        34.7922504,
        31.6050824
       ],
       [
        34.792535,
        31.6050114
       ],
       [
        34.7928171,
        31.6049336
       ],
       [
        34.7930966,
        31.6048491
       ],
       [
        34.7933731,
        31.6047578
       ],
       [
        34.7936466,
        31.6046599
       ],
       [
        34.7939167,
        31.6045555
       ],
       [
        34.7941833,
        31.6044446
       ],
       [
        34.7944461,
        31.6043274
       ],
       [
        34.794705,
        31.6042038
       ],
       [
        34.7949597,
        31.6040741
       ],
       [
        34.7952101,
        31.6039383
       ],
       [
        34.7954559,
        31.6037965
       ],
       [
        34.7956969,
        31.6036489
       ],
       [
        34.795933,
        31.6034955
       ],
       [
        34.7961639,
        31.6033365
       ],
       [
        34.7963896,
        31.603172
       ],
       [
        34.7966097,
        31.6030021
       ],
       [
        34.7968242,
        31.602827
       ],
       [
        34.7970328,
        31.6026469
       ],
       [
        34.7972354,
        31.6024617
       ],
       [
        34.7974319,
        31.6022718
       ],
       [
        34.797622,
        31.6020772
       ],
       [
        34.7978057,
        31.6018781
       ],
       [
        34.7979828,
        31.6016746
       ],
       [
        34.7981531,
        31.601467
       ],
       [
        34.7983165,
        31.6012554
       ],
       [
        34.7984729,
        31.6010399
       ],
       [
        34.7986221,
        31.6008207
       ],
       [
        34.7987641,
        31.600598
       ],
       [
        34.7988987,
        31.600372
       ],
       [
        34.7990258,
        31.6001429
       ],
       [
        34.7991454,
        31.5999107
       ],
       [
        34.7992573,
        31.5996758
       ],
       [
        34.7993614,
        31.5994383
       ],
       [
        34.7994576,
        31.5991984
       ],
       [
        34.799546,
        31.5989562
       ],
       [
        34.7996263,
        31.5987121
       ],
       [
        34.7996986,
        31.5984661
       ],
       [
        34.7997628,
        31.5982184
       ],
       [
        34.7998188,
        31.5979693
       ],
       [
        34.7998666,
        31.5977189
       ],
       [
        34.7999062,
        31.5974675
       ],
       [
        34.7999375,
        31.5972153
       ],
       [
        34.7999605,
        31.5969624
       ],
       [
        34.7999752,
        31.596709
       ],
       [
        34.7999815,
        31.5964554
       ],
       [
        34.7999795,
        31.5962017
       ],
       [
        34.7999692,
        31.5959482
       ],
       [
        34.7999505,
        31.595695
       ],
       [
        34.7999235,
        31.5954424
       ],
       [
        34.7998883,
        31.5951905
       ],
       [
        34.7998448,
        31.5949396
       ],
       [
        34.799793,
        31.5946898
       ],
       [
        34.7997331,
        31.5944414
       ],
       [
        34.799665,
        31.5941945
       ],
       [
        34.7995888,
        31.5939493
       ],
       [
        34.7995047,
        31.5937061
       ],
       [
        34.7994125,
        31.593465
       ],
       [
        34.7993125,
        31.5932262
       ],
       [
        34.7992047,
        31.5929899
       ],
       [
        34.7990891,
        31.5927563
       ],
       [
        34.7989659,
        31.5925256
       ],
       [
        34.7988352,
        31.5922979
       ],
       [
        34.7986971,
        31.5920735
       ],
       [
        34.7985516,
        31.5918524
       ],
       [
        34.798399,
        31.591635
       ],
       [
        34.7982392,
        31.5914213
       ],
       [
        34.7980725,
        31.5912116
       ],
       [
        34.797899,
        31.5910059
       ],
       [
        34.7977188,
        31.5908046
       ],
       [
        34.797532,
        31.5906076
       ],
       [
        34.7973389,
        31.5904152
       ],
       [
        34.7971395,
        31.5902275
       ],
       [
        34.796934,
        31.5900447
       ],
       [
        34.7967226,
        31.5898669
       ],
       [
        34.7965054,
        31.5896943
       ],
       [
        34.7962827,
        31.589527
       ],
       [
        34.7960545,
        31.5893651
       ],
       [
        34.7958211,
        31.5892088
       ],
       [
        34.7955827,
        31.5890581
       ],
       [
        34.7953394,
        31.5889133
       ],
       [
        34.7950914,
        31.5887743
       ],
       [
        34.794839,
        31.5886414
       ],
       [
        34.7945823,
        31.5885146
       ],
       [
        34.7943216,
        31.588394
       ],
       [
        34.794057,
        31.5882798
       ],
       [
        34.7937888,
        31.588172
       ],
       [
        34.7935171,
        31.5880706
       ],
       [
        34.7932422,
        31.5879759
       ],
       [
        34.7929643,
        31.5878878
       ],
       [
        34.7926836,
        31.5878064
       ],
       [
        34.7924003,
        31.5877319
       ],
       [
        34.7921147,
        31.5876641
       ],
       [
        34.791827,
        31.5876033
       ],
       [
        34.7915374,
        31.5875494
       ],
       [
        34.7912462,
        31.5875025
       ],
       [
        34.7909535,
        31.5874627
       ],
       [
        34.7906596,
        31.5874299
       ],
       [
        34.7903648,
        31.5874042
       ],
       [
        34.7902654,
        31.5871935
       ],
       [
        34.7901584,
        31.5869857
       ],
       [
        34.7900437,
        31.5867808
       ],
       [
        34.7899216,
        31.5865791
       ],
       [
        34.7897921,
        31.5863808
       ],
       [
        34.7896554,
        31.5861861
       ],
       [
        34.7895116,
        31.5859952
       ],
       [
        34.7893608,
        31.5858082
       ],
       [
        34.7892032,
        31.5856254
       ],
       [
        34.789039,
        31.585447
       ],
       [
        34.7888683,
        31.585273
       ],
       [
        34.7886913,
        31.5851037
       ],
       [
        34.7885082,
        31.5849393
       ],
       [
        34.7883191,
        31.5847799
       ],
       [
        34.7881243,
        31.5846257
       ],
       [
        34.7879238,
        31.5844768
       ],
       [
        34.787718,
        31.5843334
       ],
       [
        34.787507,
        31.5841956
       ],
       [
        34.7872911,
        31.5840635
       ],
       [
        34.7870704,
        31.5839374
       ],
       [
        34.7868452,
        31.5838172
       ],
       [
        34.7866157,
        31.5837032
       ],
       [
        34.786382,
        31.5835954
       ],
       [
        34.7861446,
        31.583494
       ],
       [
        34.7859035,
        31.583399
       ],
       [
        34.7856591,
        31.5833106
       ],
       [
        34.7854115,
        31.5832287
       ],
       [
        34.7851611,
        31.5831536
       ],
       [
        34.784908,
        31.5830853
       ],
       [
        34.7846525,
        31.5830239
       ],
       [
        34.7843949,
        31.5829693
       ],
       [
        34.7841354,
        31.5829217
       ],
       [
        34.7838743,
        31.5828812
       ],
       [
        34.7836118,
        31.5828477
       ],
       [
        34.7833482,
        31.5828213
       ],
       [
        34.7830838,
        31.582802
       ],
       [
        34.7828188,
        31.5827898
       ],
       [
        34.7825535,
        31.5827848
       ],
       [
        34.7822882,
        31.5827869
       ],
       [
        34.782023,
        31.5827962
       ],
       [
        34.7817583,
        31.5828126
       ],
       [
        34.7814944,
        31.5828362
       ],
       [
        34.7812314,
        31.5828668
       ],
       [
        34.7809697,
        31.5829045
       ],
       [
        34.7807096,
        31.5829493
       ],
       [
        34.7804512,
        31.583001
       ],
       [
        34.7801948,
        31.5830597
       ],
       [
        34.7799407,
        31.5831253
       ],
       [
        34.7796892,
        31.5831976
       ],
       [
        34.7794404,
        31.5832767
       ],
       [
        34.7791947,
        31.5833625
       ],
       [
        34.7789522,
        31.5834549
       ],
       [
        34.7787133,
        31.5835537
       ],
       [
        34.7784781,
        31.583659
       ],
       [
        34.7782469,
        31.5837705
       ],
       [
        34.7780199,
        31.5838882
       ],
       [
        34.7777973,
        31.5840119
       ],
       [
        34.7775795,
        31.5841416
       ],
       [
        34.7773665,
        31.5842771
       ],
       [
        34.7771585,
        31.5844183
       ],
       [
        34.7769559,
        31.584565
       ],
       [
        34.7767588,
        31.5847171
       ],
       [
        34.7765673,
        31.5848744
       ],
       [
        34.7763818,
        31.5850368
       ],
       [
        34.7762023,
        31.5852042
       ],
       [
        34.776029,
        31.5853762
       ],
       [
        34.7758622,
        31.5855529
       ],
       [
        34.7757019,
        31.585734
       ],
       [
        34.7755484,
        31.5859193
       ],
       [
        34.7754018,
        31.5861086
       ],
       [
        34.7752622,
        31.5863018
       ],
       [
        34.7751297,
        31.5864987
       ],
       [
        34.7750046,
        31.5866991
       ],
       [
        34.7748869,
        31.5869027
       ],
       [
        34.7747768,
        31.5871094
       ],
       [
        34.7746743,
        31.5873189
       ],
       [
        34.7745796,
        31.5875311
       ],
       [
        34.7744927,
        31.5877458
       ],
       [
        34.7744137,
        31.5879627
       ],
       [
        34.7743428,
        31.5881816
       ],
       [
        34.77428,
        31.5884023
       ],
       [
        34.7742253,
        31.5886246
       ],
       [
        34.7741788,
        31.5888483
       ],
       [
        34.7741405,
        31.5890731
       ],
       [
        34.7741106,
        31.5892988
       ],
       [
        34.7740889,
        31.5895252
       ],
       [
        34.7740756,
        31.5897521
       ],
       [
        34.7740707,
        31.5899792
       ],
       [
        34.7740741,
        31.5902064
       ],
       [
        34.7740859,
        31.5904333
       ],
       [
        34.7741059,
        31.5906599
       ],
       [
        34.7741344,
        31.5908857
       ],
       [
        34.7741711,
        31.5911107
       ],
       [
        34.774216,
        31.5913346
       ],
       [
        34.7742692,
        31.5915572
       ],
       [
        34.7743306,
        31.5917782
       ],
       [
        34.7744,
        31.5919975
       ],
       [
        34.7744775,
        31.5922147
       ],
       [
        34.7745629,
        31.5924298
       ],
       [
        34.7746562,
        31.5926425
       ],
       [
        34.7747573,
        31.5928526
       ],
       [
        34.774866,
        31.5930598
       ],
       [
        34.7749823,
        31.593264
       ],
       [
        34.7751061,
        31.593465
       ],
       [
        34.7752372,
        31.5936625
       ],
       [
        34.7753755,
        31.5938564
       ],
       [
        34.7755208,
        31.5940464
       ],
       [
        34.7756731,
        31.5942325
       ],
       [
        34.7758321,
        31.5944144
       ],
       [
        34.7759978,
        31.5945919
       ],
       [
        34.7761699,
        31.5947648
       ],
       [
        34.7763483,
        31.594933
       ],
       [
        34.7765328,
        31.5950964
       ],
       [
        34.7767232,
        31.5952546
       ],
       [
        34.7769193,
        31.5954077
       ],
       [
        34.7771209,
        31.5955554
       ],
       [
        34.7773279,
        31.5956976
       ],
       [
        34.77754,
        31.5958341
       ],
       [
        34.7777571,
        31.5959649
       ],
       [
        34.7779788,
        31.5960898
       ],
       [
        34.778205,
        31.5962086
       ],
       [
        34.7784355,
        31.5963212
       ],
       [
        34.77867,
        31.5964276
       ],
       [
        34.7789083,
        31.5965276
       ]
      ]
     ]
    ],
    "type": "MultiPolygon"
   }
  },
  {
   "type": "Feature",
   "properties": {
    "code": "LLR500",
    "nameHe": "שטח אש 500",
    "nameEn": "Fire Zone 500",
    "zoneTypeCode": "AIP_RESTRICTED",
    "floorAmslFt": 0,
    "ceilingAmslFt": 14500,
    "aglCeilingFt": null,
    "notes": "א'-17 definition note: קואורדינטות מפורטות בפרק ENR5.1 ב - AIP | gdb editor stamp: AMI 2021-08-02T00:00:00.000"
   },
   "geometry": {
    "coordinates": [
     [
      [
       [
        34.9722389,
        31.0305962
       ],
       [
        34.9423733,
        30.9994284
       ],
       [
        34.9156511,
        30.9973243
       ],
       [
        34.8570721,
        31.0580265
       ],
       [
        34.974834,
        31.0859346
       ],
       [
        34.9733764,
        31.0694465
       ],
       [
        34.9903303,
        31.0626058
       ],
       [
        34.9722389,
        31.0305962
       ]
      ]
     ]
    ],
    "type": "MultiPolygon"
   }
  },
  {
   "type": "Feature",
   "properties": {
    "code": "LLR502",
    "nameHe": "שטח אש 502",
    "nameEn": "Fire Zone 502",
    "zoneTypeCode": "AIP_RESTRICTED",
    "floorAmslFt": 0,
    "ceilingAmslFt": 14500,
    "aglCeilingFt": null,
    "notes": "א'-17 definition note: קואורדינטות מפורטות בפרק ENR5.1 ב - AIP | gdb editor stamp: AMI 2021-08-02T00:00:00.000"
   },
   "geometry": {
    "coordinates": [
     [
      [
       [
        34.9722389,
        31.0305962
       ],
       [
        35.0372618,
        31.046642
       ],
       [
        35.0424284,
        31.0212239
       ],
       [
        35.0651901,
        31.0193417
       ],
       [
        35.0435851,
        30.9640562
       ],
       [
        35.0083946,
        30.9905244
       ],
       [
        34.9711637,
        30.9716841
       ],
       [
        34.9722389,
        31.0305962
       ]
      ]
     ]
    ],
    "type": "MultiPolygon"
   }
  },
  {
   "type": "Feature",
   "properties": {
    "code": "LLR504",
    "nameHe": "שטח אש 504",
    "nameEn": "Fire Zone 504",
    "zoneTypeCode": "AIP_RESTRICTED",
    "floorAmslFt": 0,
    "ceilingAmslFt": 14500,
    "aglCeilingFt": null,
    "notes": "א'-17 definition note: קואורדינטות מפורטות בפרק ENR5.1 ב - AIP | gdb editor stamp: AGL AVIATION 2016-07-06T20:46:37.000"
   },
   "geometry": {
    "coordinates": [
     [
      [
       [
        34.9244454,
        30.9172813
       ],
       [
        34.889149,
        30.9362102
       ],
       [
        34.9195015,
        30.9762618
       ],
       [
        34.9602146,
        30.9782566
       ],
       [
        34.9660431,
        30.9634331
       ],
       [
        34.9244454,
        30.9172813
       ]
      ]
     ]
    ],
    "type": "MultiPolygon"
   }
  },
  {
   "type": "Feature",
   "properties": {
    "code": "LLR520",
    "nameHe": "שטח אש 520",
    "nameEn": "Fire Zone 520",
    "zoneTypeCode": "AIP_RESTRICTED",
    "floorAmslFt": 0,
    "ceilingAmslFt": 14500,
    "aglCeilingFt": null,
    "notes": "א'-17 definition note: קואורדינטות מפורטות בפרק ENR5.1 ב - AIP | gdb editor stamp: AMI 2021-08-02T00:00:00.000"
   },
   "geometry": {
    "coordinates": [
     [
      [
       [
        34.8400534,
        30.6564872
       ],
       [
        34.7993784,
        30.7649832
       ],
       [
        34.851147,
        30.8115326
       ],
       [
        34.8541032,
        30.7788889
       ],
       [
        34.9208885,
        30.6975566
       ],
       [
        34.8400534,
        30.6564872
       ]
      ]
     ]
    ],
    "type": "MultiPolygon"
   }
  },
  {
   "type": "Feature",
   "properties": {
    "code": "LLR589",
    "nameHe": "שטח אש 589",
    "nameEn": "Fire Zone 589",
    "zoneTypeCode": "AIP_RESTRICTED",
    "floorAmslFt": 0,
    "ceilingAmslFt": 14500,
    "aglCeilingFt": null,
    "notes": "א'-17 definition note: קואורדינטות מפורטות בפרק ENR5.1 ב - AIP | gdb editor stamp: AMI 2021-08-02T00:00:00.000"
   },
   "geometry": {
    "coordinates": [
     [
      [
       [
        34.8081368,
        30.8905501
       ],
       [
        34.7847182,
        30.9947397
       ],
       [
        34.8019743,
        30.9958528
       ],
       [
        34.8027766,
        31.0176253
       ],
       [
        34.8639613,
        31.0151187
       ],
       [
        34.8971701,
        30.9675231
       ],
       [
        34.8081368,
        30.8905501
       ]
      ]
     ]
    ],
    "type": "MultiPolygon"
   }
  },
  {
   "type": "Feature",
   "properties": {
    "code": "LLR601",
    "nameHe": "שטחי אש 601",
    "nameEn": "Fire Zone 601",
    "zoneTypeCode": "AIP_RESTRICTED",
    "floorAmslFt": 0,
    "ceilingAmslFt": 99000,
    "aglCeilingFt": null,
    "notes": "not in א'-17 appendix ב' — source: gdb only (A17 flag V) | gdb editor stamp: AGL AVIATION 2016-07-06T20:46:37.000"
   },
   "geometry": {
    "coordinates": [
     [
      [
       [
        34.990112,
        32.9473211
       ],
       [
        35.0113763,
        32.9935036
       ],
       [
        35.077792,
        32.9718929
       ],
       [
        35.0742952,
        32.9535281
       ],
       [
        34.990112,
        32.9473211
       ]
      ]
     ]
    ],
    "type": "MultiPolygon"
   }
  },
  {
   "type": "Feature",
   "properties": {
    "code": "LLR602",
    "nameHe": "שטחי אש 602",
    "nameEn": "Fire Zone 602",
    "zoneTypeCode": "AIP_RESTRICTED",
    "floorAmslFt": 0,
    "ceilingAmslFt": 99000,
    "aglCeilingFt": null,
    "notes": "not in א'-17 appendix ב' — source: gdb only (A17 flag V) | gdb editor stamp: AGL AVIATION 2016-07-06T20:46:37.000"
   },
   "geometry": {
    "coordinates": [
     [
      [
       [
        34.9837602,
        32.8356419
       ],
       [
        34.812211,
        32.921201
       ],
       [
        34.8806836,
        32.978527
       ],
       [
        34.9837388,
        33.0035278
       ],
       [
        34.9837602,
        32.8356419
       ]
      ]
     ]
    ],
    "type": "MultiPolygon"
   }
  },
  {
   "type": "Feature",
   "properties": {
    "code": "LLR618",
    "nameHe": "שטח אש 618",
    "nameEn": "Fire Zone 618",
    "zoneTypeCode": "AIP_RESTRICTED",
    "floorAmslFt": 0,
    "ceilingAmslFt": 14500,
    "aglCeilingFt": null,
    "notes": "א'-17 definition note: קואורדינטות מפורטות בפרק ENR5.1 ב - AIP | gdb editor stamp: AMI 2021-08-02T00:00:00.000"
   },
   "geometry": {
    "coordinates": [
     [
      [
       [
        34.697348,
        30.9546613
       ],
       [
        34.7628642,
        30.9886807
       ],
       [
        34.7862601,
        30.9487685
       ],
       [
        34.7735673,
        30.9020708
       ],
       [
        34.7525562,
        30.8974172
       ],
       [
        34.7363615,
        30.8615351
       ],
       [
        34.7069395,
        30.8998286
       ],
       [
        34.697348,
        30.9546613
       ]
      ]
     ]
    ],
    "type": "MultiPolygon"
   }
  },
  {
   "type": "Feature",
   "properties": {
    "code": "LLR801",
    "nameHe": "מטווח 80 צפון",
    "nameEn": "Fire Zone 80 North",
    "zoneTypeCode": "AIP_RESTRICTED",
    "floorAmslFt": 0,
    "ceilingAmslFt": 11000,
    "aglCeilingFt": null,
    "notes": "gdb editor stamp: AMI 2021-01-10T00:00:00.000 | תיאום (אזורי): בקשה לתכנית טיסה באזורים LLR90/801/802/803/83 דורשת הגשת בקשה לחה\"א לפחות 7 ימי עבודה מראש."
   },
   "geometry": {
    "coordinates": [
     [
      [
       [
        34.8867565,
        30.5618359
       ],
       [
        34.9334252,
        30.49489
       ],
       [
        34.9506482,
        30.3426645
       ],
       [
        34.6698014,
        30.306275
       ],
       [
        34.6384112,
        30.3893324
       ],
       [
        34.6086875,
        30.4071105
       ],
       [
        34.7006364,
        30.4837788
       ],
       [
        34.8867565,
        30.5618359
       ]
      ]
     ]
    ],
    "type": "MultiPolygon"
   }
  },
  {
   "type": "Feature",
   "properties": {
    "code": "LLR802",
    "nameHe": "מטווח 80 צפון",
    "nameEn": "Fire Zone 80 East",
    "zoneTypeCode": "AIP_RESTRICTED",
    "floorAmslFt": 0,
    "ceilingAmslFt": 11000,
    "aglCeilingFt": null,
    "notes": "gdb editor stamp: AMI 2021-01-10T00:00:00.000 | תיאום (אזורי): בקשה לתכנית טיסה באזורים LLR90/801/802/803/83 דורשת הגשת בקשה לחה\"א לפחות 7 ימי עבודה מראש."
   },
   "geometry": {
    "coordinates": [
     [
      [
       [
        34.9334252,
        30.49489
       ],
       [
        35.0500975,
        30.4465555
       ],
       [
        35.0500973,
        30.3548868
       ],
       [
        34.9506482,
        30.3426645
       ],
       [
        34.9334252,
        30.49489
       ]
      ]
     ]
    ],
    "type": "MultiPolygon"
   }
  },
  {
   "type": "Feature",
   "properties": {
    "code": "LLR803",
    "nameHe": "מטווח 80 צפון",
    "nameEn": "Fire Zone 80 South",
    "zoneTypeCode": "AIP_RESTRICTED",
    "floorAmslFt": 0,
    "ceilingAmslFt": 11000,
    "aglCeilingFt": null,
    "notes": "gdb editor stamp: AMI 2021-01-10T00:00:00.000 | תיאום (אזורי): בקשה לתכנית טיסה באזורים LLR90/801/802/803/83 דורשת הגשת בקשה לחה\"א לפחות 7 ימי עבודה מראש."
   },
   "geometry": {
    "coordinates": [
     [
      [
       [
        34.8867565,
        30.5618359
       ],
       [
        34.7006364,
        30.4837788
       ],
       [
        34.6270218,
        30.4223886
       ],
       [
        34.5859087,
        30.5287799
       ],
       [
        34.6584122,
        30.5618361
       ],
       [
        34.8867565,
        30.5618359
       ]
      ]
     ]
    ],
    "type": "MultiPolygon"
   }
  },
  {
   "type": "Feature",
   "properties": {
    "code": "LLR804",
    "nameHe": "מטווח 80 דרום",
    "nameEn": "Fire Zone 80 south A",
    "zoneTypeCode": "AIP_RESTRICTED",
    "floorAmslFt": 0,
    "ceilingAmslFt": null,
    "aglCeilingFt": null,
    "notes": "ceiling UNL (unlimited) per א'-17 — stored null; gdb encodes as 99000 | א'-17 definition note: קואורדינטות מפורטות בפרק ENR5.1 ב - AIP | gdb editor stamp: AMI 2021-08-02T00:00:00.000"
   },
   "geometry": {
    "coordinates": [
     [
      [
       [
        34.8475232,
        29.9442927
       ],
       [
        34.8203484,
        29.9465231
       ],
       [
        34.8490994,
        29.8685126
       ],
       [
        34.83567,
        29.843618
       ],
       [
        34.8158554,
        29.8437637
       ],
       [
        34.7377937,
        30.0471266
       ],
       [
        34.7285492,
        30.1010536
       ],
       [
        34.6908617,
        30.1656818
       ],
       [
        34.782423,
        30.2035528
       ],
       [
        34.7906718,
        30.1860951
       ],
       [
        34.8467129,
        30.1895231
       ],
       [
        34.8841754,
        30.2036014
       ],
       [
        34.8709855,
        30.1715281
       ],
       [
        34.9466903,
        30.1237636
       ],
       [
        34.9136862,
        30.0587856
       ],
       [
        34.8875308,
        30.0589087
       ],
       [
        34.8914974,
        29.9957023
       ],
       [
        34.8983991,
        29.9663862
       ],
       [
        34.8475232,
        29.9442927
       ]
      ]
     ]
    ],
    "type": "MultiPolygon"
   }
  },
  {
   "type": "Feature",
   "properties": {
    "code": "LLR805",
    "nameHe": "מטווח 80 דרום",
    "nameEn": "Fire Zone 80 south B",
    "zoneTypeCode": "AIP_RESTRICTED",
    "floorAmslFt": 0,
    "ceilingAmslFt": 12500,
    "aglCeilingFt": null,
    "notes": "א'-17 definition note: קואורדינטות מפורטות בפרק ENR5.1 ב - AIP | gdb editor stamp: AMI 2021-08-02T00:00:00.000"
   },
   "geometry": {
    "coordinates": [
     [
      [
       [
        34.889498,
        30.2338317
       ],
       [
        34.9894469,
        30.2659686
       ],
       [
        34.9928538,
        30.1210788
       ],
       [
        34.9864053,
        30.0662987
       ],
       [
        34.9561585,
        30.0056132
       ],
       [
        34.8983991,
        29.9663862
       ],
       [
        34.8914974,
        29.9957023
       ],
       [
        34.8875308,
        30.0589087
       ],
       [
        34.9136862,
        30.0587856
       ],
       [
        34.9466903,
        30.1237636
       ],
       [
        34.8709855,
        30.1715281
       ],
       [
        34.8841754,
        30.2036014
       ],
       [
        34.889498,
        30.2338317
       ]
      ]
     ]
    ],
    "type": "MultiPolygon"
   }
  },
  {
   "type": "Feature",
   "properties": {
    "code": "LLR82",
    "nameHe": "שטח אש 82",
    "nameEn": "Fire Zone 24 South",
    "zoneTypeCode": "AIP_RESTRICTED",
    "floorAmslFt": 0,
    "ceilingAmslFt": 4000,
    "aglCeilingFt": null,
    "notes": "א'-17 definition note: קואורדינטות מפורטות בפרק ENR5.1 ב - AIP | gdb editor stamp: AGL AVIATION 2020-02-26T00:00:00.000"
   },
   "geometry": {
    "coordinates": [
     [
      [
       [
        34.7213889,
        31.9322222
       ],
       [
        34.74,
        31.9286111
       ],
       [
        34.7380556,
        31.9025
       ],
       [
        34.7197222,
        31.8736111
       ],
       [
        34.6791667,
        31.8647222
       ],
       [
        34.6744444,
        31.8475
       ],
       [
        34.6272222,
        31.8519444
       ],
       [
        34.5738889,
        31.8769444
       ],
       [
        34.5736111,
        31.9180556
       ],
       [
        34.7213889,
        31.9322222
       ]
      ]
     ]
    ],
    "type": "MultiPolygon"
   }
  },
  {
   "type": "Feature",
   "properties": {
    "code": "LLR83",
    "nameHe": "שט \" ן 83",
    "nameEn": "Satan 83",
    "zoneTypeCode": "AIP_RESTRICTED",
    "floorAmslFt": 0,
    "ceilingAmslFt": 11000,
    "aglCeilingFt": null,
    "notes": "GEOMETRY DISAGREEMENT: 6/6 א'-17 vertices do not appear in the gdb outline — requires visual adjudication (ב'-08) | gdb editor stamp: AMI 2021-08-02T00:00:00.000 | תיאום (אזורי): בקשה לתכנית טיסה באזורים LLR90/801/802/803/83 דורשת הגשת בקשה לחה\"א לפחות 7 ימי עבודה מראש."
   },
   "geometry": {
    "coordinates": [
     [
      [
       [
        35.4655,
        32.4106667
       ],
       [
        35.4451187,
        32.0838137
       ],
       [
        35.2291225,
        32.1883693
       ],
       [
        35.0489167,
        32.2611
       ],
       [
        35.0567669,
        32.2904854
       ],
       [
        35.2006246,
        32.4190026
       ],
       [
        35.2268999,
        32.4388579
       ],
       [
        35.2904085,
        32.4867006
       ],
       [
        35.3668272,
        32.544348
       ],
       [
        35.4716667,
        32.512
       ],
       [
        35.4655,
        32.4106667
       ]
      ]
     ]
    ],
    "type": "MultiPolygon"
   }
  },
  {
   "type": "Feature",
   "properties": {
    "code": "LLR90",
    "nameHe": "מטווח 90",
    "nameEn": "Fire Zone 900",
    "zoneTypeCode": "AIP_RESTRICTED",
    "floorAmslFt": 0,
    "ceilingAmslFt": 11000,
    "aglCeilingFt": null,
    "notes": "gdb editor stamp: AMI 2020-12-28T00:00:00.000 | תיאום (אזורי): בקשה לתכנית טיסה באזורים LLR90/801/802/803/83 דורשת הגשת בקשה לחה\"א לפחות 7 ימי עבודה מראש."
   },
   "geometry": {
    "coordinates": [
     [
      [
       [
        35.2402778,
        30.9325
       ],
       [
        35.12,
        30.6894444
       ],
       [
        34.9197222,
        30.8208333
       ],
       [
        35.0222222,
        30.9238889
       ],
       [
        35.1619444,
        30.935
       ],
       [
        35.2219444,
        31.0430556
       ],
       [
        35.2777778,
        31.0341667
       ],
       [
        35.2402778,
        30.9325
       ]
      ]
     ]
    ],
    "type": "MultiPolygon"
   }
  },
  {
   "type": "Feature",
   "properties": {
    "code": "LLR900",
    "nameHe": "שטח אש 900",
    "nameEn": "Fire Zone 900",
    "zoneTypeCode": "AIP_RESTRICTED",
    "floorAmslFt": 0,
    "ceilingAmslFt": null,
    "aglCeilingFt": null,
    "notes": "ceiling UNL (unlimited) per א'-17 — stored null; gdb encodes as 99000 | gdb editor stamp: AGL AVIATION 2016-07-06T20:46:37.000"
   },
   "geometry": {
    "coordinates": [
     [
      [
       [
        35.4404348,
        32.4056625
       ],
       [
        35.4535908,
        32.4124839
       ],
       [
        35.5087484,
        32.3620016
       ],
       [
        35.5075405,
        32.3301545
       ],
       [
        35.535539,
        32.3325897
       ],
       [
        35.5465774,
        32.2092722
       ],
       [
        35.5099626,
        32.1610332
       ],
       [
        35.4903532,
        32.0809342
       ],
       [
        35.4299516,
        32.0428652
       ],
       [
        35.4505087,
        31.9499976
       ],
       [
        35.3974329,
        31.9586585
       ],
       [
        35.3909187,
        31.9467935
       ],
       [
        35.4151983,
        31.9229476
       ],
       [
        35.3703952,
        31.9165867
       ],
       [
        35.3431391,
        31.937886
       ],
       [
        35.3572971,
        31.9605529
       ],
       [
        35.3478361,
        31.9813808
       ],
       [
        35.3712295,
        32.0032351
       ],
       [
        35.3647637,
        32.1534051
       ],
       [
        35.3716921,
        32.1671355
       ],
       [
        35.3841224,
        32.1599146
       ],
       [
        35.3914995,
        32.2055933
       ],
       [
        35.4684627,
        32.2399209
       ],
       [
        35.4574787,
        32.2661191
       ],
       [
        35.4026148,
        32.2937155
       ],
       [
        35.3913419,
        32.3176408
       ],
       [
        35.4117405,
        32.3509921
       ],
       [
        35.397502,
        32.3586273
       ],
       [
        35.4083018,
        32.3765307
       ],
       [
        35.3867135,
        32.3919055
       ],
       [
        35.4162468,
        32.4175675
       ],
       [
        35.4404348,
        32.4056625
       ]
      ]
     ]
    ],
    "type": "MultiPolygon"
   }
  },
  {
   "type": "Feature",
   "properties": {
    "code": "LLR921",
    "nameHe": "שטח אש 921",
    "nameEn": "Fire Zone 921",
    "zoneTypeCode": "AIP_RESTRICTED",
    "floorAmslFt": 0,
    "ceilingAmslFt": 5000,
    "aglCeilingFt": null,
    "notes": "א'-17 definition note: קואורדינטות מפורטות בפרק ENR5.1 ב - AIP | gdb editor stamp: AGL AVIATION 2021-08-02T00:00:00.000"
   },
   "geometry": {
    "coordinates": [
     [
      [
       [
        35.3870678,
        31.5936538
       ],
       [
        35.3656607,
        31.6010423
       ],
       [
        35.3520819,
        31.5868168
       ],
       [
        35.371245,
        31.5345991
       ],
       [
        35.345479,
        31.5168407
       ],
       [
        35.3666275,
        31.4691819
       ],
       [
        35.2941973,
        31.4210369
       ],
       [
        35.2944785,
        31.3785685
       ],
       [
        35.2679343,
        31.3108839
       ],
       [
        35.1820435,
        31.2851383
       ],
       [
        35.1442868,
        31.29067
       ],
       [
        35.1157232,
        31.319298
       ],
       [
        35.121817,
        31.3455078
       ],
       [
        35.2369094,
        31.3803891
       ],
       [
        35.2121559,
        31.44566
       ],
       [
        35.2388473,
        31.4492491
       ],
       [
        35.2864558,
        31.4966347
       ],
       [
        35.3277272,
        31.5629135
       ],
       [
        35.3114471,
        31.6529697
       ],
       [
        35.3267881,
        31.6793749
       ],
       [
        35.3155935,
        31.6981607
       ],
       [
        35.3305327,
        31.6921783
       ],
       [
        35.3397829,
        31.7097228
       ],
       [
        35.3067373,
        31.7634626
       ],
       [
        35.3129511,
        31.7751499
       ],
       [
        35.3435462,
        31.7836268
       ],
       [
        35.3330196,
        31.801703
       ],
       [
        35.373698,
        31.8116067
       ],
       [
        35.4242522,
        31.7807963
       ],
       [
        35.4501365,
        31.7798879
       ],
       [
        35.4608457,
        31.7609284
       ],
       [
        35.429109,
        31.6969913
       ],
       [
        35.4094456,
        31.6922927
       ],
       [
        35.4173269,
        31.6740548
       ],
       [
        35.3870678,
        31.5936538
       ]
      ]
     ]
    ],
    "type": "MultiPolygon"
   }
  }
 ]
}
