{
 "type": "FeatureCollection",
 "features": [
  {
   "type": "Feature",
   "properties": {
    "code": "ATZ-ARAD",
    "nameHe": "ערד",
    "nameEn": null,
    "zoneTypeCode": "ATZ",
    "floorAmslFt": 0,
    "ceilingAmslFt": 3000,
    "aglCeilingFt": null,
    "notes": "ATZ | אזרחי | source stamp 2020-08-16 | altitude unit unstated in source — adopted ft AMSL per producer's sibling files (verify in visual check)"
   },
   "geometry": {
    "coordinates": [
     [
      [
       [
        35.1625689,
        31.2369701
       ],
       [
        35.2155296,
        31.2438938
       ],
       [
        35.2158119,
        31.2435402
       ],
       [
        35.2160873,
        31.2431826
       ],
       [
        35.2163557,
        31.2428211
       ],
       [
        35.2166171,
        31.2424558
       ],
       [
        35.2168712,
        31.2420868
       ],
       [
        35.2171182,
        31.2417142
       ],
       [
        35.2173579,
        31.2413381
       ],
       [
        35.2175903,
        31.2409587
       ],
       [
        35.2178152,
        31.2405759
       ],
       [
        35.2180327,
        31.24019
       ],
       [
        35.2182426,
        31.239801
       ],
       [
        35.2184449,
        31.239409
       ],
       [
        35.2186396,
        31.2390142
       ],
       [
        35.2188266,
        31.2386166
       ],
       [
        35.2190058,
        31.2382165
       ],
       [
        35.2191772,
        31.2378138
       ],
       [
        35.2193408,
        31.2374087
       ],
       [
        35.2194964,
        31.2370013
       ],
       [
        35.2196442,
        31.2365917
       ],
       [
        35.2197839,
        31.2361801
       ],
       [
        35.2199156,
        31.2357665
       ],
       [
        35.2200393,
        31.2353511
       ],
       [
        35.2201548,
        31.234934
       ],
       [
        35.2202623,
        31.2345152
       ],
       [
        35.2203615,
        31.234095
       ],
       [
        35.2204526,
        31.2336734
       ],
       [
        35.2205355,
        31.2332506
       ],
       [
        35.2206102,
        31.2328266
       ],
       [
        35.2206766,
        31.2324017
       ],
       [
        35.2207347,
        31.2319758
       ],
       [
        35.2207845,
        31.2315492
       ],
       [
        35.2208261,
        31.2311219
       ],
       [
        35.2208593,
        31.230694
       ],
       [
        35.2208842,
        31.2302658
       ],
       [
        35.2209008,
        31.2298372
       ],
       [
        35.2209091,
        31.2294085
       ],
       [
        35.220909,
        31.2289797
       ],
       [
        35.2209005,
        31.228551
       ],
       [
        35.2208838,
        31.2281225
       ],
       [
        35.2208587,
        31.2276942
       ],
       [
        35.2208253,
        31.2272664
       ],
       [
        35.2207836,
        31.2268391
       ],
       [
        35.2207336,
        31.2264125
       ],
       [
        35.2206753,
        31.2259866
       ],
       [
        35.2206087,
        31.2255617
       ],
       [
        35.2205339,
        31.2251377
       ],
       [
        35.2204509,
        31.2247149
       ],
       [
        35.2203596,
        31.2242934
       ],
       [
        35.2202602,
        31.2238732
       ],
       [
        35.2201526,
        31.2234545
       ],
       [
        35.2200369,
        31.2230374
       ],
       [
        35.2199131,
        31.222622
       ],
       [
        35.2197812,
        31.2222085
       ],
       [
        35.2196413,
        31.2217969
       ],
       [
        35.2194935,
        31.2213873
       ],
       [
        35.2193377,
        31.22098
       ],
       [
        35.219174,
        31.2205749
       ],
       [
        35.2190025,
        31.2201723
       ],
       [
        35.2188232,
        31.2197722
       ],
       [
        35.2186361,
        31.2193747
       ],
       [
        35.2184413,
        31.2189799
       ],
       [
        35.2182389,
        31.218588
       ],
       [
        35.2180289,
        31.218199
       ],
       [
        35.2178113,
        31.2178132
       ],
       [
        35.2175863,
        31.2174305
       ],
       [
        35.2173539,
        31.217051
       ],
       [
        35.2171141,
        31.216675
       ],
       [
        35.2168671,
        31.2163025
       ],
       [
        35.2166129,
        31.2159335
       ],
       [
        35.2163515,
        31.2155683
       ],
       [
        35.2160831,
        31.2152068
       ],
       [
        35.2158077,
        31.2148493
       ],
       [
        35.2155254,
        31.2144958
       ],
       [
        35.2152362,
        31.2141463
       ],
       [
        35.2149403,
        31.2138011
       ],
       [
        35.2146377,
        31.2134602
       ],
       [
        35.2143286,
        31.2131236
       ],
       [
        35.2140129,
        31.2127916
       ],
       [
        35.2136909,
        31.2124641
       ],
       [
        35.2133625,
        31.2121413
       ],
       [
        35.2130279,
        31.2118232
       ],
       [
        35.2126872,
        31.21151
       ],
       [
        35.2123405,
        31.2112017
       ],
       [
        35.2119877,
        31.2108985
       ],
       [
        35.2116292,
        31.2106003
       ],
       [
        35.2112649,
        31.2103073
       ],
       [
        35.210895,
        31.2100196
       ],
       [
        35.2105195,
        31.2097373
       ],
       [
        35.2101386,
        31.2094604
       ],
       [
        35.2097524,
        31.209189
       ],
       [
        35.2093609,
        31.2089232
       ],
       [
        35.2089644,
        31.208663
       ],
       [
        35.2085628,
        31.2084085
       ],
       [
        35.2081564,
        31.2081599
       ],
       [
        35.2077452,
        31.2079171
       ],
       [
        35.2073293,
        31.2076803
       ],
       [
        35.2069089,
        31.2074494
       ],
       [
        35.2064841,
        31.2072247
       ],
       [
        35.2060549,
        31.207006
       ],
       [
        35.2056216,
        31.2067936
       ],
       [
        35.2051842,
        31.2065874
       ],
       [
        35.2047428,
        31.2063875
       ],
       [
        35.2042977,
        31.206194
       ],
       [
        35.2038488,
        31.2060068
       ],
       [
        35.2033964,
        31.2058262
       ],
       [
        35.2029405,
        31.2056521
       ],
       [
        35.2024813,
        31.2054845
       ],
       [
        35.2020189,
        31.2053236
       ],
       [
        35.2015534,
        31.2051693
       ],
       [
        35.2010851,
        31.2050217
       ],
       [
        35.2006139,
        31.2048809
       ],
       [
        35.20014,
        31.2047468
       ],
       [
        35.1996636,
        31.2046196
       ],
       [
        35.1991848,
        31.2044992
       ],
       [
        35.1987037,
        31.2043857
       ],
       [
        35.1982205,
        31.2042791
       ],
       [
        35.1977353,
        31.2041795
       ],
       [
        35.1972482,
        31.2040869
       ],
       [
        35.1967594,
        31.2040013
       ],
       [
        35.196269,
        31.2039227
       ],
       [
        35.1957772,
        31.2038511
       ],
       [
        35.195284,
        31.2037866
       ],
       [
        35.1947896,
        31.2037292
       ],
       [
        35.1942942,
        31.2036789
       ],
       [
        35.1937979,
        31.2036358
       ],
       [
        35.1933008,
        31.2035997
       ],
       [
        35.1928031,
        31.2035708
       ],
       [
        35.1923048,
        31.203549
       ],
       [
        35.1918063,
        31.2035344
       ],
       [
        35.1913075,
        31.203527
       ],
       [
        35.1908086,
        31.2035267
       ],
       [
        35.1903098,
        31.2035336
       ],
       [
        35.1898112,
        31.2035476
       ],
       [
        35.189313,
        31.2035688
       ],
       [
        35.1888152,
        31.2035972
       ],
       [
        35.1883181,
        31.2036327
       ],
       [
        35.1878217,
        31.2036753
       ],
       [
        35.1873262,
        31.203725
       ],
       [
        35.1868317,
        31.2037818
       ],
       [
        35.1863384,
        31.2038458
       ],
       [
        35.1858465,
        31.2039168
       ],
       [
        35.1853559,
        31.2039948
       ],
       [
        35.184867,
        31.2040799
       ],
       [
        35.1843798,
        31.204172
       ],
       [
        35.1838944,
        31.2042711
       ],
       [
        35.183411,
        31.2043771
       ],
       [
        35.1829298,
        31.20449
       ],
       [
        35.1824508,
        31.2046099
       ],
       [
        35.1819742,
        31.2047366
       ],
       [
        35.1815001,
        31.2048701
       ],
       [
        35.1810287,
        31.2050104
       ],
       [
        35.1805601,
        31.2051574
       ],
       [
        35.1800944,
        31.2053112
       ],
       [
        35.1796318,
        31.2054716
       ],
       [
        35.1791723,
        31.2056387
       ],
       [
        35.1787162,
        31.2058123
       ],
       [
        35.1782635,
        31.2059924
       ],
       [
        35.1778143,
        31.206179
       ],
       [
        35.1773688,
        31.2063721
       ],
       [
        35.1769272,
        31.2065715
       ],
       [
        35.1764895,
        31.2067772
       ],
       [
        35.1760558,
        31.2069891
       ],
       [
        35.1756263,
        31.2072073
       ],
       [
        35.1752011,
        31.2074316
       ],
       [
        35.1747803,
        31.207662
       ],
       [
        35.1743641,
        31.2078983
       ],
       [
        35.1739525,
        31.2081407
       ],
       [
        35.1735457,
        31.2083888
       ],
       [
        35.1731437,
        31.2086428
       ],
       [
        35.1727468,
        31.2089026
       ],
       [
        35.1723549,
        31.209168
       ],
       [
        35.1719683,
        31.2094389
       ],
       [
        35.171587,
        31.2097154
       ],
       [
        35.1712111,
        31.2099974
       ],
       [
        35.1708407,
        31.2102846
       ],
       [
        35.1704759,
        31.2105772
       ],
       [
        35.1701169,
        31.210875
       ],
       [
        35.1697638,
        31.2111778
       ],
       [
        35.1694165,
        31.2114857
       ],
       [
        35.1690753,
        31.2117986
       ],
       [
        35.1687402,
        31.2121162
       ],
       [
        35.1684114,
        31.2124387
       ],
       [
        35.1680888,
        31.2127658
       ],
       [
        35.1677727,
        31.2130975
       ],
       [
        35.167463,
        31.2134338
       ],
       [
        35.1671599,
        31.2137744
       ],
       [
        35.1668635,
        31.2141193
       ],
       [
        35.1665738,
        31.2144684
       ],
       [
        35.1662909,
        31.2148216
       ],
       [
        35.166015,
        31.2151788
       ],
       [
        35.165746,
        31.21554
       ],
       [
        35.1654841,
        31.2159049
       ],
       [
        35.1652293,
        31.2162736
       ],
       [
        35.1649817,
        31.2166459
       ],
       [
        35.1647413,
        31.2170217
       ],
       [
        35.1645084,
        31.2174008
       ],
       [
        35.1642828,
        31.2177833
       ],
       [
        35.1640646,
        31.2181689
       ],
       [
        35.163854,
        31.2185577
       ],
       [
        35.163651,
        31.2189494
       ],
       [
        35.1634556,
        31.2193439
       ],
       [
        35.1632679,
        31.2197412
       ],
       [
        35.163088,
        31.2201412
       ],
       [
        35.1629158,
        31.2205436
       ],
       [
        35.1627516,
        31.2209485
       ],
       [
        35.1625951,
        31.2213557
       ],
       [
        35.1624467,
        31.2217651
       ],
       [
        35.1623062,
        31.2221765
       ],
       [
        35.1621737,
        31.2225899
       ],
       [
        35.1620493,
        31.2230052
       ],
       [
        35.1619329,
        31.2234222
       ],
       [
        35.1618247,
        31.2238408
       ],
       [
        35.1617247,
        31.2242609
       ],
       [
        35.1616328,
        31.2246823
       ],
       [
        35.1615491,
        31.225105
       ],
       [
        35.1614736,
        31.2255289
       ],
       [
        35.1614064,
        31.2259538
       ],
       [
        35.1613475,
        31.2263796
       ],
       [
        35.1612968,
        31.2268062
       ],
       [
        35.1612545,
        31.2272334
       ],
       [
        35.1612204,
        31.2276612
       ],
       [
        35.1611947,
        31.2280895
       ],
       [
        35.1611773,
        31.228518
       ],
       [
        35.1611682,
        31.2289467
       ],
       [
        35.1611675,
        31.2293755
       ],
       [
        35.1611751,
        31.2298043
       ],
       [
        35.1611911,
        31.2302328
       ],
       [
        35.1612153,
        31.2306611
       ],
       [
        35.1612479,
        31.231089
       ],
       [
        35.1612888,
        31.2315164
       ],
       [
        35.161338,
        31.2319431
       ],
       [
        35.1613955,
        31.232369
       ],
       [
        35.1614613,
        31.2327941
       ],
       [
        35.1615353,
        31.2332181
       ],
       [
        35.1616176,
        31.2336411
       ],
       [
        35.1617081,
        31.2340628
       ],
       [
        35.1618067,
        31.2344831
       ],
       [
        35.1619135,
        31.234902
       ],
       [
        35.1620285,
        31.2353192
       ],
       [
        35.1621515,
        31.2357348
       ],
       [
        35.1622826,
        31.2361485
       ],
       [
        35.1624217,
        31.2365603
       ],
       [
        35.1625689,
        31.2369701
       ]
      ]
     ]
    ],
    "type": "MultiPolygon"
   }
  },
  {
   "type": "Feature",
   "properties": {
    "code": "ATZ-GVULT",
    "nameHe": "גבולות",
    "nameEn": null,
    "zoneTypeCode": "ATZ",
    "floorAmslFt": 0,
    "ceilingAmslFt": 1500,
    "aglCeilingFt": null,
    "notes": "ATZ | אזרחי | source stamp 2023-02-19 | altitude unit unstated in source — adopted ft AMSL per producer's sibling files (verify in visual check)"
   },
   "geometry": {
    "coordinates": [
     [
      [
       [
        34.4611681,
        31.2643011
       ],
       [
        34.4616083,
        31.2642941
       ],
       [
        34.462195,
        31.2642784
       ],
       [
        34.4627814,
        31.2642555
       ],
       [
        34.4633674,
        31.2642254
       ],
       [
        34.4639528,
        31.264188
       ],
       [
        34.4645375,
        31.2641435
       ],
       [
        34.4651214,
        31.2640918
       ],
       [
        34.4657044,
        31.2640329
       ],
       [
        34.4662864,
        31.2639669
       ],
       [
        34.4668672,
        31.2638937
       ],
       [
        34.4674467,
        31.2638134
       ],
       [
        34.4680248,
        31.2637259
       ],
       [
        34.4686014,
        31.2636314
       ],
       [
        34.4691763,
        31.2635297
       ],
       [
        34.4697495,
        31.263421
       ],
       [
        34.4703209,
        31.2633053
       ],
       [
        34.4708902,
        31.2631826
       ],
       [
        34.4714575,
        31.2630528
       ],
       [
        34.4720225,
        31.2629161
       ],
       [
        34.4725852,
        31.2627725
       ],
       [
        34.4731454,
        31.2626219
       ],
       [
        34.4737031,
        31.2624645
       ],
       [
        34.474258,
        31.2623003
       ],
       [
        34.4748102,
        31.2621292
       ],
       [
        34.4753595,
        31.2619514
       ],
       [
        34.4759058,
        31.2617668
       ],
       [
        34.4764489,
        31.2615755
       ],
       [
        34.4769888,
        31.2613776
       ],
       [
        34.4775253,
        31.261173
       ],
       [
        34.4780583,
        31.2609619
       ],
       [
        34.4785878,
        31.2607442
       ],
       [
        34.4791136,
        31.2605201
       ],
       [
        34.4796356,
        31.2602895
       ],
       [
        34.4801537,
        31.2600525
       ],
       [
        34.4806678,
        31.2598092
       ],
       [
        34.4811778,
        31.2595595
       ],
       [
        34.4816836,
        31.2593036
       ],
       [
        34.4821851,
        31.2590416
       ],
       [
        34.4826821,
        31.2587733
       ],
       [
        34.4831746,
        31.258499
       ],
       [
        34.4836625,
        31.2582187
       ],
       [
        34.4841457,
        31.2579324
       ],
       [
        34.4846241,
        31.2576402
       ],
       [
        34.4850975,
        31.2573421
       ],
       [
        34.4855659,
        31.2570382
       ],
       [
        34.4860292,
        31.2567286
       ],
       [
        34.4864873,
        31.2564134
       ],
       [
        34.4869401,
        31.2560925
       ],
       [
        34.4873875,
        31.2557661
       ],
       [
        34.4878294,
        31.2554343
       ],
       [
        34.4882657,
        31.255097
       ],
       [
        34.4886964,
        31.2547544
       ],
       [
        34.4891213,
        31.2544065
       ],
       [
        34.4895404,
        31.2540535
       ],
       [
        34.4899535,
        31.2536953
       ],
       [
        34.4903606,
        31.2533321
       ],
       [
        34.4907617,
        31.2529639
       ],
       [
        34.4911565,
        31.2525909
       ],
       [
        34.4915451,
        31.252213
       ],
       [
        34.4919274,
        31.2518303
       ],
       [
        34.4923032,
        31.2514431
       ],
       [
        34.4926726,
        31.2510512
       ],
       [
        34.4930353,
        31.2506548
       ],
       [
        34.4933915,
        31.250254
       ],
       [
        34.4937409,
        31.2498489
       ],
       [
        34.4940835,
        31.2494395
       ],
       [
        34.4944193,
        31.2490259
       ],
       [
        34.4947481,
        31.2486082
       ],
       [
        34.49507,
        31.2481866
       ],
       [
        34.4953848,
        31.247761
       ],
       [
        34.4956924,
        31.2473316
       ],
       [
        34.4959929,
        31.2468985
       ],
       [
        34.4962862,
        31.2464617
       ],
       [
        34.4965721,
        31.2460214
       ],
       [
        34.4968506,
        31.2455775
       ],
       [
        34.4971218,
        31.2451303
       ],
       [
        34.4973854,
        31.2446798
       ],
       [
        34.4976415,
        31.2442262
       ],
       [
        34.4978901,
        31.2437694
       ],
       [
        34.498131,
        31.2433096
       ],
       [
        34.4983642,
        31.2428469
       ],
       [
        34.4985896,
        31.2423813
       ],
       [
        34.4988073,
        31.2419131
       ],
       [
        34.4990172,
        31.2414422
       ],
       [
        34.4992192,
        31.2409688
       ],
       [
        34.4994133,
        31.2404929
       ],
       [
        34.4995995,
        31.2400147
       ],
       [
        34.4997776,
        31.2395343
       ],
       [
        34.4999478,
        31.2390517
       ],
       [
        34.5001098,
        31.2385671
       ],
       [
        34.5002638,
        31.2380805
       ],
       [
        34.5004097,
        31.2375921
       ],
       [
        34.5005474,
        31.2371019
       ],
       [
        34.5006769,
        31.2366101
       ],
       [
        34.5007983,
        31.2361168
       ],
       [
        34.5009114,
        31.235622
       ],
       [
        34.5010162,
        31.2351259
       ],
       [
        34.5011128,
        31.2346285
       ],
       [
        34.5012011,
        31.23413
       ],
       [
        34.501281,
        31.2336305
       ],
       [
        34.5013527,
        31.23313
       ],
       [
        34.501416,
        31.2326287
       ],
       [
        34.5014709,
        31.2321267
       ],
       [
        34.5015175,
        31.2316241
       ],
       [
        34.5015557,
        31.2311209
       ],
       [
        34.5015855,
        31.2306173
       ],
       [
        34.5016069,
        31.2301134
       ],
       [
        34.5016199,
        31.2296093
       ],
       [
        34.5016245,
        31.2291051
       ],
       [
        34.5016207,
        31.2286009
       ],
       [
        34.5016086,
        31.2280968
       ],
       [
        34.501588,
        31.2275928
       ],
       [
        34.501559,
        31.2270892
       ],
       [
        34.5015217,
        31.226586
       ],
       [
        34.501476,
        31.2260833
       ],
       [
        34.5014219,
        31.2255812
       ],
       [
        34.5013595,
        31.2250798
       ],
       [
        34.5012887,
        31.2245793
       ],
       [
        34.5012096,
        31.2240796
       ],
       [
        34.5011221,
        31.223581
       ],
       [
        34.5010264,
        31.2230836
       ],
       [
        34.5009224,
        31.2225873
       ],
       [
        34.5008102,
        31.2220924
       ],
       [
        34.5006897,
        31.2215989
       ],
       [
        34.500561,
        31.2211069
       ],
       [
        34.5004242,
        31.2206166
       ],
       [
        34.5002792,
        31.220128
       ],
       [
        34.500126,
        31.2196412
       ],
       [
        34.4999648,
        31.2191564
       ],
       [
        34.4997956,
        31.2186736
       ],
       [
        34.4996183,
        31.218193
       ],
       [
        34.499433,
        31.2177145
       ],
       [
        34.4992398,
        31.2172384
       ],
       [
        34.4990386,
        31.2167647
       ],
       [
        34.4988296,
        31.2162936
       ],
       [
        34.4986128,
        31.215825
       ],
       [
        34.4983882,
        31.2153592
       ],
       [
        34.4981559,
        31.2148962
       ],
       [
        34.4979159,
        31.2144361
       ],
       [
        34.4976682,
        31.213979
       ],
       [
        34.497413,
        31.2135249
       ],
       [
        34.4971502,
        31.2130741
       ],
       [
        34.49688,
        31.2126265
       ],
       [
        34.4966023,
        31.2121824
       ],
       [
        34.4963173,
        31.2117416
       ],
       [
        34.4960249,
        31.2113045
       ],
       [
        34.4957254,
        31.2108709
       ],
       [
        34.4954186,
        31.2104411
       ],
       [
        34.4951047,
        31.2100151
       ],
       [
        34.4947837,
        31.209593
       ],
       [
        34.4944558,
        31.2091749
       ],
       [
        34.4941209,
        31.2087609
       ],
       [
        34.4937792,
        31.208351
       ],
       [
        34.4934307,
        31.2079454
       ],
       [
        34.4930755,
        31.2075441
       ],
       [
        34.4927136,
        31.2071473
       ],
       [
        34.4923451,
        31.2067549
       ],
       [
        34.4919702,
        31.206367
       ],
       [
        34.4915889,
        31.2059839
       ],
       [
        34.4912012,
        31.2056054
       ],
       [
        34.4908072,
        31.2052318
       ],
       [
        34.4904071,
        31.2048631
       ],
       [
        34.4900009,
        31.2044993
       ],
       [
        34.4895887,
        31.2041405
       ],
       [
        34.4891705,
        31.2037869
       ],
       [
        34.4887465,
        31.2034384
       ],
       [
        34.4883167,
        31.2030952
       ],
       [
        34.4878813,
        31.2027573
       ],
       [
        34.4874403,
        31.2024248
       ],
       [
        34.4869938,
        31.2020977
       ],
       [
        34.4865419,
        31.2017762
       ],
       [
        34.4860847,
        31.2014602
       ],
       [
        34.4856223,
        31.20115
       ],
       [
        34.4851548,
        31.2008454
       ],
       [
        34.4846823,
        31.2005466
       ],
       [
        34.4842048,
        31.2002537
       ],
       [
        34.4837225,
        31.1999666
       ],
       [
        34.4832355,
        31.1996855
       ],
       [
        34.4827438,
        31.1994105
       ],
       [
        34.4822477,
        31.1991415
       ],
       [
        34.4817471,
        31.1988786
       ],
       [
        34.4812422,
        31.198622
       ],
       [
        34.480733,
        31.1983715
       ],
       [
        34.4802198,
        31.1981274
       ],
       [
        34.4797025,
        31.1978896
       ],
       [
        34.4791813,
        31.1976581
       ],
       [
        34.4786564,
        31.1974331
       ],
       [
        34.4781277,
        31.1972146
       ],
       [
        34.4775955,
        31.1970026
       ],
       [
        34.4770598,
        31.1967972
       ],
       [
        34.4765207,
        31.1965984
       ],
       [
        34.4759784,
        31.1964062
       ],
       [
        34.4754329,
        31.1962208
       ],
       [
        34.4748844,
        31.196042
       ],
       [
        34.474333,
        31.19587
       ],
       [
        34.4737788,
        31.1957049
       ],
       [
        34.4732219,
        31.1955465
       ],
       [
        34.4726624,
        31.195395
       ],
       [
        34.4721004,
        31.1952504
       ],
       [
        34.4715361,
        31.1951128
       ],
       [
        34.4709696,
        31.1949821
       ],
       [
        34.4704009,
        31.1948583
       ],
       [
        34.4698303,
        31.1947416
       ],
       [
        34.4692578,
        31.1946319
       ],
       [
        34.4686835,
        31.1945293
       ],
       [
        34.4681075,
        31.1944337
       ],
       [
        34.46753,
        31.1943452
       ],
       [
        34.4669511,
        31.1942639
       ],
       [
        34.466371,
        31.1941896
       ],
       [
        34.4657896,
        31.1941225
       ],
       [
        34.4652072,
        31.1940626
       ],
       [
        34.4646238,
        31.1940098
       ],
       [
        34.4640396,
        31.1939643
       ],
       [
        34.4634548,
        31.1939259
       ],
       [
        34.4628693,
        31.1938947
       ],
       [
        34.4622834,
        31.1938707
       ],
       [
        34.4616971,
        31.1938539
       ],
       [
        34.4611107,
        31.1938443
       ],
       [
        34.4605241,
        31.1938419
       ],
       [
        34.4599376,
        31.1938468
       ],
       [
        34.4593511,
        31.1938589
       ],
       [
        34.458765,
        31.1938781
       ],
       [
        34.4581792,
        31.1939046
       ],
       [
        34.457594,
        31.1939383
       ],
       [
        34.4570093,
        31.1939792
       ],
       [
        34.4564254,
        31.1940273
       ],
       [
        34.4558424,
        31.1940825
       ],
       [
        34.4552603,
        31.1941449
       ],
       [
        34.4546793,
        31.1942145
       ],
       [
        34.4540996,
        31.1942912
       ],
       [
        34.4535211,
        31.194375
       ],
       [
        34.4529442,
        31.1944659
       ],
       [
        34.4523688,
        31.1945639
       ],
       [
        34.4517951,
        31.194669
       ],
       [
        34.4512232,
        31.1947811
       ],
       [
        34.4506532,
        31.1949003
       ],
       [
        34.4500853,
        31.1950264
       ],
       [
        34.4495195,
        31.1951595
       ],
       [
        34.448956,
        31.1952996
       ],
       [
        34.4483949,
        31.1954466
       ],
       [
        34.4478362,
        31.1956004
       ],
       [
        34.4472802,
        31.1957611
       ],
       [
        34.446727,
        31.1959287
       ],
       [
        34.4461765,
        31.196103
       ],
       [
        34.4456291,
        31.1962841
       ],
       [
        34.4450847,
        31.1964719
       ],
       [
        34.4445435,
        31.1966663
       ],
       [
        34.4440055,
        31.1968674
       ],
       [
        34.443471,
        31.1970751
       ],
       [
        34.44294,
        31.1972894
       ],
       [
        34.4424126,
        31.1975102
       ],
       [
        34.4418889,
        31.1977374
       ],
       [
        34.4413691,
        31.197971
       ],
       [
        34.4408532,
        31.198211
       ],
       [
        34.4403413,
        31.1984574
       ],
       [
        34.4398336,
        31.19871
       ],
       [
        34.4393302,
        31.1989688
       ],
       [
        34.4388311,
        31.1992338
       ],
       [
        34.4383365,
        31.1995049
       ],
       [
        34.4378464,
        31.199782
       ],
       [
        34.437361,
        31.2000652
       ],
       [
        34.4368804,
        31.2003543
       ],
       [
        34.4364046,
        31.2006492
       ],
       [
        34.4359338,
        31.20095
       ],
       [
        34.435468,
        31.2012566
       ],
       [
        34.4350074,
        31.2015688
       ],
       [
        34.434552,
        31.2018867
       ],
       [
        34.434102,
        31.2022102
       ],
       [
        34.4336574,
        31.2025391
       ],
       [
        34.4332183,
        31.2028735
       ],
       [
        34.4327848,
        31.2032133
       ],
       [
        34.432357,
        31.2035583
       ],
       [
        34.431935,
        31.2039086
       ],
       [
        34.4315189,
        31.204264
       ],
       [
        34.4311087,
        31.2046245
       ],
       [
        34.4307046,
        31.2049901
       ],
       [
        34.4303066,
        31.2053605
       ],
       [
        34.4299148,
        31.2057358
       ],
       [
        34.4295292,
        31.2061159
       ],
       [
        34.4291501,
        31.2065007
       ],
       [
        34.4287774,
        31.2068901
       ],
       [
        34.4284112,
        31.2072841
       ],
       [
        34.4280516,
        31.2076825
       ],
       [
        34.4276987,
        31.2080853
       ],
       [
        34.4273525,
        31.2084924
       ],
       [
        34.4270132,
        31.2089037
       ],
       [
        34.4266807,
        31.2093192
       ],
       [
        34.4263551,
        31.2097387
       ],
       [
        34.4260366,
        31.2101622
       ],
       [
        34.4257252,
        31.2105895
       ],
       [
        34.4254209,
        31.2110206
       ],
       [
        34.4251238,
        31.2114554
       ],
       [
        34.424834,
        31.2118939
       ],
       [
        34.4245515,
        31.2123358
       ],
       [
        34.4242764,
        31.2127812
       ],
       [
        34.4240087,
        31.2132299
       ],
       [
        34.4237485,
        31.2136819
       ],
       [
        34.4234959,
        31.214137
       ],
       [
        34.4232509,
        31.2145951
       ],
       [
        34.4230135,
        31.2150563
       ],
       [
        34.4227839,
        31.2155203
       ],
       [
        34.422562,
        31.2159871
       ],
       [
        34.4223478,
        31.2164566
       ],
       [
        34.4221416,
        31.2169286
       ],
       [
        34.4219432,
        31.2174032
       ],
       [
        34.4217527,
        31.2178801
       ],
       [
        34.4215702,
        31.2183593
       ],
       [
        34.4213956,
        31.2188408
       ],
       [
        34.4212291,
        31.2193243
       ],
       [
        34.4210707,
        31.2198098
       ],
       [
        34.4209204,
        31.2202972
       ],
       [
        34.4207782,
        31.2207864
       ],
       [
        34.4206442,
        31.2212774
       ],
       [
        34.4205184,
        31.2217699
       ],
       [
        34.4204007,
        31.2222639
       ],
       [
        34.4202913,
        31.2227593
       ],
       [
        34.4201902,
        31.223256
       ],
       [
        34.4200974,
        31.2237539
       ],
       [
        34.4200128,
        31.2242529
       ],
       [
        34.4199366,
        31.2247529
       ],
       [
        34.4198687,
        31.2252537
       ],
       [
        34.4198092,
        31.2257554
       ],
       [
        34.419758,
        31.2262577
       ],
       [
        34.4197152,
        31.2267606
       ],
       [
        34.4196807,
        31.227264
       ],
       [
        34.4196547,
        31.2277677
       ],
       [
        34.419637,
        31.2282718
       ],
       [
        34.4196278,
        31.2287759
       ],
       [
        34.4196269,
        31.2292802
       ],
       [
        34.4196344,
        31.2297844
       ],
       [
        34.4196504,
        31.2302885
       ],
       [
        34.4196747,
        31.2307923
       ],
       [
        34.4197074,
        31.2312957
       ],
       [
        34.4197485,
        31.2317987
       ],
       [
        34.419798,
        31.2323012
       ],
       [
        34.4198559,
        31.232803
       ],
       [
        34.419922,
        31.233304
       ],
       [
        34.4199966,
        31.2338042
       ],
       [
        34.4200794,
        31.2343034
       ],
       [
        34.4201706,
        31.2348015
       ],
       [
        34.4202701,
        31.2352985
       ],
       [
        34.4203778,
        31.2357941
       ],
       [
        34.4204937,
        31.2362884
       ],
       [
        34.4206179,
        31.2367813
       ],
       [
        34.4207503,
        31.2372725
       ],
       [
        34.4208909,
        31.2377621
       ],
       [
        34.4210396,
        31.2382499
       ],
       [
        34.4211964,
        31.2387358
       ],
       [
        34.4213613,
        31.2392197
       ],
       [
        34.4215342,
        31.2397016
       ],
       [
        34.4217152,
        31.2401813
       ],
       [
        34.4219041,
        31.2406587
       ],
       [
        34.4221009,
        31.2411337
       ],
       [
        34.4223057,
        31.2416063
       ],
       [
        34.4225183,
        31.2420763
       ],
       [
        34.4227387,
        31.2425436
       ],
       [
        34.4229669,
        31.2430082
       ],
       [
        34.4232028,
        31.2434699
       ],
       [
        34.4234463,
        31.2439287
       ],
       [
        34.4236975,
        31.2443844
       ],
       [
        34.4239563,
        31.244837
       ],
       [
        34.4242225,
        31.2452864
       ],
       [
        34.4244963,
        31.2457324
       ],
       [
        34.4247774,
        31.246175
       ],
       [
        34.4250659,
        31.2466142
       ],
       [
        34.4253617,
        31.2470497
       ],
       [
        34.4256646,
        31.2474816
       ],
       [
        34.4259748,
        31.2479097
       ],
       [
        34.4262921,
        31.2483339
       ],
       [
        34.4266164,
        31.2487542
       ],
       [
        34.4269476,
        31.2491704
       ],
       [
        34.4272858,
        31.2495825
       ],
       [
        34.4276308,
        31.2499905
       ],
       [
        34.4279826,
        31.2503941
       ],
       [
        34.4283411,
        31.2507934
       ],
       [
        34.4287062,
        31.2511882
       ],
       [
        34.4290778,
        31.2515785
       ],
       [
        34.4294559,
        31.2519642
       ],
       [
        34.4298404,
        31.2523452
       ],
       [
        34.4302311,
        31.2527214
       ],
       [
        34.4306282,
        31.2530928
       ],
       [
        34.4310313,
        31.2534593
       ],
       [
        34.4314406,
        31.2538207
       ],
       [
        34.4318558,
        31.2541771
       ],
       [
        34.4322769,
        31.2545284
       ],
       [
        34.4327039,
        31.2548744
       ],
       [
        34.4331365,
        31.2552152
       ],
       [
        34.4335748,
        31.2555506
       ],
       [
        34.4340187,
        31.2558806
       ],
       [
        34.4344679,
        31.256205
       ],
       [
        34.4349226,
        31.2565239
       ],
       [
        34.4353825,
        31.2568372
       ],
       [
        34.4358476,
        31.2571449
       ],
       [
        34.4363178,
        31.2574467
       ],
       [
        34.436793,
        31.2577427
       ],
       [
        34.437273,
        31.2580329
       ],
       [
        34.4377579,
        31.2583171
       ],
       [
        34.4382474,
        31.2585954
       ],
       [
        34.4387415,
        31.2588676
       ],
       [
        34.4392401,
        31.2591337
       ],
       [
        34.4397431,
        31.2593936
       ],
       [
        34.4402504,
        31.2596473
       ],
       [
        34.4407618,
        31.2598948
       ],
       [
        34.4412773,
        31.2601359
       ],
       [
        34.4417968,
        31.2603707
       ],
       [
        34.4423202,
        31.260599
       ],
       [
        34.4428473,
        31.2608209
       ],
       [
        34.443378,
        31.2610363
       ],
       [
        34.4439123,
        31.2612452
       ],
       [
        34.44445,
        31.2614474
       ],
       [
        34.4449911,
        31.261643
       ],
       [
        34.4455353,
        31.261832
       ],
       [
        34.4460826,
        31.2620142
       ],
       [
        34.4466329,
        31.2621897
       ],
       [
        34.4471861,
        31.2623584
       ],
       [
        34.447742,
        31.2625202
       ],
       [
        34.4483006,
        31.2626753
       ],
       [
        34.4488617,
        31.2628234
       ],
       [
        34.4494252,
        31.2629646
       ],
       [
        34.449991,
        31.2630989
       ],
       [
        34.450559,
        31.2632262
       ],
       [
        34.4511291,
        31.2633465
       ],
       [
        34.4517011,
        31.2634598
       ],
       [
        34.4522749,
        31.263566
       ],
       [
        34.4528505,
        31.2636652
       ],
       [
        34.4534276,
        31.2637572
       ],
       [
        34.4540062,
        31.2638422
       ],
       [
        34.4545862,
        31.2639201
       ],
       [
        34.4551674,
        31.2639908
       ],
       [
        34.4557498,
        31.2640543
       ],
       [
        34.4563331,
        31.2641107
       ],
       [
        34.4569173,
        31.2641599
       ],
       [
        34.4575023,
        31.2642019
       ],
       [
        34.4580879,
        31.2642367
       ],
       [
        34.458674,
        31.2642643
       ],
       [
        34.4592606,
        31.2642847
       ],
       [
        34.4598474,
        31.2642979
       ],
       [
        34.4604343,
        31.2643038
       ],
       [
        34.4610214,
        31.2643026
       ],
       [
        34.4611681,
        31.2643011
       ]
      ]
     ]
    ],
    "type": "MultiPolygon"
   }
  },
  {
   "type": "Feature",
   "properties": {
    "code": "ATZ-KEDMA",
    "nameHe": "קדמה",
    "nameEn": null,
    "zoneTypeCode": "ATZ",
    "floorAmslFt": 0,
    "ceilingAmslFt": 1000,
    "aglCeilingFt": null,
    "notes": "ATZ | אזרחי | source stamp 2021-08-04 | altitude unit unstated in source — adopted ft AMSL per producer's sibling files (verify in visual check)"
   },
   "geometry": {
    "coordinates": [
     [
      [
       [
        34.7361584,
        31.6773247
       ],
       [
        34.7266406,
        31.6925533
       ],
       [
        34.768995,
        31.7092095
       ],
       [
        34.7763713,
        31.715634
       ],
       [
        34.786365,
        31.7256278
       ],
       [
        34.7883881,
        31.7246364
       ],
       [
        34.7903285,
        31.723531
       ],
       [
        34.7921775,
        31.7223165
       ],
       [
        34.7939267,
        31.7209984
       ],
       [
        34.7955682,
        31.7195827
       ],
       [
        34.7970946,
        31.7180759
       ],
       [
        34.7984989,
        31.7164848
       ],
       [
        34.7997748,
        31.7148165
       ],
       [
        34.8009165,
        31.7130786
       ],
       [
        34.8019189,
        31.711279
       ],
       [
        34.8027774,
        31.7094259
       ],
       [
        34.8034882,
        31.7075276
       ],
       [
        34.804048,
        31.7055927
       ],
       [
        34.8044543,
        31.70363
       ],
       [
        34.8047053,
        31.7016484
       ],
       [
        34.8047999,
        31.6996569
       ],
       [
        34.8047376,
        31.6976644
       ],
       [
        34.8045187,
        31.69568
       ],
       [
        34.8041443,
        31.6937127
       ],
       [
        34.803616,
        31.6917714
       ],
       [
        34.8029362,
        31.6898648
       ],
       [
        34.8021081,
        31.6880017
       ],
       [
        34.8011353,
        31.6861903
       ],
       [
        34.8000223,
        31.684439
       ],
       [
        34.7987742,
        31.6827557
       ],
       [
        34.7973965,
        31.6811479
       ],
       [
        34.7958956,
        31.679623
       ],
       [
        34.7942782,
        31.6781878
       ],
       [
        34.7925516,
        31.6768488
       ],
       [
        34.7910399,
        31.6752153
       ],
       [
        34.789398,
        31.6736763
       ],
       [
        34.7876343,
        31.6722394
       ],
       [
        34.7857572,
        31.6709117
       ],
       [
        34.783776,
        31.6696997
       ],
       [
        34.7817004,
        31.6686093
       ],
       [
        34.7795407,
        31.6676459
       ],
       [
        34.7773074,
        31.6668143
       ],
       [
        34.7750115,
        31.6661184
       ],
       [
        34.7726643,
        31.6655617
       ],
       [
        34.7702773,
        31.665147
       ],
       [
        34.7678622,
        31.6648763
       ],
       [
        34.7654309,
        31.6647509
       ],
       [
        34.7629952,
        31.6647715
       ],
       [
        34.7605673,
        31.6649379
       ],
       [
        34.7581589,
        31.6652493
       ],
       [
        34.7557819,
        31.6657041
       ],
       [
        34.7534479,
        31.6663003
       ],
       [
        34.7511685,
        31.6670347
       ],
       [
        34.7489548,
        31.6679039
       ],
       [
        34.7468177,
        31.6689036
       ],
       [
        34.7447677,
        31.6700288
       ],
       [
        34.7428148,
        31.671274
       ],
       [
        34.7409686,
        31.6726331
       ],
       [
        34.7392383,
        31.6740995
       ],
       [
        34.7376322,
        31.675666
       ],
       [
        34.7361584,
        31.6773247
       ]
      ]
     ]
    ],
    "type": "MultiPolygon"
   }
  },
  {
   "type": "Feature",
   "properties": {
    "code": "ATZ-LLBO",
    "nameHe": "הבונים",
    "nameEn": null,
    "zoneTypeCode": "ATZ",
    "floorAmslFt": 0,
    "ceilingAmslFt": 3000,
    "aglCeilingFt": null,
    "notes": "ATZ | אזרחי | source stamp 2020-08-16 | altitude unit unstated in source — adopted ft AMSL per producer's sibling files (verify in visual check)"
   },
   "geometry": {
    "coordinates": [
     [
      [
       [
        34.9333602,
        32.6770471
       ],
       [
        34.9338789,
        32.6770356
       ],
       [
        34.9343974,
        32.6770168
       ],
       [
        34.9349153,
        32.6769909
       ],
       [
        34.9354328,
        32.6769579
       ],
       [
        34.9359495,
        32.6769177
       ],
       [
        34.9364653,
        32.6768704
       ],
       [
        34.9369802,
        32.676816
       ],
       [
        34.937494,
        32.6767544
       ],
       [
        34.9380065,
        32.6766858
       ],
       [
        34.9385176,
        32.6766101
       ],
       [
        34.9390272,
        32.6765274
       ],
       [
        34.9395351,
        32.6764377
       ],
       [
        34.9400412,
        32.6763409
       ],
       [
        34.9405454,
        32.6762372
       ],
       [
        34.9410475,
        32.6761265
       ],
       [
        34.9415474,
        32.6760089
       ],
       [
        34.942045,
        32.6758844
       ],
       [
        34.9425401,
        32.6757531
       ],
       [
        34.9430326,
        32.6756149
       ],
       [
        34.9435223,
        32.67547
       ],
       [
        34.9440092,
        32.6753183
       ],
       [
        34.9444931,
        32.67516
       ],
       [
        34.9449739,
        32.6749949
       ],
       [
        34.9454514,
        32.6748233
       ],
       [
        34.9459256,
        32.674645
       ],
       [
        34.9463963,
        32.6744603
       ],
       [
        34.9468633,
        32.6742691
       ],
       [
        34.9473265,
        32.6740714
       ],
       [
        34.9477859,
        32.6738674
       ],
       [
        34.9482413,
        32.6736571
       ],
       [
        34.9486926,
        32.6734405
       ],
       [
        34.9491396,
        32.6732177
       ],
       [
        34.9495823,
        32.6729888
       ],
       [
        34.9500205,
        32.6727537
       ],
       [
        34.9504541,
        32.6725127
       ],
       [
        34.9508829,
        32.6722657
       ],
       [
        34.951307,
        32.6720128
       ],
       [
        34.9517261,
        32.6717541
       ],
       [
        34.9521402,
        32.6714897
       ],
       [
        34.9525491,
        32.6712196
       ],
       [
        34.9529527,
        32.6709438
       ],
       [
        34.953351,
        32.6706625
       ],
       [
        34.9537437,
        32.6703758
       ],
       [
        34.9541309,
        32.6700837
       ],
       [
        34.9545124,
        32.6697862
       ],
       [
        34.9548881,
        32.6694836
       ],
       [
        34.9552579,
        32.6691758
       ],
       [
        34.9556218,
        32.6688629
       ],
       [
        34.9559795,
        32.6685451
       ],
       [
        34.956331,
        32.6682223
       ],
       [
        34.9566763,
        32.6678947
       ],
       [
        34.9570152,
        32.6675625
       ],
       [
        34.9573477,
        32.6672255
       ],
       [
        34.9576736,
        32.6668841
       ],
       [
        34.9579928,
        32.6665382
       ],
       [
        34.9583054,
        32.6661879
       ],
       [
        34.9586111,
        32.6658333
       ],
       [
        34.9561111,
        32.6313889
       ],
       [
        34.9557505,
        32.6310697
       ],
       [
        34.9553838,
        32.6307555
       ],
       [
        34.9550111,
        32.6304464
       ],
       [
        34.9546325,
        32.6301425
       ],
       [
        34.9542481,
        32.6298438
       ],
       [
        34.953858,
        32.6295505
       ],
       [
        34.9534623,
        32.6292626
       ],
       [
        34.9530612,
        32.6289802
       ],
       [
        34.9526546,
        32.6287033
       ],
       [
        34.9522428,
        32.6284321
       ],
       [
        34.9518258,
        32.6281666
       ],
       [
        34.9514037,
        32.6279069
       ],
       [
        34.9509767,
        32.627653
       ],
       [
        34.9505449,
        32.6274051
       ],
       [
        34.9501083,
        32.6271632
       ],
       [
        34.9496672,
        32.6269273
       ],
       [
        34.9492216,
        32.6266975
       ],
       [
        34.9487716,
        32.6264739
       ],
       [
        34.9483174,
        32.6262565
       ],
       [
        34.947859,
        32.6260454
       ],
       [
        34.9473966,
        32.6258406
       ],
       [
        34.9469304,
        32.6256423
       ],
       [
        34.9464604,
        32.6254504
       ],
       [
        34.9459868,
        32.625265
       ],
       [
        34.9455097,
        32.6250862
       ],
       [
        34.9450292,
        32.624914
       ],
       [
        34.9445454,
        32.6247484
       ],
       [
        34.9440585,
        32.6245895
       ],
       [
        34.9435687,
        32.6244373
       ],
       [
        34.9430759,
        32.6242919
       ],
       [
        34.9425805,
        32.6241533
       ],
       [
        34.9420824,
        32.6240216
       ],
       [
        34.9415819,
        32.6238968
       ],
       [
        34.941079,
        32.6237789
       ],
       [
        34.9405739,
        32.6236679
       ],
       [
        34.9400668,
        32.6235639
       ],
       [
        34.9395577,
        32.6234669
       ],
       [
        34.9390468,
        32.6233769
       ],
       [
        34.9385343,
        32.623294
       ],
       [
        34.9380202,
        32.6232182
       ],
       [
        34.9375048,
        32.6231494
       ],
       [
        34.936988,
        32.6230878
       ],
       [
        34.9364702,
        32.6230333
       ],
       [
        34.9359514,
        32.622986
       ],
       [
        34.9354317,
        32.6229458
       ],
       [
        34.9349114,
        32.6229128
       ],
       [
        34.9343905,
        32.6228869
       ],
       [
        34.9338691,
        32.6228683
       ],
       [
        34.9333475,
        32.6228568
       ],
       [
        34.9328257,
        32.6228525
       ],
       [
        34.9323039,
        32.6228554
       ],
       [
        34.9317822,
        32.6228655
       ],
       [
        34.9312608,
        32.6228829
       ],
       [
        34.9307397,
        32.6229073
       ],
       [
        34.9302193,
        32.622939
       ],
       [
        34.9296995,
        32.6229778
       ],
       [
        34.9291805,
        32.6230238
       ],
       [
        34.9286625,
        32.623077
       ],
       [
        34.9281455,
        32.6231373
       ],
       [
        34.9276298,
        32.6232047
       ],
       [
        34.9271155,
        32.6232792
       ],
       [
        34.9266026,
        32.6233608
       ],
       [
        34.9260914,
        32.6234494
       ],
       [
        34.925582,
        32.6235451
       ],
       [
        34.9250745,
        32.6236478
       ],
       [
        34.924569,
        32.6237574
       ],
       [
        34.9240657,
        32.623874
       ],
       [
        34.9235647,
        32.6239976
       ],
       [
        34.9230662,
        32.624128
       ],
       [
        34.9225702,
        32.6242653
       ],
       [
        34.9220769,
        32.6244094
       ],
       [
        34.9215865,
        32.6245603
       ],
       [
        34.9210991,
        32.6247179
       ],
       [
        34.9206147,
        32.6248823
       ],
       [
        34.9201336,
        32.6250533
       ],
       [
        34.9196558,
        32.6252309
       ],
       [
        34.9191815,
        32.625415
       ],
       [
        34.9187108,
        32.6256057
       ],
       [
        34.9182439,
        32.6258028
       ],
       [
        34.9177808,
        32.6260064
       ],
       [
        34.9173216,
        32.6262163
       ],
       [
        34.9168666,
        32.6264325
       ],
       [
        34.9164158,
        32.6266549
       ],
       [
        34.9159694,
        32.6268836
       ],
       [
        34.9155274,
        32.6271183
       ],
       [
        34.9150899,
        32.6273591
       ],
       [
        34.9146572,
        32.627606
       ],
       [
        34.9142293,
        32.6278587
       ],
       [
        34.9138063,
        32.6281173
       ],
       [
        34.9133883,
        32.6283817
       ],
       [
        34.9129755,
        32.6286519
       ],
       [
        34.9125679,
        32.6289277
       ],
       [
        34.9121657,
        32.6292091
       ],
       [
        34.911769,
        32.6294959
       ],
       [
        34.9113778,
        32.6297883
       ],
       [
        34.9109923,
        32.6300859
       ],
       [
        34.9106126,
        32.6303889
       ],
       [
        34.9102388,
        32.630697
       ],
       [
        34.909871,
        32.6310103
       ],
       [
        34.9095092,
        32.6313286
       ],
       [
        34.9091536,
        32.6316518
       ],
       [
        34.9088043,
        32.6319799
       ],
       [
        34.9084614,
        32.6323127
       ],
       [
        34.9081248,
        32.6326503
       ],
       [
        34.9077949,
        32.6329924
       ],
       [
        34.9074716,
        32.633339
       ],
       [
        34.9071549,
        32.6336901
       ],
       [
        34.9068451,
        32.6340455
       ],
       [
        34.9065422,
        32.6344051
       ],
       [
        34.9062462,
        32.6347688
       ],
       [
        34.9059573,
        32.6351365
       ],
       [
        34.9056755,
        32.6355082
       ],
       [
        34.9054009,
        32.6358837
       ],
       [
        34.9051335,
        32.636263
       ],
       [
        34.9048735,
        32.6366459
       ],
       [
        34.9046209,
        32.6370323
       ],
       [
        34.9043757,
        32.6374222
       ],
       [
        34.9041381,
        32.6378154
       ],
       [
        34.9039081,
        32.6382118
       ],
       [
        34.9036858,
        32.6386113
       ],
       [
        34.9034712,
        32.6390138
       ],
       [
        34.9032644,
        32.6394193
       ],
       [
        34.9030654,
        32.6398275
       ],
       [
        34.9028743,
        32.6402385
       ],
       [
        34.9026911,
        32.640652
       ],
       [
        34.9025159,
        32.6410679
       ],
       [
        34.9023487,
        32.6414863
       ],
       [
        34.9021897,
        32.6419069
       ],
       [
        34.9020387,
        32.6423296
       ],
       [
        34.9018959,
        32.6427544
       ],
       [
        34.9017613,
        32.643181
       ],
       [
        34.9016349,
        32.6436095
       ],
       [
        34.9015168,
        32.6440396
       ],
       [
        34.901407,
        32.6444714
       ],
       [
        34.9013056,
        32.6449045
       ],
       [
        34.9012125,
        32.6453391
       ],
       [
        34.9011277,
        32.6457748
       ],
       [
        34.9010514,
        32.6462116
       ],
       [
        34.9009835,
        32.6466495
       ],
       [
        34.900924,
        32.6470882
       ],
       [
        34.900873,
        32.6475277
       ],
       [
        34.9008305,
        32.6479678
       ],
       [
        34.9007964,
        32.6484085
       ],
       [
        34.9007709,
        32.6488496
       ],
       [
        34.9007538,
        32.6492909
       ],
       [
        34.9007452,
        32.6497325
       ],
       [
        34.9007452,
        32.6501741
       ],
       [
        34.9007536,
        32.6506156
       ],
       [
        34.9007706,
        32.651057
       ],
       [
        34.900796,
        32.6514981
       ],
       [
        34.90083,
        32.6519387
       ],
       [
        34.9008724,
        32.6523789
       ],
       [
        34.9009233,
        32.6528184
       ],
       [
        34.9009827,
        32.6532571
       ],
       [
        34.9010505,
        32.653695
       ],
       [
        34.9011267,
        32.6541318
       ],
       [
        34.9012113,
        32.6545676
       ],
       [
        34.9013043,
        32.6550021
       ],
       [
        34.9014057,
        32.6554353
       ],
       [
        34.9015154,
        32.6558671
       ],
       [
        34.9016334,
        32.6562972
       ],
       [
        34.9017597,
        32.6567257
       ],
       [
        34.9018942,
        32.6571524
       ],
       [
        34.902037,
        32.6575772
       ],
       [
        34.9021879,
        32.6579999
       ],
       [
        34.9023469,
        32.6584205
       ],
       [
        34.902514,
        32.6588389
       ],
       [
        34.9026891,
        32.6592549
       ],
       [
        34.9028722,
        32.6596684
       ],
       [
        34.9030633,
        32.6600794
       ],
       [
        34.9032623,
        32.6604877
       ],
       [
        34.9034691,
        32.6608931
       ],
       [
        34.9036837,
        32.6612957
       ],
       [
        34.903906,
        32.6616953
       ],
       [
        34.904136,
        32.6620917
       ],
       [
        34.9043736,
        32.6624849
       ],
       [
        34.9046187,
        32.6628748
       ],
       [
        34.9048713,
        32.6632613
       ],
       [
        34.9051313,
        32.6636442
       ],
       [
        34.9053987,
        32.6640235
       ],
       [
        34.9056734,
        32.664399
       ],
       [
        34.9059552,
        32.6647707
       ],
       [
        34.9062442,
        32.6651385
       ],
       [
        34.9065402,
        32.6655023
       ],
       [
        34.9068432,
        32.6658619
       ],
       [
        34.9071531,
        32.6662173
       ],
       [
        34.9074698,
        32.6665683
       ],
       [
        34.9077932,
        32.666915
       ],
       [
        34.9081233,
        32.6672572
       ],
       [
        34.9084599,
        32.6675947
       ],
       [
        34.9088029,
        32.6679276
       ],
       [
        34.9091524,
        32.6682557
       ],
       [
        34.9095081,
        32.6685789
       ],
       [
        34.90987,
        32.6688972
       ],
       [
        34.910238,
        32.6692105
       ],
       [
        34.9106119,
        32.6695186
       ],
       [
        34.9109918,
        32.6698216
       ],
       [
        34.9113775,
        32.6701193
       ],
       [
        34.9117688,
        32.6704116
       ],
       [
        34.9121657,
        32.6706985
       ],
       [
        34.9125681,
        32.6709799
       ],
       [
        34.9129759,
        32.6712556
       ],
       [
        34.9133889,
        32.6715258
       ],
       [
        34.9138071,
        32.6717902
       ],
       [
        34.9142303,
        32.6720488
       ],
       [
        34.9146584,
        32.6723015
       ],
       [
        34.9150914,
        32.6725483
       ],
       [
        34.915529,
        32.6727891
       ],
       [
        34.9159713,
        32.6730238
       ],
       [
        34.916418,
        32.6732525
       ],
       [
        34.9168691,
        32.6734749
       ],
       [
        34.9173243,
        32.673691
       ],
       [
        34.9177837,
        32.6739009
       ],
       [
        34.9182471,
        32.6741044
       ],
       [
        34.9187143,
        32.6743015
       ],
       [
        34.9191853,
        32.6744921
       ],
       [
        34.9196599,
        32.6746762
       ],
       [
        34.920138,
        32.6748537
       ],
       [
        34.9206194,
        32.6750247
       ],
       [
        34.9211041,
        32.6751889
       ],
       [
        34.9215918,
        32.6753465
       ],
       [
        34.9220825,
        32.6754973
       ],
       [
        34.9225761,
        32.6756413
       ],
       [
        34.9230724,
        32.6757785
       ],
       [
        34.9235713,
        32.6759089
       ],
       [
        34.9240726,
        32.6760323
       ],
       [
        34.9245762,
        32.6761489
       ],
       [
        34.925082,
        32.6762584
       ],
       [
        34.9255899,
        32.676361
       ],
       [
        34.9260996,
        32.6764566
       ],
       [
        34.9266112,
        32.6765451
       ],
       [
        34.9271243,
        32.6766266
       ],
       [
        34.927639,
        32.6767009
       ],
       [
        34.928155,
        32.6767682
       ],
       [
        34.9286723,
        32.6768283
       ],
       [
        34.9291907,
        32.6768814
       ],
       [
        34.92971,
        32.6769272
       ],
       [
        34.9302301,
        32.6769659
       ],
       [
        34.9307509,
        32.6769974
       ],
       [
        34.9312723,
        32.6770217
       ],
       [
        34.931794,
        32.6770389
       ],
       [
        34.932316,
        32.6770488
       ],
       [
        34.9328381,
        32.6770516
       ],
       [
        34.9333602,
        32.6770471
       ]
      ]
     ]
    ],
    "type": "MultiPolygon"
   }
  },
  {
   "type": "Feature",
   "properties": {
    "code": "ATZ-LLBO-2",
    "nameHe": "הבונים סופש",
    "nameEn": null,
    "zoneTypeCode": "ATZ",
    "floorAmslFt": 2500,
    "ceilingAmslFt": 6000,
    "aglCeilingFt": null,
    "notes": "ATZ | אזרחי | source stamp 2023-02-13 | altitude unit unstated in source — adopted ft AMSL per producer's sibling files (verify in visual check)"
   },
   "geometry": {
    "coordinates": [
     [
      [
       [
        34.9285333,
        32.5767
       ],
       [
        34.8103333,
        32.5886833
       ],
       [
        34.8416667,
        32.7396333
       ],
       [
        34.95085,
        32.7296167
       ],
       [
        34.95085,
        32.7009167
       ],
       [
        34.9360667,
        32.6030333
       ],
       [
        34.9285333,
        32.5767
       ]
      ]
     ]
    ],
    "type": "MultiPolygon"
   }
  },
  {
   "type": "Feature",
   "properties": {
    "code": "ATZ-LLBO-3",
    "nameHe": "הבונים אמצע שבוע",
    "nameEn": null,
    "zoneTypeCode": "ATZ",
    "floorAmslFt": 2500,
    "ceilingAmslFt": 6000,
    "aglCeilingFt": null,
    "notes": "ATZ | אזרחי | source stamp 2023-02-15 | altitude unit unstated in source — adopted ft AMSL per producer's sibling files (verify in visual check)"
   },
   "geometry": {
    "coordinates": [
     [
      [
       [
        34.93203,
        32.6766882
       ],
       [
        34.9160757,
        32.6263892
       ],
       [
        34.8691293,
        32.6143556
       ],
       [
        34.8787453,
        32.6766911
       ],
       [
        34.93203,
        32.6766882
       ]
      ]
     ]
    ],
    "type": "MultiPolygon"
   }
  },
  {
   "type": "Feature",
   "properties": {
    "code": "ATZ-LLBS",
    "nameHe": "תימן",
    "nameEn": null,
    "zoneTypeCode": "ATZ",
    "floorAmslFt": 0,
    "ceilingAmslFt": 1500,
    "aglCeilingFt": null,
    "notes": "ATZ | אזרחי | source stamp 2023-02-16 | altitude unit unstated in source — adopted ft AMSL per producer's sibling files (verify in visual check)"
   },
   "geometry": {
    "coordinates": [
     [
      [
       [
        34.6985585,
        31.3065215
       ],
       [
        34.6999645,
        31.3081192
       ],
       [
        34.7014959,
        31.3096296
       ],
       [
        34.7031453,
        31.3110456
       ],
       [
        34.7049047,
        31.3123602
       ],
       [
        34.7067658,
        31.3135673
       ],
       [
        34.7087197,
        31.314661
       ],
       [
        34.710757,
        31.3156361
       ],
       [
        34.712868,
        31.316488
       ],
       [
        34.7150425,
        31.3172125
       ],
       [
        34.7172702,
        31.3178062
       ],
       [
        34.7195404,
        31.3182663
       ],
       [
        34.7218422,
        31.3185906
       ],
       [
        34.7241646,
        31.3187774
       ],
       [
        34.7264965,
        31.318826
       ],
       [
        34.7288267,
        31.318736
       ],
       [
        34.7311442,
        31.3185079
       ],
       [
        34.7334376,
        31.3181429
       ],
       [
        34.7356962,
        31.3176426
       ],
       [
        34.7379091,
        31.3170094
       ],
       [
        34.7400657,
        31.3162464
       ],
       [
        34.7421557,
        31.3153572
       ],
       [
        34.744169,
        31.3143461
       ],
       [
        34.7460961,
        31.313218
       ],
       [
        34.7479276,
        31.3119781
       ],
       [
        34.749655,
        31.3106326
       ],
       [
        34.7512699,
        31.3091877
       ],
       [
        34.7527645,
        31.3076504
       ],
       [
        34.7541317,
        31.3060281
       ],
       [
        34.7553651,
        31.3043285
       ],
       [
        34.7564586,
        31.3025598
       ],
       [
        34.7574071,
        31.3007304
       ],
       [
        34.7582061,
        31.2988491
       ],
       [
        34.7588517,
        31.2969249
       ],
       [
        34.7593409,
        31.2949669
       ],
       [
        34.7596712,
        31.2929846
       ],
       [
        34.7598413,
        31.2909875
       ],
       [
        34.7598501,
        31.288985
       ],
       [
        34.7596978,
        31.2869868
       ],
       [
        34.7593851,
        31.2850024
       ],
       [
        34.7589134,
        31.2830413
       ],
       [
        34.7582851,
        31.2811129
       ],
       [
        34.7575031,
        31.2792264
       ],
       [
        34.7565711,
        31.2773908
       ],
       [
        34.7554938,
        31.2756149
       ],
       [
        34.7542761,
        31.2739072
       ],
       [
        34.752924,
        31.2722759
       ],
       [
        34.7514439,
        31.2707287
       ],
       [
        34.7498428,
        31.269273
       ],
       [
        34.7481286,
        31.2679159
       ],
       [
        34.7463092,
        31.2666637
       ],
       [
        34.7443935,
        31.2655226
       ],
       [
        34.6985585,
        31.3065215
       ]
      ]
     ]
    ],
    "type": "MultiPolygon"
   }
  },
  {
   "type": "Feature",
   "properties": {
    "code": "ATZ-LLES",
    "nameHe": "עין שמר",
    "nameEn": null,
    "zoneTypeCode": "ATZ",
    "floorAmslFt": 0,
    "ceilingAmslFt": 2000,
    "aglCeilingFt": null,
    "notes": "ATZ | אזרחי | source stamp 2021-06-13 | altitude unit unstated in source — adopted ft AMSL per producer's sibling files (verify in visual check)"
   },
   "geometry": {
    "coordinates": [
     [
      [
       [
        35.0044702,
        32.4765202
       ],
       [
        35.0046173,
        32.4765176
       ],
       [
        35.0052054,
        32.4765028
       ],
       [
        35.0057932,
        32.4764808
       ],
       [
        35.0063805,
        32.4764515
       ],
       [
        35.0069673,
        32.4764151
       ],
       [
        35.0075534,
        32.4763714
       ],
       [
        35.0081387,
        32.4763204
       ],
       [
        35.0087231,
        32.4762623
       ],
       [
        35.0093064,
        32.476197
       ],
       [
        35.0098885,
        32.4761246
       ],
       [
        35.0104694,
        32.476045
       ],
       [
        35.0110488,
        32.4759582
       ],
       [
        35.0116266,
        32.4758643
       ],
       [
        35.0122028,
        32.4757634
       ],
       [
        35.0127772,
        32.4756553
       ],
       [
        35.0133497,
        32.4755402
       ],
       [
        35.0139201,
        32.475418
       ],
       [
        35.0144884,
        32.4752889
       ],
       [
        35.0150544,
        32.4751528
       ],
       [
        35.0156181,
        32.4750097
       ],
       [
        35.0161792,
        32.4748597
       ],
       [
        35.0167377,
        32.4747028
       ],
       [
        35.0172934,
        32.4745391
       ],
       [
        35.0178463,
        32.4743685
       ],
       [
        35.0183962,
        32.4741911
       ],
       [
        35.018943,
        32.4740071
       ],
       [
        35.0194866,
        32.4738162
       ],
       [
        35.0200269,
        32.4736188
       ],
       [
        35.0205637,
        32.4734147
       ],
       [
        35.021097,
        32.473204
       ],
       [
        35.0216266,
        32.4729868
       ],
       [
        35.0221524,
        32.4727631
       ],
       [
        35.0226744,
        32.4725329
       ],
       [
        35.0231923,
        32.4722963
       ],
       [
        35.0237061,
        32.4720534
       ],
       [
        35.0242158,
        32.4718042
       ],
       [
        35.0247211,
        32.4715488
       ],
       [
        35.025222,
        32.4712871
       ],
       [
        35.0257183,
        32.4710194
       ],
       [
        35.02621,
        32.4707455
       ],
       [
        35.026697,
        32.4704656
       ],
       [
        35.0271791,
        32.4701798
       ],
       [
        35.0276562,
        32.4698881
       ],
       [
        35.0281284,
        32.4695905
       ],
       [
        35.0285953,
        32.4692871
       ],
       [
        35.0290571,
        32.468978
       ],
       [
        35.0295135,
        32.4686633
       ],
       [
        35.0299644,
        32.468343
       ],
       [
        35.0304098,
        32.4680172
       ],
       [
        35.0308496,
        32.4676859
       ],
       [
        35.0312837,
        32.4673493
       ],
       [
        35.0317119,
        32.4670074
       ],
       [
        35.0321343,
        32.4666602
       ],
       [
        35.0325507,
        32.4663078
       ],
       [
        35.032961,
        32.4659504
       ],
       [
        35.0333651,
        32.465588
       ],
       [
        35.033763,
        32.4652206
       ],
       [
        35.0341545,
        32.4648484
       ],
       [
        35.0345396,
        32.4644714
       ],
       [
        35.0349183,
        32.4640897
       ],
       [
        35.0352903,
        32.4637033
       ],
       [
        35.0356557,
        32.4633125
       ],
       [
        35.0360144,
        32.4629172
       ],
       [
        35.0363663,
        32.4625175
       ],
       [
        35.0367112,
        32.4621135
       ],
       [
        35.0370493,
        32.4617053
       ],
       [
        35.0373803,
        32.461293
       ],
       [
        35.0377042,
        32.4608767
       ],
       [
        35.0380209,
        32.4604565
       ],
       [
        35.0383305,
        32.4600324
       ],
       [
        35.0386327,
        32.4596045
       ],
       [
        35.0389275,
        32.4591729
       ],
       [
        35.039215,
        32.4587378
       ],
       [
        35.039495,
        32.4582992
       ],
       [
        35.0397674,
        32.4578571
       ],
       [
        35.0400322,
        32.4574118
       ],
       [
        35.0402894,
        32.4569633
       ],
       [
        35.0405389,
        32.4565116
       ],
       [
        35.0407806,
        32.4560569
       ],
       [
        35.0410145,
        32.4555993
       ],
       [
        35.0412405,
        32.4551389
       ],
       [
        35.0414587,
        32.4546757
       ],
       [
        35.0416689,
        32.4542099
       ],
       [
        35.0418711,
        32.4537416
       ],
       [
        35.0420652,
        32.4532708
       ],
       [
        35.0422513,
        32.4527977
       ],
       [
        35.0424293,
        32.4523223
       ],
       [
        35.0425991,
        32.4518448
       ],
       [
        35.0427607,
        32.4513653
       ],
       [
        35.0429141,
        32.4508838
       ],
       [
        35.0430592,
        32.4504005
       ],
       [
        35.043196,
        32.4499154
       ],
       [
        35.0433246,
        32.4494287
       ],
       [
        35.0434447,
        32.4489405
       ],
       [
        35.0435566,
        32.4484509
       ],
       [
        35.04366,
        32.4479599
       ],
       [
        35.043755,
        32.4474677
       ],
       [
        35.0438416,
        32.4469744
       ],
       [
        35.0439197,
        32.4464801
       ],
       [
        35.0439893,
        32.4459849
       ],
       [
        35.0440505,
        32.4454889
       ],
       [
        35.0441032,
        32.4449922
       ],
       [
        35.0441474,
        32.4444948
       ],
       [
        35.044183,
        32.443997
       ],
       [
        35.0442102,
        32.4434988
       ],
       [
        35.0442288,
        32.4430003
       ],
       [
        35.0442388,
        32.4425017
       ],
       [
        35.0442404,
        32.4420029
       ],
       [
        35.0442334,
        32.4415042
       ],
       [
        35.0442179,
        32.4410057
       ],
       [
        35.0441938,
        32.4405074
       ],
       [
        35.0441612,
        32.4400094
       ],
       [
        35.0441201,
        32.4395119
       ],
       [
        35.0440705,
        32.4390149
       ],
       [
        35.0440124,
        32.4385186
       ],
       [
        35.0439458,
        32.4380231
       ],
       [
        35.0438708,
        32.4375284
       ],
       [
        35.0437873,
        32.4370348
       ],
       [
        35.0436953,
        32.4365422
       ],
       [
        35.043595,
        32.4360507
       ],
       [
        35.0434862,
        32.4355606
       ],
       [
        35.0433691,
        32.4350719
       ],
       [
        35.0432436,
        32.4345846
       ],
       [
        35.0431098,
        32.434099
       ],
       [
        35.0429677,
        32.433615
       ],
       [
        35.0428173,
        32.4331329
       ],
       [
        35.0426587,
        32.4326526
       ],
       [
        35.0424919,
        32.4321744
       ],
       [
        35.042317,
        32.4316982
       ],
       [
        35.0421339,
        32.4312243
       ],
       [
        35.0419427,
        32.4307526
       ],
       [
        35.0417435,
        32.4302834
       ],
       [
        35.0415363,
        32.4298166
       ],
       [
        35.0413211,
        32.4293525
       ],
       [
        35.041098,
        32.428891
       ],
       [
        35.040867,
        32.4284324
       ],
       [
        35.0406282,
        32.4279766
       ],
       [
        35.0403816,
        32.4275238
       ],
       [
        35.0401274,
        32.4270741
       ],
       [
        35.0398654,
        32.4266276
       ],
       [
        35.0395959,
        32.4261844
       ],
       [
        35.0393188,
        32.4257445
       ],
       [
        35.0390342,
        32.425308
       ],
       [
        35.0387421,
        32.4248752
       ],
       [
        35.0384427,
        32.4244459
       ],
       [
        35.038136,
        32.4240204
       ],
       [
        35.0378221,
        32.4235987
       ],
       [
        35.0375009,
        32.4231809
       ],
       [
        35.0371727,
        32.4227671
       ],
       [
        35.0368374,
        32.4223574
       ],
       [
        35.0364951,
        32.4219519
       ],
       [
        35.036146,
        32.4215506
       ],
       [
        35.03579,
        32.4211536
       ],
       [
        35.0354272,
        32.4207611
       ],
       [
        35.0350578,
        32.4203731
       ],
       [
        35.0346818,
        32.4199896
       ],
       [
        35.0342993,
        32.4196108
       ],
       [
        35.0339104,
        32.4192368
       ],
       [
        35.033515,
        32.4188676
       ],
       [
        35.0331135,
        32.4185033
       ],
       [
        35.0327057,
        32.418144
       ],
       [
        35.0322918,
        32.4177897
       ],
       [
        35.0318719,
        32.4174406
       ],
       [
        35.0314461,
        32.4170967
       ],
       [
        35.0310145,
        32.416758
       ],
       [
        35.0305771,
        32.4164247
       ],
       [
        35.0301341,
        32.4160968
       ],
       [
        35.0296855,
        32.4157744
       ],
       [
        35.0292314,
        32.4154576
       ],
       [
        35.028772,
        32.4151463
       ],
       [
        35.0283073,
        32.4148408
       ],
       [
        35.0278374,
        32.414541
       ],
       [
        35.0273624,
        32.414247
       ],
       [
        35.0268825,
        32.4139589
       ],
       [
        35.0263977,
        32.4136767
       ],
       [
        35.0259081,
        32.4134005
       ],
       [
        35.0254138,
        32.4131304
       ],
       [
        35.024915,
        32.4128664
       ],
       [
        35.0244117,
        32.4126085
       ],
       [
        35.0239041,
        32.4123569
       ],
       [
        35.0233922,
        32.4121115
       ],
       [
        35.0228762,
        32.4118725
       ],
       [
        35.0223562,
        32.4116399
       ],
       [
        35.0218322,
        32.4114136
       ],
       [
        35.0213044,
        32.4111939
       ],
       [
        35.0207729,
        32.4109806
       ],
       [
        35.0202378,
        32.4107739
       ],
       [
        35.0196993,
        32.4105738
       ],
       [
        35.0191573,
        32.4103804
       ],
       [
        35.0186122,
        32.4101937
       ],
       [
        35.0180639,
        32.4100136
       ],
       [
        35.0175125,
        32.4098404
       ],
       [
        35.0169583,
        32.4096739
       ],
       [
        35.0164013,
        32.4095143
       ],
       [
        35.0158416,
        32.4093616
       ],
       [
        35.0152794,
        32.4092158
       ],
       [
        35.0147147,
        32.4090768
       ],
       [
        35.0141477,
        32.4089449
       ],
       [
        35.0135786,
        32.4088199
       ],
       [
        35.0130073,
        32.408702
       ],
       [
        35.0124341,
        32.4085911
       ],
       [
        35.011859,
        32.4084873
       ],
       [
        35.0112823,
        32.4083905
       ],
       [
        35.0107039,
        32.4083009
       ],
       [
        35.0101241,
        32.4082184
       ],
       [
        35.0095429,
        32.408143
       ],
       [
        35.0089605,
        32.4080748
       ],
       [
        35.008377,
        32.4080138
       ],
       [
        35.0077925,
        32.4079599
       ],
       [
        35.0072072,
        32.4079133
       ],
       [
        35.0066211,
        32.4078738
       ],
       [
        35.0060344,
        32.4078416
       ],
       [
        35.0054472,
        32.4078166
       ],
       [
        35.0048596,
        32.4077988
       ],
       [
        35.0042718,
        32.4077883
       ],
       [
        35.0036839,
        32.407785
       ],
       [
        35.003096,
        32.4077889
       ],
       [
        35.0025082,
        32.4078
       ],
       [
        35.0019207,
        32.4078184
       ],
       [
        35.0013336,
        32.407844
       ],
       [
        35.0007469,
        32.4078769
       ],
       [
        35.0001609,
        32.4079169
       ],
       [
        34.9995756,
        32.4079642
       ],
       [
        34.9989912,
        32.4080186
       ],
       [
        34.9984078,
        32.4080803
       ],
       [
        34.9978254,
        32.4081491
       ],
       [
        34.9972444,
        32.4082251
       ],
       [
        34.9966647,
        32.4083082
       ],
       [
        34.9960864,
        32.4083984
       ],
       [
        34.9955098,
        32.4084957
       ],
       [
        34.9949349,
        32.4086002
       ],
       [
        34.9943619,
        32.4087117
       ],
       [
        34.9937908,
        32.4088302
       ],
       [
        34.9932218,
        32.4089557
       ],
       [
        34.992655,
        32.4090883
       ],
       [
        34.9920905,
        32.4092278
       ],
       [
        34.9915284,
        32.4093742
       ],
       [
        34.990969,
        32.4095275
       ],
       [
        34.9904122,
        32.4096877
       ],
       [
        34.9898582,
        32.4098547
       ],
       [
        34.9893071,
        32.4100285
       ],
       [
        34.9887591,
        32.4102091
       ],
       [
        34.9882142,
        32.4103964
       ],
       [
        34.9876725,
        32.4105904
       ],
       [
        34.9871342,
        32.4107911
       ],
       [
        34.9865994,
        32.4109983
       ],
       [
        34.9860682,
        32.4112121
       ],
       [
        34.9855408,
        32.4114324
       ],
       [
        34.9850171,
        32.4116592
       ],
       [
        34.9844974,
        32.4118924
       ],
       [
        34.9839817,
        32.412132
       ],
       [
        34.9834702,
        32.4123779
       ],
       [
        34.9829629,
        32.4126301
       ],
       [
        34.98246,
        32.4128884
       ],
       [
        34.9819615,
        32.413153
       ],
       [
        34.9814677,
        32.4134236
       ],
       [
        34.9809785,
        32.4137003
       ],
       [
        34.980494,
        32.413983
       ],
       [
        34.9800145,
        32.4142716
       ],
       [
        34.97954,
        32.4145661
       ],
       [
        34.9790705,
        32.4148664
       ],
       [
        34.9786062,
        32.4151724
       ],
       [
        34.9781473,
        32.4154841
       ],
       [
        34.9776936,
        32.4158015
       ],
       [
        34.9772455,
        32.4161243
       ],
       [
        34.9768029,
        32.4164527
       ],
       [
        34.976366,
        32.4167865
       ],
       [
        34.9759348,
        32.4171256
       ],
       [
        34.9755095,
        32.41747
       ],
       [
        34.9750901,
        32.4178196
       ],
       [
        34.9746768,
        32.4181743
       ],
       [
        34.9742695,
        32.418534
       ],
       [
        34.9738684,
        32.4188987
       ],
       [
        34.9734737,
        32.4192684
       ],
       [
        34.9730852,
        32.4196428
       ],
       [
        34.9727032,
        32.420022
       ],
       [
        34.9723278,
        32.4204058
       ],
       [
        34.9719589,
        32.4207943
       ],
       [
        34.9715968,
        32.4211872
       ],
       [
        34.9712413,
        32.4215845
       ],
       [
        34.9708928,
        32.4219862
       ],
       [
        34.9705511,
        32.4223921
       ],
       [
        34.9702164,
        32.4228022
       ],
       [
        34.9698887,
        32.4232163
       ],
       [
        34.9695682,
        32.4236345
       ],
       [
        34.9692548,
        32.4240565
       ],
       [
        34.9689487,
        32.4244823
       ],
       [
        34.9686499,
        32.4249119
       ],
       [
        34.9683585,
        32.4253451
       ],
       [
        34.9680746,
        32.4257819
       ],
       [
        34.9677981,
        32.4262221
       ],
       [
        34.9675292,
        32.4266656
       ],
       [
        34.9672679,
        32.4271124
       ],
       [
        34.9670142,
        32.4275624
       ],
       [
        34.9667683,
        32.4280154
       ],
       [
        34.9665302,
        32.4284715
       ],
       [
        34.9662999,
        32.4289304
       ],
       [
        34.9660775,
        32.4293921
       ],
       [
        34.965863,
        32.4298565
       ],
       [
        34.9656564,
        32.4303234
       ],
       [
        34.9654579,
        32.4307929
       ],
       [
        34.9652674,
        32.4312648
       ],
       [
        34.965085,
        32.4317389
       ],
       [
        34.9649107,
        32.4322153
       ],
       [
        34.9647446,
        32.4326937
       ],
       [
        34.9645867,
        32.4331742
       ],
       [
        34.9644371,
        32.4336565
       ],
       [
        34.9642957,
        32.4341406
       ],
       [
        34.9641626,
        32.4346264
       ],
       [
        34.9640378,
        32.4351138
       ],
       [
        34.9639214,
        32.4356027
       ],
       [
        34.9638133,
        32.436093
       ],
       [
        34.9637137,
        32.4365845
       ],
       [
        34.9636225,
        32.4370772
       ],
       [
        34.9635397,
        32.437571
       ],
       [
        34.9634653,
        32.4380658
       ],
       [
        34.9633995,
        32.4385614
       ],
       [
        34.9633421,
        32.4390578
       ],
       [
        34.9632932,
        32.4395548
       ],
       [
        34.9632529,
        32.4400524
       ],
       [
        34.963221,
        32.4405504
       ],
       [
        34.9631977,
        32.4410487
       ],
       [
        34.9631829,
        32.4415473
       ],
       [
        34.9631767,
        32.4420461
       ],
       [
        34.963179,
        32.4425448
       ],
       [
        34.9631898,
        32.4430435
       ],
       [
        34.9632091,
        32.4435419
       ],
       [
        34.963237,
        32.4440401
       ],
       [
        34.9632734,
        32.4445379
       ],
       [
        34.9633183,
        32.4450352
       ],
       [
        34.9633717,
        32.4455319
       ],
       [
        34.9634336,
        32.4460279
       ],
       [
        34.963504,
        32.4465231
       ],
       [
        34.9635829,
        32.4470173
       ],
       [
        34.9636702,
        32.4475105
       ],
       [
        34.9637659,
        32.4480026
       ],
       [
        34.9638701,
        32.4484935
       ],
       [
        34.9639826,
        32.448983
       ],
       [
        34.9641035,
        32.4494711
       ],
       [
        34.9642328,
        32.4499577
       ],
       [
        34.9643704,
        32.4504426
       ],
       [
        34.9645162,
        32.4509258
       ],
       [
        34.9646703,
        32.4514071
       ],
       [
        34.9648327,
        32.4518865
       ],
       [
        34.9650032,
        32.4523638
       ],
       [
        34.9651819,
        32.452839
       ],
       [
        34.9653687,
        32.4533119
       ],
       [
        34.9655635,
        32.4537825
       ],
       [
        34.9657664,
        32.4542507
       ],
       [
        34.9659773,
        32.4547163
       ],
       [
        34.9661962,
        32.4551792
       ],
       [
        34.9664229,
        32.4556394
       ],
       [
        34.9666575,
        32.4560968
       ],
       [
        34.9668999,
        32.4565512
       ],
       [
        34.9671501,
        32.4570026
       ],
       [
        34.9674079,
        32.4574509
       ],
       [
        34.9676734,
        32.457896
       ],
       [
        34.9679465,
        32.4583377
       ],
       [
        34.9682272,
        32.4587761
       ],
       [
        34.9685153,
        32.4592109
       ],
       [
        34.9688108,
        32.4596421
       ],
       [
        34.9691137,
        32.4600697
       ],
       [
        34.9694238,
        32.4604935
       ],
       [
        34.9697412,
        32.4609134
       ],
       [
        34.9700658,
        32.4613294
       ],
       [
        34.9703974,
        32.4617414
       ],
       [
        34.970736,
        32.4621492
       ],
       [
        34.9710816,
        32.4625528
       ],
       [
        34.9714341,
        32.4629521
       ],
       [
        34.9717934,
        32.4633471
       ],
       [
        34.9721594,
        32.4637375
       ],
       [
        34.972532,
        32.4641235
       ],
       [
        34.9729113,
        32.4645048
       ],
       [
        34.973297,
        32.4648814
       ],
       [
        34.9736891,
        32.4652532
       ],
       [
        34.9740875,
        32.4656201
       ],
       [
        34.9744922,
        32.4659821
       ],
       [
        34.9749031,
        32.4663391
       ],
       [
        34.97532,
        32.466691
       ],
       [
        34.9757429,
        32.4670377
       ],
       [
        34.9761716,
        32.4673792
       ],
       [
        34.9766062,
        32.4677154
       ],
       [
        34.9770465,
        32.4680462
       ],
       [
        34.9774925,
        32.4683715
       ],
       [
        34.9779439,
        32.4686914
       ],
       [
        34.9784008,
        32.4690056
       ],
       [
        34.978863,
        32.4693142
       ],
       [
        34.9793304,
        32.469617
       ],
       [
        34.979803,
        32.4699141
       ],
       [
        34.9802806,
        32.4702053
       ],
       [
        34.9807632,
        32.4704906
       ],
       [
        34.9812506,
        32.47077
       ],
       [
        34.9817427,
        32.4710433
       ],
       [
        34.9822395,
        32.4713105
       ],
       [
        34.9827407,
        32.4715716
       ],
       [
        34.9832464,
        32.4718265
       ],
       [
        34.9837565,
        32.4720752
       ],
       [
        34.9842707,
        32.4723175
       ],
       [
        34.984789,
        32.4725535
       ],
       [
        34.9853113,
        32.4727831
       ],
       [
        34.9858375,
        32.4730063
       ],
       [
        34.9863674,
        32.4732229
       ],
       [
        34.986901,
        32.473433
       ],
       [
        34.9874382,
        32.4736366
       ],
       [
        34.9879787,
        32.4738334
       ],
       [
        34.9885226,
        32.4740237
       ],
       [
        34.9890697,
        32.4742072
       ],
       [
        34.9896199,
        32.4743839
       ],
       [
        34.9901731,
        32.4745539
       ],
       [
        34.9907291,
        32.474717
       ],
       [
        34.9912878,
        32.4748733
       ],
       [
        34.9918491,
        32.4750227
       ],
       [
        34.992413,
        32.4751651
       ],
       [
        34.9929792,
        32.4753006
       ],
       [
        34.9935477,
        32.4754292
       ],
       [
        34.9941184,
        32.4755507
       ],
       [
        34.994691,
        32.4756652
       ],
       [
        34.9952656,
        32.4757726
       ],
       [
        34.9958419,
        32.475873
       ],
       [
        34.9964199,
        32.4759662
       ],
       [
        34.9969994,
        32.4760523
       ],
       [
        34.9975804,
        32.4761313
       ],
       [
        34.9981626,
        32.4762031
       ],
       [
        34.998746,
        32.4762678
       ],
       [
        34.9993305,
        32.4763253
       ],
       [
        34.9999159,
        32.4763755
       ],
       [
        35.0005021,
        32.4764186
       ],
       [
        35.0010889,
        32.4764544
       ],
       [
        35.0016763,
        32.4764831
       ],
       [
        35.0022641,
        32.4765045
       ],
       [
        35.0028523,
        32.4765186
       ],
       [
        35.0034406,
        32.4765255
       ],
       [
        35.004029,
        32.4765252
       ],
       [
        35.0044702,
        32.4765202
       ]
      ]
     ]
    ],
    "type": "MultiPolygon"
   }
  },
  {
   "type": "Feature",
   "properties": {
    "code": "ATZ-LLEY",
    "nameHe": "עין יהב",
    "nameEn": null,
    "zoneTypeCode": "ATZ",
    "floorAmslFt": 0,
    "ceilingAmslFt": 1000,
    "aglCeilingFt": null,
    "notes": "ATZ | אזרחי | source stamp 2020-08-16 | altitude unit unstated in source — adopted ft AMSL per producer's sibling files (verify in visual check)"
   },
   "geometry": {
    "coordinates": [
     [
      [
       [
        35.2036689,
        30.6487178
       ],
       [
        35.2041794,
        30.6487055
       ],
       [
        35.2046896,
        30.6486861
       ],
       [
        35.2051994,
        30.6486594
       ],
       [
        35.2057086,
        30.6486255
       ],
       [
        35.206217,
        30.6485845
       ],
       [
        35.2067247,
        30.6485363
       ],
       [
        35.2072314,
        30.6484809
       ],
       [
        35.2077369,
        30.6484184
       ],
       [
        35.2082412,
        30.6483488
       ],
       [
        35.2087441,
        30.648272
       ],
       [
        35.2092456,
        30.6481882
       ],
       [
        35.2097453,
        30.6480973
       ],
       [
        35.2102433,
        30.6479994
       ],
       [
        35.2107393,
        30.6478944
       ],
       [
        35.2112334,
        30.6477825
       ],
       [
        35.2117252,
        30.6476636
       ],
       [
        35.2122147,
        30.6475377
       ],
       [
        35.2127018,
        30.647405
       ],
       [
        35.2131863,
        30.6472654
       ],
       [
        35.2136681,
        30.647119
       ],
       [
        35.2141471,
        30.6469659
       ],
       [
        35.2146231,
        30.646806
       ],
       [
        35.215096,
        30.6466394
       ],
       [
        35.2155658,
        30.6464661
       ],
       [
        35.2160321,
        30.6462862
       ],
       [
        35.2164951,
        30.6460998
       ],
       [
        35.2169544,
        30.6459069
       ],
       [
        35.2174101,
        30.6457075
       ],
       [
        35.2178619,
        30.6455017
       ],
       [
        35.2183098,
        30.6452895
       ],
       [
        35.2187536,
        30.6450711
       ],
       [
        35.2191932,
        30.6448464
       ],
       [
        35.2196285,
        30.6446156
       ],
       [
        35.2200594,
        30.6443786
       ],
       [
        35.2204858,
        30.6441356
       ],
       [
        35.2209075,
        30.6438866
       ],
       [
        35.2213245,
        30.6436317
       ],
       [
        35.2217366,
        30.6433709
       ],
       [
        35.2221437,
        30.6431044
       ],
       [
        35.2225458,
        30.6428321
       ],
       [
        35.2229426,
        30.6425542
       ],
       [
        35.2233342,
        30.6422707
       ],
       [
        35.2237203,
        30.6419818
       ],
       [
        35.2241009,
        30.6416874
       ],
       [
        35.2244759,
        30.6413877
       ],
       [
        35.2248453,
        30.6410828
       ],
       [
        35.2252088,
        30.6407727
       ],
       [
        35.2255664,
        30.6404575
       ],
       [
        35.225918,
        30.6401373
       ],
       [
        35.2262635,
        30.6398121
       ],
       [
        35.2266028,
        30.6394822
       ],
       [
        35.2269359,
        30.6391475
       ],
       [
        35.2272625,
        30.6388081
       ],
       [
        35.2275828,
        30.6384642
       ],
       [
        35.2278965,
        30.6381158
       ],
       [
        35.2282036,
        30.637763
       ],
       [
        35.2285039,
        30.6374059
       ],
       [
        35.2287975,
        30.6370447
       ],
       [
        35.2290843,
        30.6366793
       ],
       [
        35.2293641,
        30.6363099
       ],
       [
        35.2296369,
        30.6359367
       ],
       [
        35.2299026,
        30.6355596
       ],
       [
        35.2301612,
        30.6351789
       ],
       [
        35.2304125,
        30.6347945
       ],
       [
        35.2306565,
        30.6344067
       ],
       [
        35.2308932,
        30.6340154
       ],
       [
        35.2311225,
        30.6336209
       ],
       [
        35.2313443,
        30.6332232
       ],
       [
        35.2315586,
        30.6328224
       ],
       [
        35.2317652,
        30.6324186
       ],
       [
        35.2319643,
        30.632012
       ],
       [
        35.2321556,
        30.6316026
       ],
       [
        35.2323392,
        30.6311906
       ],
       [
        35.2325149,
        30.630776
       ],
       [
        35.2326828,
        30.630359
       ],
       [
        35.2328429,
        30.6299397
       ],
       [
        35.2329949,
        30.6295182
       ],
       [
        35.2331391,
        30.6290946
       ],
       [
        35.2332752,
        30.6286691
       ],
       [
        35.2334032,
        30.6282416
       ],
       [
        35.2335232,
        30.6278124
       ],
       [
        35.233635,
        30.6273816
       ],
       [
        35.2337387,
        30.6269493
       ],
       [
        35.2338343,
        30.6265155
       ],
       [
        35.2339216,
        30.6260805
       ],
       [
        35.2340007,
        30.6256443
       ],
       [
        35.2340716,
        30.625207
       ],
       [
        35.2341342,
        30.6247688
       ],
       [
        35.2341885,
        30.6243298
       ],
       [
        35.2342345,
        30.62389
       ],
       [
        35.2342723,
        30.6234497
       ],
       [
        35.2343017,
        30.6230089
       ],
       [
        35.2343228,
        30.6225677
       ],
       [
        35.2343355,
        30.6221263
       ],
       [
        35.23434,
        30.6216847
       ],
       [
        35.2343361,
        30.6212432
       ],
       [
        35.2343238,
        30.6208018
       ],
       [
        35.2343033,
        30.6203606
       ],
       [
        35.2342744,
        30.6199198
       ],
       [
        35.2342372,
        30.6194794
       ],
       [
        35.2341917,
        30.6190396
       ],
       [
        35.2341379,
        30.6186005
       ],
       [
        35.2340759,
        30.6181622
       ],
       [
        35.2340056,
        30.6177249
       ],
       [
        35.233927,
        30.6172886
       ],
       [
        35.2338402,
        30.6168535
       ],
       [
        35.2337452,
        30.6164196
       ],
       [
        35.2336421,
        30.6159872
       ],
       [
        35.2335308,
        30.6155563
       ],
       [
        35.2334114,
        30.615127
       ],
       [
        35.2332839,
        30.6146994
       ],
       [
        35.2331483,
        30.6142737
       ],
       [
        35.2330047,
        30.61385
       ],
       [
        35.2328532,
        30.6134283
       ],
       [
        35.2326937,
        30.6130089
       ],
       [
        35.2325264,
        30.6125918
       ],
       [
        35.2323512,
        30.612177
       ],
       [
        35.2321682,
        30.6117648
       ],
       [
        35.2319774,
        30.6113553
       ],
       [
        35.2317789,
        30.6109484
       ],
       [
        35.2315728,
        30.6105445
       ],
       [
        35.2313591,
        30.6101435
       ],
       [
        35.2311379,
        30.6097456
       ],
       [
        35.2309092,
        30.6093508
       ],
       [
        35.2306731,
        30.6089593
       ],
       [
        35.2304296,
        30.6085712
       ],
       [
        35.2301788,
        30.6081866
       ],
       [
        35.2299208,
        30.6078056
       ],
       [
        35.2296557,
        30.6074283
       ],
       [
        35.2293835,
        30.6070548
       ],
       [
        35.2291042,
        30.6066851
       ],
       [
        35.2288181,
        30.6063195
       ],
       [
        35.2285251,
        30.6059579
       ],
       [
        35.2282253,
        30.6056006
       ],
       [
        35.2279188,
        30.6052475
       ],
       [
        35.2276056,
        30.6048987
       ],
       [
        35.227286,
        30.6045545
       ],
       [
        35.2269599,
        30.6042148
       ],
       [
        35.2266274,
        30.6038797
       ],
       [
        35.2262887,
        30.6035494
       ],
       [
        35.2259437,
        30.6032239
       ],
       [
        35.2255927,
        30.6029034
       ],
       [
        35.2252357,
        30.6025878
       ],
       [
        35.2248728,
        30.6022773
       ],
       [
        35.224504,
        30.6019719
       ],
       [
        35.2241296,
        30.6016718
       ],
       [
        35.2237496,
        30.6013771
       ],
       [
        35.223364,
        30.6010877
       ],
       [
        35.222973,
        30.6008038
       ],
       [
        35.2225768,
        30.6005255
       ],
       [
        35.2221753,
        30.6002528
       ],
       [
        35.2217688,
        30.5999858
       ],
       [
        35.2213572,
        30.5997246
       ],
       [
        35.2209408,
        30.5994692
       ],
       [
        35.2205197,
        30.5992197
       ],
       [
        35.2200939,
        30.5989762
       ],
       [
        35.2196635,
        30.5987387
       ],
       [
        35.2192288,
        30.5985074
       ],
       [
        35.2187897,
        30.5982822
       ],
       [
        35.2183464,
        30.5980633
       ],
       [
        35.2178991,
        30.5978506
       ],
       [
        35.2174478,
        30.5976443
       ],
       [
        35.2169927,
        30.5974443
       ],
       [
        35.2165339,
        30.5972509
       ],
       [
        35.2160715,
        30.5970639
       ],
       [
        35.2156056,
        30.5968834
       ],
       [
        35.2151364,
        30.5967096
       ],
       [
        35.214664,
        30.5965424
       ],
       [
        35.2141885,
        30.5963819
       ],
       [
        35.21371,
        30.5962282
       ],
       [
        35.2132287,
        30.5960812
       ],
       [
        35.2127447,
        30.595941
       ],
       [
        35.2122581,
        30.5958077
       ],
       [
        35.2117691,
        30.5956812
       ],
       [
        35.2112777,
        30.5955617
       ],
       [
        35.2107841,
        30.5954491
       ],
       [
        35.2102885,
        30.5953436
       ],
       [
        35.209791,
        30.595245
       ],
       [
        35.2092917,
        30.5951534
       ],
       [
        35.2087907,
        30.5950689
       ],
       [
        35.2082882,
        30.5949915
       ],
       [
        35.2077843,
        30.5949212
       ],
       [
        35.2072791,
        30.594858
       ],
       [
        35.2067728,
        30.594802
       ],
       [
        35.2062655,
        30.5947531
       ],
       [
        35.2057574,
        30.5947114
       ],
       [
        35.2052485,
        30.5946768
       ],
       [
        35.2047391,
        30.5946495
       ],
       [
        35.2042292,
        30.5946293
       ],
       [
        35.203719,
        30.5946163
       ],
       [
        35.2032087,
        30.5946106
       ],
       [
        35.2026982,
        30.594612
       ],
       [
        35.2021879,
        30.5946207
       ],
       [
        35.2016778,
        30.5946365
       ],
       [
        35.2011681,
        30.5946595
       ],
       [
        35.2006589,
        30.5946898
       ],
       [
        35.2001503,
        30.5947272
       ],
       [
        35.1996425,
        30.5947718
       ],
       [
        35.1991356,
        30.5948235
       ],
       [
        35.1986297,
        30.5948824
       ],
       [
        35.1981251,
        30.5949484
       ],
       [
        35.1976217,
        30.5950216
       ],
       [
        35.1971198,
        30.5951018
       ],
       [
        35.1966194,
        30.5951891
       ],
       [
        35.1961208,
        30.5952835
       ],
       [
        35.195624,
        30.5953849
       ],
       [
        35.1951292,
        30.5954932
       ],
       [
        35.1946365,
        30.5956086
       ],
       [
        35.194146,
        30.5957309
       ],
       [
        35.1936579,
        30.5958601
       ],
       [
        35.1931724,
        30.5959962
       ],
       [
        35.1926894,
        30.5961391
       ],
       [
        35.1922092,
        30.5962888
       ],
       [
        35.1917319,
        30.5964452
       ],
       [
        35.1912576,
        30.5966084
       ],
       [
        35.1907864,
        30.5967782
       ],
       [
        35.1903185,
        30.5969547
       ],
       [
        35.189854,
        30.5971378
       ],
       [
        35.189393,
        30.5973273
       ],
       [
        35.1889357,
        30.5975234
       ],
       [
        35.1884821,
        30.5977259
       ],
       [
        35.1880324,
        30.5979348
       ],
       [
        35.1875867,
        30.59815
       ],
       [
        35.187145,
        30.5983714
       ],
       [
        35.1867077,
        30.5985991
       ],
       [
        35.1862747,
        30.5988329
       ],
       [
        35.1858461,
        30.5990728
       ],
       [
        35.1854221,
        30.5993186
       ],
       [
        35.1850029,
        30.5995705
       ],
       [
        35.1845884,
        30.5998282
       ],
       [
        35.1841788,
        30.6000918
       ],
       [
        35.1837743,
        30.6003611
       ],
       [
        35.1833749,
        30.600636
       ],
       [
        35.1829807,
        30.6009166
       ],
       [
        35.1825919,
        30.6012027
       ],
       [
        35.1822085,
        30.6014942
       ],
       [
        35.1818307,
        30.6017911
       ],
       [
        35.1814585,
        30.6020933
       ],
       [
        35.1810921,
        30.6024008
       ],
       [
        35.1807315,
        30.6027133
       ],
       [
        35.1803769,
        30.6030309
       ],
       [
        35.1800283,
        30.6033535
       ],
       [
        35.1796858,
        30.6036809
       ],
       [
        35.1793495,
        30.6040131
       ],
       [
        35.1790196,
        30.6043501
       ],
       [
        35.178696,
        30.6046916
       ],
       [
        35.178379,
        30.6050377
       ],
       [
        35.1780685,
        30.6053882
       ],
       [
        35.1777647,
        30.605743
       ],
       [
        35.1774675,
        30.6061021
       ],
       [
        35.1771772,
        30.6064653
       ],
       [
        35.1768938,
        30.6068325
       ],
       [
        35.1766174,
        30.6072037
       ],
       [
        35.176348,
        30.6075788
       ],
       [
        35.1760857,
        30.6079576
       ],
       [
        35.1758306,
        30.6083401
       ],
       [
        35.1755827,
        30.6087261
       ],
       [
        35.1753422,
        30.6091156
       ],
       [
        35.175109,
        30.6095084
       ],
       [
        35.1748833,
        30.6099044
       ],
       [
        35.174665,
        30.6103036
       ],
       [
        35.1744544,
        30.6107058
       ],
       [
        35.1742513,
        30.611111
       ],
       [
        35.1740559,
        30.6115189
       ],
       [
        35.1738683,
        30.6119295
       ],
       [
        35.1736884,
        30.6123428
       ],
       [
        35.1735163,
        30.6127585
       ],
       [
        35.1733521,
        30.6131766
       ],
       [
        35.1731958,
        30.613597
       ],
       [
        35.1730474,
        30.6140195
       ],
       [
        35.1729071,
        30.614444
       ],
       [
        35.1727747,
        30.6148705
       ],
       [
        35.1726505,
        30.6152988
       ],
       [
        35.1725343,
        30.6157287
       ],
       [
        35.1724262,
        30.6161603
       ],
       [
        35.1723264,
        30.6165933
       ],
       [
        35.1722346,
        30.6170277
       ],
       [
        35.1721512,
        30.6174633
       ],
       [
        35.1720759,
        30.6179001
       ],
       [
        35.1720089,
        30.6183378
       ],
       [
        35.1719501,
        30.6187764
       ],
       [
        35.1718997,
        30.6192158
       ],
       [
        35.1718575,
        30.6196559
       ],
       [
        35.1718236,
        30.6200965
       ],
       [
        35.1717981,
        30.6205375
       ],
       [
        35.1717809,
        30.6209788
       ],
       [
        35.171772,
        30.6214203
       ],
       [
        35.1717714,
        30.6218618
       ],
       [
        35.1717792,
        30.6223033
       ],
       [
        35.1717953,
        30.6227447
       ],
       [
        35.1718197,
        30.6231857
       ],
       [
        35.1718525,
        30.6236264
       ],
       [
        35.1718936,
        30.6240665
       ],
       [
        35.1719429,
        30.624506
       ],
       [
        35.1720006,
        30.6249448
       ],
       [
        35.1720665,
        30.6253826
       ],
       [
        35.1721407,
        30.6258195
       ],
       [
        35.1722231,
        30.6262553
       ],
       [
        35.1723137,
        30.6266898
       ],
       [
        35.1724126,
        30.627123
       ],
       [
        35.1725195,
        30.6275548
       ],
       [
        35.1726346,
        30.627985
       ],
       [
        35.1727579,
        30.6284135
       ],
       [
        35.1728892,
        30.6288402
       ],
       [
        35.1730285,
        30.629265
       ],
       [
        35.1731758,
        30.6296878
       ],
       [
        35.1733311,
        30.6301084
       ],
       [
        35.1734943,
        30.6305268
       ],
       [
        35.1736654,
        30.6309429
       ],
       [
        35.1738443,
        30.6313564
       ],
       [
        35.174031,
        30.6317674
       ],
       [
        35.1742254,
        30.6321757
       ],
       [
        35.1744275,
        30.6325812
       ],
       [
        35.1746372,
        30.6329838
       ],
       [
        35.1748545,
        30.6333834
       ],
       [
        35.1750794,
        30.6337799
       ],
       [
        35.1753116,
        30.6341731
       ],
       [
        35.1755513,
        30.634563
       ],
       [
        35.1757983,
        30.6349495
       ],
       [
        35.1760525,
        30.6353324
       ],
       [
        35.176314,
        30.6357117
       ],
       [
        35.1765826,
        30.6360872
       ],
       [
        35.1768582,
        30.6364589
       ],
       [
        35.1771408,
        30.6368267
       ],
       [
        35.1774303,
        30.6371904
       ],
       [
        35.1777267,
        30.63755
       ],
       [
        35.1780298,
        30.6379054
       ],
       [
        35.1783395,
        30.6382564
       ],
       [
        35.1786559,
        30.6386031
       ],
       [
        35.1789787,
        30.6389452
       ],
       [
        35.179308,
        30.6392827
       ],
       [
        35.1796436,
        30.6396155
       ],
       [
        35.1799854,
        30.6399435
       ],
       [
        35.1803334,
        30.6402667
       ],
       [
        35.1806874,
        30.6405849
       ],
       [
        35.1810474,
        30.6408981
       ],
       [
        35.1814133,
        30.6412062
       ],
       [
        35.1817849,
        30.641509
       ],
       [
        35.1821622,
        30.6418066
       ],
       [
        35.1825451,
        30.6420988
       ],
       [
        35.1829334,
        30.6423855
       ],
       [
        35.1833271,
        30.6426667
       ],
       [
        35.1837261,
        30.6429424
       ],
       [
        35.1841302,
        30.6432124
       ],
       [
        35.1845393,
        30.6434766
       ],
       [
        35.1849534,
        30.643735
       ],
       [
        35.1853723,
        30.6439876
       ],
       [
        35.1857959,
        30.6442342
       ],
       [
        35.1862242,
        30.6444747
       ],
       [
        35.1866569,
        30.6447093
       ],
       [
        35.1870939,
        30.6449376
       ],
       [
        35.1875353,
        30.6451598
       ],
       [
        35.1879807,
        30.6453757
       ],
       [
        35.1884302,
        30.6455853
       ],
       [
        35.1888836,
        30.6457885
       ],
       [
        35.1893408,
        30.6459853
       ],
       [
        35.1898016,
        30.6461757
       ],
       [
        35.1902659,
        30.6463595
       ],
       [
        35.1907337,
        30.6465367
       ],
       [
        35.1912047,
        30.6467073
       ],
       [
        35.1916789,
        30.6468712
       ],
       [
        35.1921562,
        30.6470284
       ],
       [
        35.1926363,
        30.6471788
       ],
       [
        35.1931192,
        30.6473225
       ],
       [
        35.1936048,
        30.6474593
       ],
       [
        35.1940929,
        30.6475893
       ],
       [
        35.1945833,
        30.6477123
       ],
       [
        35.1950761,
        30.6478284
       ],
       [
        35.1955709,
        30.6479375
       ],
       [
        35.1960678,
        30.6480397
       ],
       [
        35.1965665,
        30.6481348
       ],
       [
        35.1970669,
        30.6482228
       ],
       [
        35.197569,
        30.6483038
       ],
       [
        35.1980725,
        30.6483777
       ],
       [
        35.1985773,
        30.6484445
       ],
       [
        35.1990833,
        30.6485041
       ],
       [
        35.1995904,
        30.6485566
       ],
       [
        35.2000984,
        30.6486019
       ],
       [
        35.2006072,
        30.64864
       ],
       [
        35.2011166,
        30.648671
       ],
       [
        35.2016266,
        30.6486948
       ],
       [
        35.2021369,
        30.6487113
       ],
       [
        35.2026475,
        30.6487207
       ],
       [
        35.2031582,
        30.6487228
       ],
       [
        35.2036689,
        30.6487178
       ]
      ]
     ]
    ],
    "type": "MultiPolygon"
   }
  },
  {
   "type": "Feature",
   "properties": {
    "code": "ATZ-LLFK",
    "nameHe": "פיק",
    "nameEn": null,
    "zoneTypeCode": "ATZ",
    "floorAmslFt": 0,
    "ceilingAmslFt": 3000,
    "aglCeilingFt": null,
    "notes": "ATZ | אזרחי | source stamp 2021-06-13 | altitude unit unstated in source — adopted ft AMSL per producer's sibling files (verify in visual check)"
   },
   "geometry": {
    "coordinates": [
     [
      [
       [
        35.7190675,
        32.8153325
       ],
       [
        35.7195903,
        32.8153267
       ],
       [
        35.7201129,
        32.8153138
       ],
       [
        35.7206351,
        32.8152936
       ],
       [
        35.7211569,
        32.8152662
       ],
       [
        35.7216781,
        32.8152317
       ],
       [
        35.7221986,
        32.81519
       ],
       [
        35.7227181,
        32.8151411
       ],
       [
        35.7232367,
        32.815085
       ],
       [
        35.7237541,
        32.8150218
       ],
       [
        35.7242702,
        32.8149515
       ],
       [
        35.7247849,
        32.8148741
       ],
       [
        35.7252981,
        32.8147896
       ],
       [
        35.7258095,
        32.814698
       ],
       [
        35.7263191,
        32.8145994
       ],
       [
        35.7268267,
        32.8144938
       ],
       [
        35.7273322,
        32.8143812
       ],
       [
        35.7278354,
        32.8142616
       ],
       [
        35.7283363,
        32.8141352
       ],
       [
        35.7288347,
        32.8140018
       ],
       [
        35.7293304,
        32.8138616
       ],
       [
        35.7298233,
        32.8137146
       ],
       [
        35.7303134,
        32.8135608
       ],
       [
        35.7308004,
        32.8134002
       ],
       [
        35.7312842,
        32.813233
       ],
       [
        35.7317647,
        32.8130591
       ],
       [
        35.7322418,
        32.8128787
       ],
       [
        35.7327153,
        32.8126916
       ],
       [
        35.7331852,
        32.8124981
       ],
       [
        35.7336513,
        32.8122981
       ],
       [
        35.7341134,
        32.8120917
       ],
       [
        35.7345715,
        32.811879
       ],
       [
        35.7350254,
        32.81166
       ],
       [
        35.735475,
        32.8114348
       ],
       [
        35.7359202,
        32.8112034
       ],
       [
        35.7363609,
        32.8109659
       ],
       [
        35.7367969,
        32.8107223
       ],
       [
        35.7372281,
        32.8104728
       ],
       [
        35.7376545,
        32.8102173
       ],
       [
        35.7380758,
        32.8099561
       ],
       [
        35.7384921,
        32.809689
       ],
       [
        35.7389031,
        32.8094162
       ],
       [
        35.7393089,
        32.8091379
       ],
       [
        35.7397091,
        32.8088539
       ],
       [
        35.7401039,
        32.8085645
       ],
       [
        35.740493,
        32.8082697
       ],
       [
        35.7408763,
        32.8079695
       ],
       [
        35.7412538,
        32.8076641
       ],
       [
        35.7416253,
        32.8073536
       ],
       [
        35.7419908,
        32.8070379
       ],
       [
        35.7423501,
        32.8067173
       ],
       [
        35.7427032,
        32.8063918
       ],
       [
        35.7430499,
        32.8060614
       ],
       [
        35.7433902,
        32.8057263
       ],
       [
        35.743724,
        32.8053865
       ],
       [
        35.7440511,
        32.8050422
       ],
       [
        35.7443716,
        32.8046935
       ],
       [
        35.7446853,
        32.8043403
       ],
       [
        35.7449921,
        32.8039829
       ],
       [
        35.745292,
        32.8036213
       ],
       [
        35.7455848,
        32.8032556
       ],
       [
        35.7458705,
        32.802886
       ],
       [
        35.7461491,
        32.8025124
       ],
       [
        35.7464204,
        32.8021351
       ],
       [
        35.7466843,
        32.801754
       ],
       [
        35.7469409,
        32.8013694
       ],
       [
        35.74719,
        32.8009813
       ],
       [
        35.7474315,
        32.8005898
       ],
       [
        35.7476655,
        32.800195
       ],
       [
        35.7478918,
        32.7997971
       ],
       [
        35.7481103,
        32.7993961
       ],
       [
        35.7483211,
        32.7989921
       ],
       [
        35.7485241,
        32.7985853
       ],
       [
        35.7487191,
        32.7981758
       ],
       [
        35.7489063,
        32.7977636
       ],
       [
        35.7490854,
        32.7973488
       ],
       [
        35.7492565,
        32.7969317
       ],
       [
        35.7494195,
        32.7965123
       ],
       [
        35.7495744,
        32.7960906
       ],
       [
        35.7497211,
        32.7956669
       ],
       [
        35.7498596,
        32.7952413
       ],
       [
        35.7499899,
        32.7948137
       ],
       [
        35.7501119,
        32.7943845
       ],
       [
        35.7502256,
        32.7939536
       ],
       [
        35.7503309,
        32.7935212
       ],
       [
        35.7504279,
        32.7930874
       ],
       [
        35.7505164,
        32.7926523
       ],
       [
        35.7505966,
        32.7922161
       ],
       [
        35.7506683,
        32.7917788
       ],
       [
        35.7507315,
        32.7913406
       ],
       [
        35.7507863,
        32.7909016
       ],
       [
        35.7508326,
        32.7904618
       ],
       [
        35.7508704,
        32.7900215
       ],
       [
        35.7508997,
        32.7895808
       ],
       [
        35.7509204,
        32.7891397
       ],
       [
        35.7509327,
        32.7886983
       ],
       [
        35.7509364,
        32.7882569
       ],
       [
        35.7509315,
        32.7878155
       ],
       [
        35.7509182,
        32.7873741
       ],
       [
        35.7508963,
        32.7869331
       ],
       [
        35.7508659,
        32.7864924
       ],
       [
        35.750827,
        32.7860521
       ],
       [
        35.7507796,
        32.7856125
       ],
       [
        35.7507237,
        32.7851736
       ],
       [
        35.7506593,
        32.7847355
       ],
       [
        35.7505865,
        32.7842983
       ],
       [
        35.7505053,
        32.7838622
       ],
       [
        35.7504156,
        32.7834273
       ],
       [
        35.7503175,
        32.7829937
       ],
       [
        35.7502111,
        32.7825615
       ],
       [
        35.7500964,
        32.7821308
       ],
       [
        35.7499733,
        32.7817018
       ],
       [
        35.749842,
        32.7812745
       ],
       [
        35.7497024,
        32.7808491
       ],
       [
        35.7495547,
        32.7804256
       ],
       [
        35.7493987,
        32.7800043
       ],
       [
        35.7492347,
        32.7795851
       ],
       [
        35.7490626,
        32.7791683
       ],
       [
        35.7488824,
        32.7787539
       ],
       [
        35.7486943,
        32.778342
       ],
       [
        35.7484983,
        32.7779328
       ],
       [
        35.7482944,
        32.7775264
       ],
       [
        35.7480826,
        32.7771228
       ],
       [
        35.7478631,
        32.7767222
       ],
       [
        35.7476359,
        32.7763246
       ],
       [
        35.747401,
        32.7759303
       ],
       [
        35.7471586,
        32.7755392
       ],
       [
        35.7469086,
        32.7751515
       ],
       [
        35.7466512,
        32.7747673
       ],
       [
        35.7463864,
        32.7743868
       ],
       [
        35.7461142,
        32.7740099
       ],
       [
        35.7458349,
        32.7736368
       ],
       [
        35.7455483,
        32.7732676
       ],
       [
        35.7452547,
        32.7729025
       ],
       [
        35.7449541,
        32.7725414
       ],
       [
        35.7446465,
        32.7721845
       ],
       [
        35.7443321,
        32.7718319
       ],
       [
        35.7440109,
        32.7714837
       ],
       [
        35.743683,
        32.77114
       ],
       [
        35.7433486,
        32.7708008
       ],
       [
        35.7430076,
        32.7704662
       ],
       [
        35.7426602,
        32.7701365
       ],
       [
        35.7423065,
        32.7698115
       ],
       [
        35.7419466,
        32.7694915
       ],
       [
        35.7415806,
        32.7691765
       ],
       [
        35.7412085,
        32.7688665
       ],
       [
        35.7408305,
        32.7685618
       ],
       [
        35.7404466,
        32.7682622
       ],
       [
        35.740057,
        32.7679681
       ],
       [
        35.7396618,
        32.7676793
       ],
       [
        35.739261,
        32.767396
       ],
       [
        35.7388549,
        32.7671183
       ],
       [
        35.7384434,
        32.7668462
       ],
       [
        35.7380268,
        32.7665798
       ],
       [
        35.737605,
        32.7663192
       ],
       [
        35.7371783,
        32.7660644
       ],
       [
        35.7367467,
        32.7658156
       ],
       [
        35.7363104,
        32.7655727
       ],
       [
        35.7358694,
        32.7653359
       ],
       [
        35.7354239,
        32.7651052
       ],
       [
        35.7349741,
        32.7648807
       ],
       [
        35.7345199,
        32.7646624
       ],
       [
        35.7340616,
        32.7644504
       ],
       [
        35.7335993,
        32.7642447
       ],
       [
        35.733133,
        32.7640455
       ],
       [
        35.732663,
        32.7638526
       ],
       [
        35.7321893,
        32.7636663
       ],
       [
        35.7317121,
        32.7634866
       ],
       [
        35.7312315,
        32.7633134
       ],
       [
        35.7307476,
        32.7631469
       ],
       [
        35.7302605,
        32.7629871
       ],
       [
        35.7297705,
        32.762834
       ],
       [
        35.7292775,
        32.7626877
       ],
       [
        35.7287818,
        32.7625483
       ],
       [
        35.7282834,
        32.7624156
       ],
       [
        35.7277826,
        32.7622899
       ],
       [
        35.7272794,
        32.7621711
       ],
       [
        35.7267739,
        32.7620592
       ],
       [
        35.7262664,
        32.7619543
       ],
       [
        35.7257569,
        32.7618564
       ],
       [
        35.7252456,
        32.7617656
       ],
       [
        35.7247327,
        32.7616818
       ],
       [
        35.7242181,
        32.7616051
       ],
       [
        35.7237022,
        32.7615355
       ],
       [
        35.723185,
        32.761473
       ],
       [
        35.7226666,
        32.7614177
       ],
       [
        35.7221472,
        32.7613695
       ],
       [
        35.721627,
        32.7613285
       ],
       [
        35.7211061,
        32.7612946
       ],
       [
        35.7205845,
        32.761268
       ],
       [
        35.7200626,
        32.7612485
       ],
       [
        35.7195403,
        32.7612362
       ],
       [
        35.7190178,
        32.7612311
       ],
       [
        35.7184954,
        32.7612333
       ],
       [
        35.717973,
        32.7612426
       ],
       [
        35.7174509,
        32.7612592
       ],
       [
        35.7169292,
        32.7612829
       ],
       [
        35.716408,
        32.7613138
       ],
       [
        35.7158874,
        32.7613519
       ],
       [
        35.7153677,
        32.7613972
       ],
       [
        35.7148489,
        32.7614496
       ],
       [
        35.7143312,
        32.7615092
       ],
       [
        35.7138147,
        32.7615759
       ],
       [
        35.7132996,
        32.7616497
       ],
       [
        35.7127859,
        32.7617306
       ],
       [
        35.7122739,
        32.7618186
       ],
       [
        35.7117637,
        32.7619136
       ],
       [
        35.7112553,
        32.7620156
       ],
       [
        35.710749,
        32.7621247
       ],
       [
        35.7102449,
        32.7622406
       ],
       [
        35.7097431,
        32.7623636
       ],
       [
        35.7092437,
        32.7624934
       ],
       [
        35.7087469,
        32.7626301
       ],
       [
        35.7082528,
        32.7627736
       ],
       [
        35.7077615,
        32.762924
       ],
       [
        35.7072732,
        32.763081
       ],
       [
        35.706788,
        32.7632448
       ],
       [
        35.706306,
        32.7634153
       ],
       [
        35.7058274,
        32.7635923
       ],
       [
        35.7053522,
        32.763776
       ],
       [
        35.7048807,
        32.7639662
       ],
       [
        35.7044129,
        32.7641628
       ],
       [
        35.703949,
        32.7643659
       ],
       [
        35.703489,
        32.7645753
       ],
       [
        35.7030331,
        32.7647911
       ],
       [
        35.7025815,
        32.7650131
       ],
       [
        35.7021342,
        32.7652413
       ],
       [
        35.7016914,
        32.7654756
       ],
       [
        35.7012531,
        32.765716
       ],
       [
        35.7008196,
        32.7659624
       ],
       [
        35.7003909,
        32.7662148
       ],
       [
        35.6999671,
        32.766473
       ],
       [
        35.6995483,
        32.7667371
       ],
       [
        35.6991347,
        32.7670069
       ],
       [
        35.6987264,
        32.7672823
       ],
       [
        35.6983234,
        32.7675634
       ],
       [
        35.6979259,
        32.7678499
       ],
       [
        35.697534,
        32.7681419
       ],
       [
        35.6971478,
        32.7684393
       ],
       [
        35.6967674,
        32.7687419
       ],
       [
        35.6963929,
        32.7690498
       ],
       [
        35.6960243,
        32.7693628
       ],
       [
        35.6956619,
        32.7696808
       ],
       [
        35.6953056,
        32.7700037
       ],
       [
        35.6949557,
        32.7703316
       ],
       [
        35.6946121,
        32.7706642
       ],
       [
        35.694275,
        32.7710015
       ],
       [
        35.6939444,
        32.7713434
       ],
       [
        35.6936205,
        32.7716898
       ],
       [
        35.6933033,
        32.7720407
       ],
       [
        35.6929929,
        32.7723958
       ],
       [
        35.6926894,
        32.7727552
       ],
       [
        35.692393,
        32.7731188
       ],
       [
        35.6921035,
        32.7734863
       ],
       [
        35.6918212,
        32.7738579
       ],
       [
        35.6915461,
        32.7742332
       ],
       [
        35.6912783,
        32.7746123
       ],
       [
        35.6910179,
        32.774995
       ],
       [
        35.6907649,
        32.7753813
       ],
       [
        35.6905194,
        32.775771
       ],
       [
        35.6902814,
        32.7761641
       ],
       [
        35.6900511,
        32.7765603
       ],
       [
        35.6898284,
        32.7769597
       ],
       [
        35.6896135,
        32.7773622
       ],
       [
        35.6894064,
        32.7777675
       ],
       [
        35.6892071,
        32.7781756
       ],
       [
        35.6890158,
        32.7785864
       ],
       [
        35.6888324,
        32.7789998
       ],
       [
        35.688657,
        32.7794157
       ],
       [
        35.6884897,
        32.7798339
       ],
       [
        35.6883305,
        32.7802544
       ],
       [
        35.6881794,
        32.780677
       ],
       [
        35.6880365,
        32.7811017
       ],
       [
        35.6879018,
        32.7815282
       ],
       [
        35.6877754,
        32.7819566
       ],
       [
        35.6876572,
        32.7823866
       ],
       [
        35.6875474,
        32.7828183
       ],
       [
        35.687446,
        32.7832513
       ],
       [
        35.6873529,
        32.7836858
       ],
       [
        35.6872682,
        32.7841214
       ],
       [
        35.687192,
        32.7845581
       ],
       [
        35.6871242,
        32.7849959
       ],
       [
        35.6870649,
        32.7854345
       ],
       [
        35.687014,
        32.7858739
       ],
       [
        35.6869717,
        32.7863139
       ],
       [
        35.6869378,
        32.7867544
       ],
       [
        35.6869125,
        32.7871954
       ],
       [
        35.6868957,
        32.7876366
       ],
       [
        35.6868874,
        32.7880781
       ],
       [
        35.6868876,
        32.7885195
       ],
       [
        35.6868964,
        32.7889609
       ],
       [
        35.6869137,
        32.7894022
       ],
       [
        35.6869395,
        32.7898431
       ],
       [
        35.6869739,
        32.7902836
       ],
       [
        35.6870167,
        32.7907236
       ],
       [
        35.6870681,
        32.791163
       ],
       [
        35.6871279,
        32.7916015
       ],
       [
        35.6871962,
        32.7920392
       ],
       [
        35.6872729,
        32.7924759
       ],
       [
        35.6873581,
        32.7929115
       ],
       [
        35.6874517,
        32.7933458
       ],
       [
        35.6875536,
        32.7937788
       ],
       [
        35.687664,
        32.7942103
       ],
       [
        35.6877826,
        32.7946403
       ],
       [
        35.6879095,
        32.7950685
       ],
       [
        35.6880447,
        32.795495
       ],
       [
        35.6881881,
        32.7959195
       ],
       [
        35.6883397,
        32.796342
       ],
       [
        35.6884994,
        32.7967624
       ],
       [
        35.6886673,
        32.7971805
       ],
       [
        35.6888432,
        32.7975962
       ],
       [
        35.6890271,
        32.7980094
       ],
       [
        35.6892189,
        32.7984201
       ],
       [
        35.6894187,
        32.7988281
       ],
       [
        35.6896264,
        32.7992332
       ],
       [
        35.6898418,
        32.7996354
       ],
       [
        35.690065,
        32.8000346
       ],
       [
        35.6902959,
        32.8004307
       ],
       [
        35.6905344,
        32.8008235
       ],
       [
        35.6907804,
        32.801213
       ],
       [
        35.691034,
        32.8015991
       ],
       [
        35.691295,
        32.8019816
       ],
       [
        35.6915633,
        32.8023605
       ],
       [
        35.691839,
        32.8027356
       ],
       [
        35.6921218,
        32.8031069
       ],
       [
        35.6924118,
        32.8034742
       ],
       [
        35.6927088,
        32.8038374
       ],
       [
        35.6930129,
        32.8041966
       ],
       [
        35.6933238,
        32.8045514
       ],
       [
        35.6936415,
        32.804902
       ],
       [
        35.693966,
        32.8052481
       ],
       [
        35.6942971,
        32.8055897
       ],
       [
        35.6946348,
        32.8059267
       ],
       [
        35.694979,
        32.806259
       ],
       [
        35.6953295,
        32.8065865
       ],
       [
        35.6956863,
        32.8069092
       ],
       [
        35.6960494,
        32.8072268
       ],
       [
        35.6964185,
        32.8075395
       ],
       [
        35.6967936,
        32.8078469
       ],
       [
        35.6971746,
        32.8081492
       ],
       [
        35.6975613,
        32.8084462
       ],
       [
        35.6979538,
        32.8087378
       ],
       [
        35.6983519,
        32.809024
       ],
       [
        35.6987554,
        32.8093046
       ],
       [
        35.6991643,
        32.8095797
       ],
       [
        35.6995785,
        32.8098491
       ],
       [
        35.6999978,
        32.8101127
       ],
       [
        35.7004222,
        32.8103705
       ],
       [
        35.7008515,
        32.8106224
       ],
       [
        35.7012856,
        32.8108684
       ],
       [
        35.7017244,
        32.8111084
       ],
       [
        35.7021678,
        32.8113422
       ],
       [
        35.7026157,
        32.81157
       ],
       [
        35.7030679,
        32.8117915
       ],
       [
        35.7035243,
        32.8120068
       ],
       [
        35.7039848,
        32.8122157
       ],
       [
        35.7044493,
        32.8124183
       ],
       [
        35.7049177,
        32.8126144
       ],
       [
        35.7053898,
        32.8128041
       ],
       [
        35.7058655,
        32.8129872
       ],
       [
        35.7063446,
        32.8131637
       ],
       [
        35.7068271,
        32.8133336
       ],
       [
        35.7073129,
        32.8134969
       ],
       [
        35.7078017,
        32.8136534
       ],
       [
        35.7082935,
        32.8138032
       ],
       [
        35.7087881,
        32.8139461
       ],
       [
        35.7092854,
        32.8140823
       ],
       [
        35.7097853,
        32.8142115
       ],
       [
        35.7102876,
        32.8143339
       ],
       [
        35.7107923,
        32.8144493
       ],
       [
        35.711299,
        32.8145577
       ],
       [
        35.7118078,
        32.8146591
       ],
       [
        35.7123186,
        32.8147535
       ],
       [
        35.712831,
        32.8148409
       ],
       [
        35.7133451,
        32.8149212
       ],
       [
        35.7138607,
        32.8149944
       ],
       [
        35.7143776,
        32.8150604
       ],
       [
        35.7148957,
        32.8151193
       ],
       [
        35.7154149,
        32.8151711
       ],
       [
        35.715935,
        32.8152157
       ],
       [
        35.7164559,
        32.8152532
       ],
       [
        35.7169775,
        32.8152834
       ],
       [
        35.7174996,
        32.8153065
       ],
       [
        35.718022,
        32.8153224
       ],
       [
        35.7185447,
        32.815331
       ],
       [
        35.7190675,
        32.8153325
       ]
      ]
     ]
    ],
    "type": "MultiPolygon"
   }
  },
  {
   "type": "Feature",
   "properties": {
    "code": "ATZ-LLKS",
    "nameHe": "קריית שמונה",
    "nameEn": null,
    "zoneTypeCode": "ATZ",
    "floorAmslFt": 0,
    "ceilingAmslFt": 1200,
    "aglCeilingFt": null,
    "notes": "ATZ | אזרחי | source stamp 2021-06-13 | altitude unit unstated in source — adopted ft AMSL per producer's sibling files (verify in visual check)"
   },
   "geometry": {
    "coordinates": [
     [
      [
       [
        35.5974965,
        33.2395354
       ],
       [
        35.5980213,
        33.2395208
       ],
       [
        35.5985459,
        33.239499
       ],
       [
        35.5990699,
        33.2394701
       ],
       [
        35.5995932,
        33.2394339
       ],
       [
        35.6001159,
        33.2393906
       ],
       [
        35.6006376,
        33.2393401
       ],
       [
        35.6011582,
        33.2392825
       ],
       [
        35.6016777,
        33.2392177
       ],
       [
        35.6021958,
        33.2391458
       ],
       [
        35.6027124,
        33.2390669
       ],
       [
        35.6032275,
        33.2389808
       ],
       [
        35.6037408,
        33.2388877
       ],
       [
        35.6042523,
        33.2387875
       ],
       [
        35.6047617,
        33.2386804
       ],
       [
        35.605269,
        33.2385663
       ],
       [
        35.605774,
        33.2384452
       ],
       [
        35.6062765,
        33.2383172
       ],
       [
        35.6067765,
        33.2381824
       ],
       [
        35.6072739,
        33.2380407
       ],
       [
        35.6077684,
        33.2378922
       ],
       [
        35.6082599,
        33.237737
       ],
       [
        35.6087484,
        33.237575
       ],
       [
        35.6092337,
        33.2374063
       ],
       [
        35.6097156,
        33.237231
       ],
       [
        35.6101941,
        33.2370491
       ],
       [
        35.6106689,
        33.2368607
       ],
       [
        35.61114,
        33.2366658
       ],
       [
        35.6116073,
        33.2364645
       ],
       [
        35.6120706,
        33.2362567
       ],
       [
        35.6125298,
        33.2360427
       ],
       [
        35.6129848,
        33.2358223
       ],
       [
        35.6134355,
        33.2355958
       ],
       [
        35.6138816,
        33.2353631
       ],
       [
        35.6143232,
        33.2351243
       ],
       [
        35.6147602,
        33.2348795
       ],
       [
        35.6151922,
        33.2346288
       ],
       [
        35.6156194,
        33.2343721
       ],
       [
        35.6160415,
        33.2341096
       ],
       [
        35.6164585,
        33.2338414
       ],
       [
        35.6168702,
        33.2335675
       ],
       [
        35.6172765,
        33.2332879
       ],
       [
        35.6176773,
        33.2330028
       ],
       [
        35.6180726,
        33.2327123
       ],
       [
        35.6184621,
        33.2324164
       ],
       [
        35.6188458,
        33.2321152
       ],
       [
        35.6192237,
        33.2318087
       ],
       [
        35.6195955,
        33.2314971
       ],
       [
        35.6199613,
        33.2311805
       ],
       [
        35.6203208,
        33.2308589
       ],
       [
        35.620674,
        33.2305324
       ],
       [
        35.6210209,
        33.2302011
       ],
       [
        35.6213612,
        33.229865
       ],
       [
        35.621695,
        33.2295244
       ],
       [
        35.6220222,
        33.2291792
       ],
       [
        35.6223425,
        33.2288296
       ],
       [
        35.6226561,
        33.2284756
       ],
       [
        35.6229627,
        33.2281174
       ],
       [
        35.6232624,
        33.227755
       ],
       [
        35.6235549,
        33.2273886
       ],
       [
        35.6238403,
        33.2270181
       ],
       [
        35.6241185,
        33.2266439
       ],
       [
        35.6243893,
        33.2262658
       ],
       [
        35.6246528,
        33.2258841
       ],
       [
        35.6249088,
        33.2254988
       ],
       [
        35.6251573,
        33.2251101
       ],
       [
        35.6253983,
        33.224718
       ],
       [
        35.6256316,
        33.2243227
       ],
       [
        35.6258571,
        33.2239242
       ],
       [
        35.6260749,
        33.2235227
       ],
       [
        35.6262849,
        33.2231182
       ],
       [
        35.626487,
        33.2227109
       ],
       [
        35.6266812,
        33.2223009
       ],
       [
        35.6268673,
        33.2218883
       ],
       [
        35.6270455,
        33.2214732
       ],
       [
        35.6272155,
        33.2210557
       ],
       [
        35.6273774,
        33.2206359
       ],
       [
        35.6275312,
        33.2202139
       ],
       [
        35.6276767,
        33.2197899
       ],
       [
        35.627814,
        33.219364
       ],
       [
        35.6279429,
        33.2189362
       ],
       [
        35.6280636,
        33.2185068
       ],
       [
        35.6281759,
        33.2180757
       ],
       [
        35.6282798,
        33.2176431
       ],
       [
        35.6283753,
        33.2172092
       ],
       [
        35.6284624,
        33.216774
       ],
       [
        35.628541,
        33.2163377
       ],
       [
        35.6286111,
        33.2159004
       ],
       [
        35.6286728,
        33.2154621
       ],
       [
        35.6287259,
        33.2150231
       ],
       [
        35.6287705,
        33.2145834
       ],
       [
        35.6288065,
        33.2141432
       ],
       [
        35.628834,
        33.2137025
       ],
       [
        35.6288529,
        33.2132615
       ],
       [
        35.6288633,
        33.2128203
       ],
       [
        35.6288651,
        33.212379
       ],
       [
        35.6288583,
        33.2119377
       ],
       [
        35.6288429,
        33.2114966
       ],
       [
        35.628819,
        33.2110558
       ],
       [
        35.6287866,
        33.2106154
       ],
       [
        35.6287456,
        33.2101754
       ],
       [
        35.628696,
        33.2097361
       ],
       [
        35.628638,
        33.2092975
       ],
       [
        35.6285714,
        33.2088598
       ],
       [
        35.6284964,
        33.208423
       ],
       [
        35.6284129,
        33.2079874
       ],
       [
        35.6283209,
        33.2075529
       ],
       [
        35.6282205,
        33.2071197
       ],
       [
        35.6281117,
        33.206688
       ],
       [
        35.6279946,
        33.2062579
       ],
       [
        35.6278691,
        33.2058294
       ],
       [
        35.6277353,
        33.2054027
       ],
       [
        35.6275933,
        33.2049778
       ],
       [
        35.627443,
        33.204555
       ],
       [
        35.6272846,
        33.2041343
       ],
       [
        35.627118,
        33.2037158
       ],
       [
        35.6269433,
        33.2032997
       ],
       [
        35.6267605,
        33.202886
       ],
       [
        35.6265698,
        33.2024749
       ],
       [
        35.6263711,
        33.2020664
       ],
       [
        35.6261644,
        33.2016608
       ],
       [
        35.62595,
        33.201258
       ],
       [
        35.6257277,
        33.2008582
       ],
       [
        35.6254978,
        33.2004615
       ],
       [
        35.6252601,
        33.200068
       ],
       [
        35.6250149,
        33.1996779
       ],
       [
        35.6247621,
        33.1992911
       ],
       [
        35.6245019,
        33.1989079
       ],
       [
        35.6242342,
        33.1985283
       ],
       [
        35.6239592,
        33.1981524
       ],
       [
        35.623677,
        33.1977803
       ],
       [
        35.6233876,
        33.1974122
       ],
       [
        35.623091,
        33.1970481
       ],
       [
        35.6227875,
        33.196688
       ],
       [
        35.622477,
        33.1963322
       ],
       [
        35.6221596,
        33.1959808
       ],
       [
        35.6218355,
        33.1956337
       ],
       [
        35.6215046,
        33.1952911
       ],
       [
        35.6211672,
        33.1949531
       ],
       [
        35.6208233,
        33.1946197
       ],
       [
        35.6204729,
        33.1942911
       ],
       [
        35.6201162,
        33.1939674
       ],
       [
        35.6197533,
        33.1936486
       ],
       [
        35.6193842,
        33.1933349
       ],
       [
        35.6190091,
        33.1930262
       ],
       [
        35.6186281,
        33.1927227
       ],
       [
        35.6182412,
        33.1924245
       ],
       [
        35.6178486,
        33.1921316
       ],
       [
        35.6174503,
        33.1918442
       ],
       [
        35.6170465,
        33.1915622
       ],
       [
        35.6166374,
        33.1912859
       ],
       [
        35.6162229,
        33.1910152
       ],
       [
        35.6158032,
        33.1907502
       ],
       [
        35.6153784,
        33.190491
       ],
       [
        35.6149487,
        33.1902376
       ],
       [
        35.6145141,
        33.1899902
       ],
       [
        35.6140747,
        33.1897488
       ],
       [
        35.6136308,
        33.1895135
       ],
       [
        35.6131823,
        33.1892842
       ],
       [
        35.6127294,
        33.1890612
       ],
       [
        35.6122723,
        33.1888444
       ],
       [
        35.611811,
        33.1886338
       ],
       [
        35.6113457,
        33.1884297
       ],
       [
        35.6108765,
        33.1882319
       ],
       [
        35.6104036,
        33.1880407
       ],
       [
        35.6099269,
        33.1878559
       ],
       [
        35.6094468,
        33.1876777
       ],
       [
        35.6089633,
        33.1875061
       ],
       [
        35.6084765,
        33.1873411
       ],
       [
        35.6079866,
        33.1871829
       ],
       [
        35.6074936,
        33.1870314
       ],
       [
        35.6069978,
        33.1868867
       ],
       [
        35.6064993,
        33.1867488
       ],
       [
        35.6059981,
        33.1866178
       ],
       [
        35.6054945,
        33.1864936
       ],
       [
        35.6049885,
        33.1863764
       ],
       [
        35.6044803,
        33.1862661
       ],
       [
        35.6039701,
        33.1861628
       ],
       [
        35.6034579,
        33.1860666
       ],
       [
        35.6029439,
        33.1859773
       ],
       [
        35.6024283,
        33.1858952
       ],
       [
        35.6019111,
        33.1858201
       ],
       [
        35.6013925,
        33.1857521
       ],
       [
        35.6008727,
        33.1856913
       ],
       [
        35.6003518,
        33.1856376
       ],
       [
        35.5998299,
        33.185591
       ],
       [
        35.5993072,
        33.1855516
       ],
       [
        35.5987838,
        33.1855194
       ],
       [
        35.5982598,
        33.1854943
       ],
       [
        35.5977354,
        33.1854765
       ],
       [
        35.5972107,
        33.1854658
       ],
       [
        35.5966859,
        33.1854624
       ],
       [
        35.5961611,
        33.1854661
       ],
       [
        35.5956364,
        33.1854771
       ],
       [
        35.5951121,
        33.1854952
       ],
       [
        35.5945881,
        33.1855206
       ],
       [
        35.5940647,
        33.1855531
       ],
       [
        35.593542,
        33.1855928
       ],
       [
        35.5930201,
        33.1856396
       ],
       [
        35.5924993,
        33.1856937
       ],
       [
        35.5919795,
        33.1857548
       ],
       [
        35.591461,
        33.1858231
       ],
       [
        35.5909439,
        33.1858985
       ],
       [
        35.5904283,
        33.1859809
       ],
       [
        35.5899144,
        33.1860704
       ],
       [
        35.5894023,
        33.186167
       ],
       [
        35.5888921,
        33.1862706
       ],
       [
        35.588384,
        33.1863811
       ],
       [
        35.5878781,
        33.1864986
       ],
       [
        35.5873746,
        33.1866231
       ],
       [
        35.5868735,
        33.1867544
       ],
       [
        35.5863751,
        33.1868926
       ],
       [
        35.5858794,
        33.1870376
       ],
       [
        35.5853866,
        33.1871894
       ],
       [
        35.5848968,
        33.1873479
       ],
       [
        35.5844101,
        33.1875131
       ],
       [
        35.5839267,
        33.187685
       ],
       [
        35.5834467,
        33.1878635
       ],
       [
        35.5829702,
        33.1880485
       ],
       [
        35.5824974,
        33.1882401
       ],
       [
        35.5820284,
        33.1884381
       ],
       [
        35.5815632,
        33.1886425
       ],
       [
        35.5811021,
        33.1888533
       ],
       [
        35.5806452,
        33.1890704
       ],
       [
        35.5801925,
        33.1892937
       ],
       [
        35.5797442,
        33.1895232
       ],
       [
        35.5793004,
        33.1897588
       ],
       [
        35.5788612,
        33.1900005
       ],
       [
        35.5784268,
        33.1902481
       ],
       [
        35.5779973,
        33.1905017
       ],
       [
        35.5775727,
        33.1907612
       ],
       [
        35.5771532,
        33.1910264
       ],
       [
        35.5767389,
        33.1912974
       ],
       [
        35.57633,
        33.191574
       ],
       [
        35.5759264,
        33.1918561
       ],
       [
        35.5755284,
        33.1921438
       ],
       [
        35.575136,
        33.1924369
       ],
       [
        35.5747494,
        33.1927354
       ],
       [
        35.5743686,
        33.1930391
       ],
       [
        35.5739937,
        33.193348
       ],
       [
        35.5736249,
        33.193662
       ],
       [
        35.5732622,
        33.193981
       ],
       [
        35.5729058,
        33.1943049
       ],
       [
        35.5725557,
        33.1946337
       ],
       [
        35.572212,
        33.1949672
       ],
       [
        35.5718748,
        33.1953055
       ],
       [
        35.5715443,
        33.1956483
       ],
       [
        35.5712204,
        33.1959956
       ],
       [
        35.5709033,
        33.1963472
       ],
       [
        35.5705931,
        33.1967032
       ],
       [
        35.5702898,
        33.1970634
       ],
       [
        35.5699936,
        33.1974277
       ],
       [
        35.5697045,
        33.1977961
       ],
       [
        35.5694225,
        33.1981683
       ],
       [
        35.5691478,
        33.1985444
       ],
       [
        35.5688805,
        33.1989241
       ],
       [
        35.5686206,
        33.1993075
       ],
       [
        35.5683681,
        33.1996944
       ],
       [
        35.5681232,
        33.2000848
       ],
       [
        35.5678858,
        33.2004784
       ],
       [
        35.5676562,
        33.2008752
       ],
       [
        35.5674343,
        33.2012751
       ],
       [
        35.5672201,
        33.2016781
       ],
       [
        35.5670139,
        33.2020839
       ],
       [
        35.5668155,
        33.2024925
       ],
       [
        35.5666251,
        33.2029037
       ],
       [
        35.5664427,
        33.2033175
       ],
       [
        35.5662683,
        33.2037338
       ],
       [
        35.566102,
        33.2041523
       ],
       [
        35.5659439,
        33.2045732
       ],
       [
        35.565794,
        33.2049961
       ],
       [
        35.5656523,
        33.205421
       ],
       [
        35.5655189,
        33.2058478
       ],
       [
        35.5653938,
        33.2062764
       ],
       [
        35.565277,
        33.2067067
       ],
       [
        35.5651686,
        33.2071384
       ],
       [
        35.5650685,
        33.2075717
       ],
       [
        35.5649769,
        33.2080062
       ],
       [
        35.5648938,
        33.2084419
       ],
       [
        35.5648191,
        33.2088788
       ],
       [
        35.5647529,
        33.2093165
       ],
       [
        35.5646952,
        33.2097552
       ],
       [
        35.564646,
        33.2101945
       ],
       [
        35.5646054,
        33.2106345
       ],
       [
        35.5645733,
        33.211075
       ],
       [
        35.5645498,
        33.2115159
       ],
       [
        35.5645348,
        33.211957
       ],
       [
        35.5645284,
        33.2123983
       ],
       [
        35.5645306,
        33.2128396
       ],
       [
        35.5645413,
        33.2132808
       ],
       [
        35.5645606,
        33.2137218
       ],
       [
        35.5645885,
        33.2141625
       ],
       [
        35.5646249,
        33.2146027
       ],
       [
        35.5646699,
        33.2150424
       ],
       [
        35.5647234,
        33.2154814
       ],
       [
        35.5647854,
        33.2159196
       ],
       [
        35.5648559,
        33.2163569
       ],
       [
        35.5649348,
        33.2167932
       ],
       [
        35.5650223,
        33.2172284
       ],
       [
        35.5651182,
        33.2176622
       ],
       [
        35.5652225,
        33.2180948
       ],
       [
        35.5653351,
        33.2185258
       ],
       [
        35.5654562,
        33.2189552
       ],
       [
        35.5655855,
        33.2193829
       ],
       [
        35.5657232,
        33.2198088
       ],
       [
        35.5658691,
        33.2202327
       ],
       [
        35.5660232,
        33.2206546
       ],
       [
        35.5661855,
        33.2210742
       ],
       [
        35.5663559,
        33.2214917
       ],
       [
        35.5665344,
        33.2219067
       ],
       [
        35.5667209,
        33.2223192
       ],
       [
        35.5669154,
        33.2227291
       ],
       [
        35.5671179,
        33.2231363
       ],
       [
        35.5673282,
        33.2235406
       ],
       [
        35.5675464,
        33.223942
       ],
       [
        35.5677723,
        33.2243404
       ],
       [
        35.5680059,
        33.2247356
       ],
       [
        35.5682472,
        33.2251276
       ],
       [
        35.5684961,
        33.2255162
       ],
       [
        35.5687524,
        33.2259013
       ],
       [
        35.5690162,
        33.2262828
       ],
       [
        35.5692874,
        33.2266607
       ],
       [
        35.5695659,
        33.2270348
       ],
       [
        35.5698517,
        33.2274051
       ],
       [
        35.5701445,
        33.2277714
       ],
       [
        35.5704445,
        33.2281336
       ],
       [
        35.5707515,
        33.2284916
       ],
       [
        35.5710653,
        33.2288454
       ],
       [
        35.571386,
        33.2291948
       ],
       [
        35.5717135,
        33.2295398
       ],
       [
        35.5720476,
        33.2298803
       ],
       [
        35.5723882,
        33.2302161
       ],
       [
        35.5727354,
        33.2305472
       ],
       [
        35.5730889,
        33.2308735
       ],
       [
        35.5734487,
        33.2311949
       ],
       [
        35.5738148,
        33.2315113
       ],
       [
        35.5741869,
        33.2318227
       ],
       [
        35.574565,
        33.2321289
       ],
       [
        35.574949,
        33.2324299
       ],
       [
        35.5753388,
        33.2327256
       ],
       [
        35.5757343,
        33.2330159
       ],
       [
        35.5761354,
        33.2333007
       ],
       [
        35.576542,
        33.23358
       ],
       [
        35.5769539,
        33.2338537
       ],
       [
        35.5773711,
        33.2341217
       ],
       [
        35.5777935,
        33.2343839
       ],
       [
        35.5782209,
        33.2346403
       ],
       [
        35.5786532,
        33.2348908
       ],
       [
        35.5790903,
        33.2351353
       ],
       [
        35.5795322,
        33.2353738
       ],
       [
        35.5799786,
        33.2356063
       ],
       [
        35.5804294,
        33.2358325
       ],
       [
        35.5808846,
        33.2360526
       ],
       [
        35.581344,
        33.2362663
       ],
       [
        35.5818075,
        33.2364738
       ],
       [
        35.582275,
        33.2366748
       ],
       [
        35.5827463,
        33.2368695
       ],
       [
        35.5832213,
        33.2370576
       ],
       [
        35.5836999,
        33.2372392
       ],
       [
        35.584182,
        33.2374142
       ],
       [
        35.5846674,
        33.2375825
       ],
       [
        35.5851561,
        33.2377442
       ],
       [
        35.5856478,
        33.2378992
       ],
       [
        35.5861424,
        33.2380473
       ],
       [
        35.5866399,
        33.2381887
       ],
       [
        35.58714,
        33.2383233
       ],
       [
        35.5876427,
        33.2384509
       ],
       [
        35.5881478,
        33.2385717
       ],
       [
        35.5886552,
        33.2386855
       ],
       [
        35.5891647,
        33.2387923
       ],
       [
        35.5896762,
        33.2388921
       ],
       [
        35.5901897,
        33.2389849
       ],
       [
        35.5907048,
        33.2390706
       ],
       [
        35.5912215,
        33.2391493
       ],
       [
        35.5917397,
        33.2392209
       ],
       [
        35.5922592,
        33.2392853
       ],
       [
        35.5927799,
        33.2393426
       ],
       [
        35.5933017,
        33.2393928
       ],
       [
        35.5938243,
        33.2394357
       ],
       [
        35.5943477,
        33.2394716
       ],
       [
        35.5948718,
        33.2395002
       ],
       [
        35.5953963,
        33.2395216
       ],
       [
        35.5959212,
        33.2395359
       ],
       [
        35.5964463,
        33.2395429
       ],
       [
        35.5969714,
        33.2395427
       ],
       [
        35.5974965,
        33.2395354
       ]
      ]
     ]
    ],
    "type": "MultiPolygon"
   }
  },
  {
   "type": "Feature",
   "properties": {
    "code": "ATZ-LLKZ",
    "nameHe": "קציעות",
    "nameEn": null,
    "zoneTypeCode": "ATZ",
    "floorAmslFt": 0,
    "ceilingAmslFt": 2000,
    "aglCeilingFt": null,
    "notes": "ATZ | אזרחי | source stamp 2022-01-05 | altitude unit unstated in source — adopted ft AMSL per producer's sibling files (verify in visual check)"
   },
   "geometry": {
    "coordinates": [
     [
      [
       [
        34.444167,
        30.8931958
       ],
       [
        34.4443075,
        30.893194
       ],
       [
        34.4448692,
        30.8931823
       ],
       [
        34.4454306,
        30.8931634
       ],
       [
        34.4459917,
        30.8931372
       ],
       [
        34.4465522,
        30.8931039
       ],
       [
        34.4471121,
        30.8930633
       ],
       [
        34.4476712,
        30.8930155
       ],
       [
        34.4482294,
        30.8929605
       ],
       [
        34.4487867,
        30.8928983
       ],
       [
        34.4493427,
        30.892829
       ],
       [
        34.4498976,
        30.8927525
       ],
       [
        34.450451,
        30.8926689
       ],
       [
        34.4510029,
        30.8925782
       ],
       [
        34.4515532,
        30.8924804
       ],
       [
        34.4521017,
        30.8923755
       ],
       [
        34.4526484,
        30.8922635
       ],
       [
        34.453193,
        30.8921445
       ],
       [
        34.4537356,
        30.8920186
       ],
       [
        34.4542759,
        30.8918856
       ],
       [
        34.4548138,
        30.8917457
       ],
       [
        34.4553492,
        30.8915989
       ],
       [
        34.4558821,
        30.8914453
       ],
       [
        34.4564122,
        30.8912847
       ],
       [
        34.4569395,
        30.8911174
       ],
       [
        34.4574638,
        30.8909433
       ],
       [
        34.4579851,
        30.8907625
       ],
       [
        34.4585032,
        30.890575
       ],
       [
        34.4590179,
        30.8903808
       ],
       [
        34.4595293,
        30.89018
       ],
       [
        34.4600371,
        30.8899727
       ],
       [
        34.4605412,
        30.8897589
       ],
       [
        34.4610416,
        30.8895386
       ],
       [
        34.4615382,
        30.8893118
       ],
       [
        34.4620307,
        30.8890787
       ],
       [
        34.4625192,
        30.8888393
       ],
       [
        34.4630035,
        30.8885936
       ],
       [
        34.4634834,
        30.8883418
       ],
       [
        34.4639589,
        30.8880837
       ],
       [
        34.46443,
        30.8878196
       ],
       [
        34.4648964,
        30.8875494
       ],
       [
        34.465358,
        30.8872733
       ],
       [
        34.4658149,
        30.8869912
       ],
       [
        34.4662667,
        30.8867033
       ],
       [
        34.4667136,
        30.8864097
       ],
       [
        34.4671553,
        30.8861103
       ],
       [
        34.4675918,
        30.8858052
       ],
       [
        34.468023,
        30.8854946
       ],
       [
        34.4684487,
        30.8851784
       ],
       [
        34.468869,
        30.8848568
       ],
       [
        34.4692836,
        30.8845298
       ],
       [
        34.4696924,
        30.8841975
       ],
       [
        34.4700955,
        30.88386
       ],
       [
        34.4704928,
        30.8835174
       ],
       [
        34.470884,
        30.8831696
       ],
       [
        34.4712692,
        30.8828169
       ],
       [
        34.4716482,
        30.8824592
       ],
       [
        34.472021,
        30.8820967
       ],
       [
        34.4723874,
        30.8817295
       ],
       [
        34.4727475,
        30.8813576
       ],
       [
        34.4731011,
        30.880981
       ],
       [
        34.4734481,
        30.8806
       ],
       [
        34.4737885,
        30.8802145
       ],
       [
        34.4741222,
        30.8798247
       ],
       [
        34.4744491,
        30.8794307
       ],
       [
        34.4747692,
        30.8790325
       ],
       [
        34.4750823,
        30.8786302
       ],
       [
        34.4753884,
        30.8782239
       ],
       [
        34.4756875,
        30.8778137
       ],
       [
        34.4759794,
        30.8773998
       ],
       [
        34.4762641,
        30.8769821
       ],
       [
        34.4765416,
        30.8765607
       ],
       [
        34.4768117,
        30.8761359
       ],
       [
        34.4770745,
        30.8757076
       ],
       [
        34.4773298,
        30.875276
       ],
       [
        34.4775776,
        30.8748412
       ],
       [
        34.4778179,
        30.8744032
       ],
       [
        34.4780506,
        30.8739622
       ],
       [
        34.4782756,
        30.8735182
       ],
       [
        34.4784929,
        30.8730714
       ],
       [
        34.4787024,
        30.8726218
       ],
       [
        34.4789041,
        30.8721696
       ],
       [
        34.479098,
        30.8717149
       ],
       [
        34.479284,
        30.8712576
       ],
       [
        34.4794621,
        30.8707981
       ],
       [
        34.4796321,
        30.8703363
       ],
       [
        34.4797942,
        30.8698724
       ],
       [
        34.4799483,
        30.8694064
       ],
       [
        34.4800942,
        30.8689385
       ],
       [
        34.480232,
        30.8684688
       ],
       [
        34.4803617,
        30.8679973
       ],
       [
        34.4804833,
        30.8675243
       ],
       [
        34.4805966,
        30.8670497
       ],
       [
        34.4807017,
        30.8665737
       ],
       [
        34.4807985,
        30.8660964
       ],
       [
        34.4808871,
        30.865618
       ],
       [
        34.4809674,
        30.8651384
       ],
       [
        34.4810394,
        30.8646579
       ],
       [
        34.4811031,
        30.8641764
       ],
       [
        34.4811584,
        30.8636943
       ],
       [
        34.4812054,
        30.8632114
       ],
       [
        34.481244,
        30.862728
       ],
       [
        34.4812743,
        30.8622442
       ],
       [
        34.4812962,
        30.86176
       ],
       [
        34.4813097,
        30.8612756
       ],
       [
        34.4813148,
        30.8607911
       ],
       [
        34.4813115,
        30.8603066
       ],
       [
        34.4812999,
        30.8598221
       ],
       [
        34.4812799,
        30.8593379
       ],
       [
        34.4812515,
        30.858854
       ],
       [
        34.4812147,
        30.8583705
       ],
       [
        34.4811696,
        30.8578875
       ],
       [
        34.4811161,
        30.8574052
       ],
       [
        34.4810543,
        30.8569236
       ],
       [
        34.4809842,
        30.8564428
       ],
       [
        34.4809058,
        30.855963
       ],
       [
        34.480819,
        30.8554843
       ],
       [
        34.480724,
        30.8550067
       ],
       [
        34.4806208,
        30.8545305
       ],
       [
        34.4805093,
        30.8540556
       ],
       [
        34.4803896,
        30.8535822
       ],
       [
        34.4802618,
        30.8531103
       ],
       [
        34.4801258,
        30.8526402
       ],
       [
        34.4799817,
        30.8521719
       ],
       [
        34.4798295,
        30.8517055
       ],
       [
        34.4796692,
        30.8512411
       ],
       [
        34.479501,
        30.8507788
       ],
       [
        34.4793247,
        30.8503187
       ],
       [
        34.4791406,
        30.849861
       ],
       [
        34.4789485,
        30.8494057
       ],
       [
        34.4787486,
        30.8489529
       ],
       [
        34.4785409,
        30.8485027
       ],
       [
        34.4783254,
        30.8480552
       ],
       [
        34.4781022,
        30.8476106
       ],
       [
        34.4778713,
        30.8471689
       ],
       [
        34.4776328,
        30.8467302
       ],
       [
        34.4773868,
        30.8462947
       ],
       [
        34.4771333,
        30.8458623
       ],
       [
        34.4768723,
        30.8454333
       ],
       [
        34.4766039,
        30.8450077
       ],
       [
        34.4763282,
        30.8445855
       ],
       [
        34.4760452,
        30.844167
       ],
       [
        34.475755,
        30.8437522
       ],
       [
        34.4754577,
        30.8433411
       ],
       [
        34.4751533,
        30.8429339
       ],
       [
        34.4748419,
        30.8425307
       ],
       [
        34.4745236,
        30.8421315
       ],
       [
        34.4741984,
        30.8417365
       ],
       [
        34.4738664,
        30.8413457
       ],
       [
        34.4735277,
        30.8409592
       ],
       [
        34.4731823,
        30.8405772
       ],
       [
        34.4728304,
        30.8401996
       ],
       [
        34.472472,
        30.8398266
       ],
       [
        34.4721071,
        30.8394582
       ],
       [
        34.471736,
        30.8390946
       ],
       [
        34.4713586,
        30.8387358
       ],
       [
        34.470975,
        30.8383819
       ],
       [
        34.4705854,
        30.838033
       ],
       [
        34.4701898,
        30.8376891
       ],
       [
        34.4697882,
        30.8373504
       ],
       [
        34.4693809,
        30.8370169
       ],
       [
        34.4689679,
        30.8366886
       ],
       [
        34.4685492,
        30.8363657
       ],
       [
        34.468125,
        30.8360483
       ],
       [
        34.4676953,
        30.8357363
       ],
       [
        34.4672603,
        30.8354299
       ],
       [
        34.4668201,
        30.8351291
       ],
       [
        34.4663747,
        30.8348341
       ],
       [
        34.4659242,
        30.8345448
       ],
       [
        34.4654688,
        30.8342613
       ],
       [
        34.4650086,
        30.8339837
       ],
       [
        34.4645436,
        30.8337121
       ],
       [
        34.4640739,
        30.8334465
       ],
       [
        34.4635997,
        30.833187
       ],
       [
        34.4631211,
        30.8329336
       ],
       [
        34.4626382,
        30.8326864
       ],
       [
        34.462151,
        30.8324454
       ],
       [
        34.4616598,
        30.8322108
       ],
       [
        34.4611645,
        30.8319825
       ],
       [
        34.4606653,
        30.8317606
       ],
       [
        34.4601624,
        30.8315451
       ],
       [
        34.4596558,
        30.8313362
       ],
       [
        34.4591456,
        30.8311337
       ],
       [
        34.458632,
        30.8309379
       ],
       [
        34.4581151,
        30.8307487
       ],
       [
        34.4575949,
        30.8305662
       ],
       [
        34.4570717,
        30.8303904
       ],
       [
        34.4565455,
        30.8302214
       ],
       [
        34.4560164,
        30.8300592
       ],
       [
        34.4554846,
        30.8299038
       ],
       [
        34.4549501,
        30.8297552
       ],
       [
        34.4544132,
        30.8296136
       ],
       [
        34.4538738,
        30.8294788
       ],
       [
        34.4533322,
        30.8293511
       ],
       [
        34.4527884,
        30.8292303
       ],
       [
        34.4522426,
        30.8291165
       ],
       [
        34.4516949,
        30.8290098
       ],
       [
        34.4511454,
        30.8289102
       ],
       [
        34.4505943,
        30.8288176
       ],
       [
        34.4500416,
        30.8287321
       ],
       [
        34.4494875,
        30.8286538
       ],
       [
        34.4489321,
        30.8285826
       ],
       [
        34.4483756,
        30.8285185
       ],
       [
        34.447818,
        30.8284617
       ],
       [
        34.4472594,
        30.828412
       ],
       [
        34.4467001,
        30.8283695
       ],
       [
        34.4461401,
        30.8283342
       ],
       [
        34.4455796,
        30.8283062
       ],
       [
        34.4450186,
        30.8282853
       ],
       [
        34.4444573,
        30.8282717
       ],
       [
        34.4438959,
        30.8282653
       ],
       [
        34.4433344,
        30.8282661
       ],
       [
        34.442773,
        30.8282742
       ],
       [
        34.4422118,
        30.8282895
       ],
       [
        34.4416509,
        30.828312
       ],
       [
        34.4410905,
        30.8283417
       ],
       [
        34.4405306,
        30.8283787
       ],
       [
        34.4399715,
        30.8284228
       ],
       [
        34.4394132,
        30.8284742
       ],
       [
        34.4388558,
        30.8285327
       ],
       [
        34.4382995,
        30.8285984
       ],
       [
        34.4377444,
        30.8286712
       ],
       [
        34.4371906,
        30.8287512
       ],
       [
        34.4366382,
        30.8288383
       ],
       [
        34.4360875,
        30.8289325
       ],
       [
        34.4355384,
        30.8290338
       ],
       [
        34.4349911,
        30.8291422
       ],
       [
        34.4344458,
        30.8292575
       ],
       [
        34.4339025,
        30.8293799
       ],
       [
        34.4333614,
        30.8295093
       ],
       [
        34.4328226,
        30.8296456
       ],
       [
        34.4322862,
        30.8297889
       ],
       [
        34.4317523,
        30.829939
       ],
       [
        34.4312211,
        30.830096
       ],
       [
        34.4306926,
        30.8302598
       ],
       [
        34.4301671,
        30.8304304
       ],
       [
        34.4296446,
        30.8306078
       ],
       [
        34.4291251,
        30.8307918
       ],
       [
        34.428609,
        30.8309825
       ],
       [
        34.4280961,
        30.8311799
       ],
       [
        34.4275868,
        30.8313838
       ],
       [
        34.427081,
        30.8315943
       ],
       [
        34.4265789,
        30.8318112
       ],
       [
        34.4260806,
        30.8320346
       ],
       [
        34.4255863,
        30.8322644
       ],
       [
        34.425096,
        30.8325005
       ],
       [
        34.4246098,
        30.8327429
       ],
       [
        34.4241278,
        30.8329916
       ],
       [
        34.4236502,
        30.8332464
       ],
       [
        34.423177,
        30.8335073
       ],
       [
        34.4227085,
        30.8337743
       ],
       [
        34.4222446,
        30.8340473
       ],
       [
        34.4217854,
        30.8343262
       ],
       [
        34.4213311,
        30.8346111
       ],
       [
        34.4208818,
        30.8349017
       ],
       [
        34.4204376,
        30.8351981
       ],
       [
        34.4199986,
        30.8355002
       ],
       [
        34.4195648,
        30.8358079
       ],
       [
        34.4191364,
        30.8361211
       ],
       [
        34.4187134,
        30.8364399
       ],
       [
        34.418296,
        30.836764
       ],
       [
        34.4178843,
        30.8370935
       ],
       [
        34.4174783,
        30.8374282
       ],
       [
        34.4170781,
        30.8377682
       ],
       [
        34.4166838,
        30.8381132
       ],
       [
        34.4162956,
        30.8384633
       ],
       [
        34.4159134,
        30.8388183
       ],
       [
        34.4155375,
        30.8391783
       ],
       [
        34.4151678,
        30.839543
       ],
       [
        34.4148044,
        30.8399124
       ],
       [
        34.4144475,
        30.8402865
       ],
       [
        34.4140971,
        30.8406652
       ],
       [
        34.4137532,
        30.8410483
       ],
       [
        34.4134161,
        30.8414357
       ],
       [
        34.4130856,
        30.8418275
       ],
       [
        34.412762,
        30.8422235
       ],
       [
        34.4124452,
        30.8426236
       ],
       [
        34.4121355,
        30.8430278
       ],
       [
        34.4118327,
        30.8434359
       ],
       [
        34.411537,
        30.8438478
       ],
       [
        34.4112485,
        30.8442636
       ],
       [
        34.4109672,
        30.8446829
       ],
       [
        34.4106932,
        30.8451059
       ],
       [
        34.4104265,
        30.8455323
       ],
       [
        34.4101672,
        30.8459621
       ],
       [
        34.4099154,
        30.8463953
       ],
       [
        34.4096711,
        30.8468316
       ],
       [
        34.4094344,
        30.847271
       ],
       [
        34.4092053,
        30.8477134
       ],
       [
        34.4089838,
        30.8481587
       ],
       [
        34.4087702,
        30.8486068
       ],
       [
        34.4085642,
        30.8490576
       ],
       [
        34.4083661,
        30.849511
       ],
       [
        34.4081759,
        30.8499669
       ],
       [
        34.4079935,
        30.8504252
       ],
       [
        34.4078191,
        30.8508858
       ],
       [
        34.4076527,
        30.8513486
       ],
       [
        34.4074944,
        30.8518135
       ],
       [
        34.407344,
        30.8522803
       ],
       [
        34.4072018,
        30.8527491
       ],
       [
        34.4070677,
        30.8532196
       ],
       [
        34.4069417,
        30.8536918
       ],
       [
        34.4068239,
        30.8541656
       ],
       [
        34.4067144,
        30.8546408
       ],
       [
        34.406613,
        30.8551174
       ],
       [
        34.4065199,
        30.8555953
       ],
       [
        34.4064351,
        30.8560743
       ],
       [
        34.4063586,
        30.8565543
       ],
       [
        34.4062904,
        30.8570353
       ],
       [
        34.4062306,
        30.8575171
       ],
       [
        34.406179,
        30.8579996
       ],
       [
        34.4061358,
        30.8584827
       ],
       [
        34.406101,
        30.8589663
       ],
       [
        34.4060746,
        30.8594503
       ],
       [
        34.4060565,
        30.8599346
       ],
       [
        34.4060468,
        30.8604191
       ],
       [
        34.4060455,
        30.8609037
       ],
       [
        34.4060526,
        30.8613882
       ],
       [
        34.406068,
        30.8618726
       ],
       [
        34.4060918,
        30.8623567
       ],
       [
        34.406124,
        30.8628404
       ],
       [
        34.4061646,
        30.8633237
       ],
       [
        34.4062135,
        30.8638064
       ],
       [
        34.4062708,
        30.8642884
       ],
       [
        34.4063364,
        30.8647697
       ],
       [
        34.4064103,
        30.86525
       ],
       [
        34.4064926,
        30.8657293
       ],
       [
        34.4065831,
        30.8662076
       ],
       [
        34.4066819,
        30.8666846
       ],
       [
        34.4067889,
        30.8671602
       ],
       [
        34.4069041,
        30.8676345
       ],
       [
        34.4070275,
        30.8681072
       ],
       [
        34.4071591,
        30.8685783
       ],
       [
        34.4072989,
        30.8690476
       ],
       [
        34.4074467,
        30.869515
       ],
       [
        34.4076026,
        30.8699806
       ],
       [
        34.4077666,
        30.870444
       ],
       [
        34.4079385,
        30.8709053
       ],
       [
        34.4081184,
        30.8713643
       ],
       [
        34.4083063,
        30.871821
       ],
       [
        34.408502,
        30.8722752
       ],
       [
        34.4087056,
        30.8727268
       ],
       [
        34.4089169,
        30.8731757
       ],
       [
        34.409136,
        30.8736219
       ],
       [
        34.4093628,
        30.8740652
       ],
       [
        34.4095972,
        30.8745056
       ],
       [
        34.4098393,
        30.8749428
       ],
       [
        34.4100888,
        30.8753769
       ],
       [
        34.4103459,
        30.8758078
       ],
       [
        34.4106104,
        30.8762353
       ],
       [
        34.4108823,
        30.8766593
       ],
       [
        34.4111614,
        30.8770798
       ],
       [
        34.4114478,
        30.8774966
       ],
       [
        34.4117414,
        30.8779097
       ],
       [
        34.4120422,
        30.878319
       ],
       [
        34.4123499,
        30.8787244
       ],
       [
        34.4126647,
        30.8791257
       ],
       [
        34.4129863,
        30.879523
       ],
       [
        34.4133148,
        30.8799161
       ],
       [
        34.4136501,
        30.8803049
       ],
       [
        34.4139921,
        30.8806893
       ],
       [
        34.4143407,
        30.8810693
       ],
       [
        34.4146958,
        30.8814448
       ],
       [
        34.4150574,
        30.8818156
       ],
       [
        34.4154253,
        30.8821818
       ],
       [
        34.4157996,
        30.8825432
       ],
       [
        34.41618,
        30.8828997
       ],
       [
        34.4165666,
        30.8832513
       ],
       [
        34.4169593,
        30.8835978
       ],
       [
        34.4173579,
        30.8839393
       ],
       [
        34.4177624,
        30.8842756
       ],
       [
        34.4181726,
        30.8846066
       ],
       [
        34.4185885,
        30.8849324
       ],
       [
        34.41901,
        30.8852527
       ],
       [
        34.4194371,
        30.8855676
       ],
       [
        34.4198695,
        30.885877
       ],
       [
        34.4203072,
        30.8861807
       ],
       [
        34.4207502,
        30.8864788
       ],
       [
        34.4211982,
        30.8867711
       ],
       [
        34.4216513,
        30.8870577
       ],
       [
        34.4221093,
        30.8873383
       ],
       [
        34.422572,
        30.8876131
       ],
       [
        34.4230395,
        30.8878819
       ],
       [
        34.4235116,
        30.8881446
       ],
       [
        34.4239882,
        30.8884012
       ],
       [
        34.4244692,
        30.8886516
       ],
       [
        34.4249544,
        30.8888958
       ],
       [
        34.4254439,
        30.8891338
       ],
       [
        34.4259374,
        30.8893654
       ],
       [
        34.4264348,
        30.8895906
       ],
       [
        34.4269361,
        30.8898094
       ],
       [
        34.4274412,
        30.8900218
       ],
       [
        34.4279498,
        30.8902276
       ],
       [
        34.428462,
        30.8904268
       ],
       [
        34.4289775,
        30.8906194
       ],
       [
        34.4294964,
        30.8908054
       ],
       [
        34.4300183,
        30.8909846
       ],
       [
        34.4305434,
        30.8911571
       ],
       [
        34.4310713,
        30.8913229
       ],
       [
        34.4316021,
        30.8914818
       ],
       [
        34.4321356,
        30.8916339
       ],
       [
        34.4326716,
        30.8917791
       ],
       [
        34.4332101,
        30.8919173
       ],
       [
        34.433751,
        30.8920486
       ],
       [
        34.434294,
        30.892173
       ],
       [
        34.4348391,
        30.8922903
       ],
       [
        34.4353863,
        30.8924006
       ],
       [
        34.4359352,
        30.8925039
       ],
       [
        34.4364859,
        30.8926001
       ],
       [
        34.4370382,
        30.8926891
       ],
       [
        34.437592,
        30.8927711
       ],
       [
        34.4381471,
        30.8928459
       ],
       [
        34.4387034,
        30.8929135
       ],
       [
        34.4392609,
        30.892974
       ],
       [
        34.4398194,
        30.8930273
       ],
       [
        34.4403787,
        30.8930734
       ],
       [
        34.4409387,
        30.8931123
       ],
       [
        34.4414994,
        30.893144
       ],
       [
        34.4420605,
        30.8931685
       ],
       [
        34.442622,
        30.8931857
       ],
       [
        34.4431838,
        30.8931957
       ],
       [
        34.4437456,
        30.8931985
       ],
       [
        34.444167,
        30.8931958
       ]
      ]
     ]
    ],
    "type": "MultiPolygon"
   }
  },
  {
   "type": "Feature",
   "properties": {
    "code": "ATZ-LLMG",
    "nameHe": "מגידו צפוני",
    "nameEn": null,
    "zoneTypeCode": "ATZ",
    "floorAmslFt": 0,
    "ceilingAmslFt": 1000,
    "aglCeilingFt": null,
    "notes": "ATZ | אזרחי | source stamp 2021-06-10 | altitude unit unstated in source — adopted ft AMSL per producer's sibling files (verify in visual check)"
   },
   "geometry": {
    "coordinates": [
     [
      [
       [
        35.2626909,
        32.5991021
       ],
       [
        35.2104405,
        32.5803202
       ],
       [
        35.2102493,
        32.5805686
       ],
       [
        35.2099855,
        32.5809243
       ],
       [
        35.209729,
        32.5812839
       ],
       [
        35.2094798,
        32.581647
       ],
       [
        35.209238,
        32.5820138
       ],
       [
        35.2090037,
        32.582384
       ],
       [
        35.2087768,
        32.5827576
       ],
       [
        35.2085576,
        32.5831343
       ],
       [
        35.2083461,
        32.5835143
       ],
       [
        35.2081422,
        32.5838972
       ],
       [
        35.2079462,
        32.584283
       ],
       [
        35.207758,
        32.5846717
       ],
       [
        35.2075777,
        32.585063
       ],
       [
        35.2074053,
        32.5854568
       ],
       [
        35.207241,
        32.5858531
       ],
       [
        35.2070847,
        32.5862518
       ],
       [
        35.2069365,
        32.5866526
       ],
       [
        35.2067964,
        32.5870555
       ],
       [
        35.2066645,
        32.5874605
       ],
       [
        35.2065408,
        32.5878672
       ],
       [
        35.2064254,
        32.5882757
       ],
       [
        35.2063183,
        32.5886858
       ],
       [
        35.2062195,
        32.5890974
       ],
       [
        35.2061291,
        32.5895104
       ],
       [
        35.206047,
        32.5899247
       ],
       [
        35.2059733,
        32.59034
       ],
       [
        35.2059081,
        32.5907564
       ],
       [
        35.2058513,
        32.5911737
       ],
       [
        35.205803,
        32.5915917
       ],
       [
        35.2057631,
        32.5920104
       ],
       [
        35.2057317,
        32.5924295
       ],
       [
        35.2057088,
        32.5928491
       ],
       [
        35.2056945,
        32.593269
       ],
       [
        35.2056886,
        32.593689
       ],
       [
        35.2056912,
        32.594109
       ],
       [
        35.2057024,
        32.5945289
       ],
       [
        35.205722,
        32.5949486
       ],
       [
        35.2057502,
        32.5953679
       ],
       [
        35.2057868,
        32.5957868
       ],
       [
        35.2058319,
        32.5962051
       ],
       [
        35.2058855,
        32.5966227
       ],
       [
        35.2059475,
        32.5970394
       ],
       [
        35.206018,
        32.5974551
       ],
       [
        35.2060969,
        32.5978698
       ],
       [
        35.2060985,
        32.5981686
       ],
       [
        35.2172789,
        32.5982815
       ],
       [
        35.2173819,
        32.599806
       ],
       [
        35.217395,
        32.6001397
       ],
       [
        35.2174164,
        32.600473
       ],
       [
        35.217446,
        32.6008059
       ],
       [
        35.2174839,
        32.6011382
       ],
       [
        35.21753,
        32.6014697
       ],
       [
        35.2175843,
        32.6018003
       ],
       [
        35.2176468,
        32.6021299
       ],
       [
        35.2177175,
        32.6024584
       ],
       [
        35.2177963,
        32.6027854
       ],
       [
        35.2178832,
        32.6031111
       ],
       [
        35.2179781,
        32.603435
       ],
       [
        35.2180811,
        32.6037573
       ],
       [
        35.2181921,
        32.6040776
       ],
       [
        35.218311,
        32.6043959
       ],
       [
        35.2184377,
        32.604712
       ],
       [
        35.2185723,
        32.6050258
       ],
       [
        35.2187146,
        32.6053371
       ],
       [
        35.2188646,
        32.6056458
       ],
       [
        35.2190223,
        32.6059518
       ],
       [
        35.2191875,
        32.606255
       ],
       [
        35.2193602,
        32.6065551
       ],
       [
        35.2195403,
        32.606852
       ],
       [
        35.2197277,
        32.6071458
       ],
       [
        35.2199224,
        32.6074361
       ],
       [
        35.2201243,
        32.6077229
       ],
       [
        35.2203332,
        32.608006
       ],
       [
        35.2205491,
        32.6082854
       ],
       [
        35.2207719,
        32.6085608
       ],
       [
        35.2210015,
        32.6088323
       ],
       [
        35.2212377,
        32.6090996
       ],
       [
        35.2214805,
        32.6093626
       ],
       [
        35.2217299,
        32.6096213
       ],
       [
        35.2219855,
        32.6098754
       ],
       [
        35.2222475,
        32.610125
       ],
       [
        35.2225155,
        32.6103699
       ],
       [
        35.2227896,
        32.6106099
       ],
       [
        35.2230696,
        32.610845
       ],
       [
        35.2233554,
        32.6110751
       ],
       [
        35.2236468,
        32.6113001
       ],
       [
        35.2239437,
        32.6115198
       ],
       [
        35.224246,
        32.6117342
       ],
       [
        35.2245536,
        32.6119432
       ],
       [
        35.2248663,
        32.6121466
       ],
       [
        35.2251839,
        32.6123445
       ],
       [
        35.2255064,
        32.6125366
       ],
       [
        35.2258336,
        32.612723
       ],
       [
        35.2261654,
        32.6129036
       ],
       [
        35.2265016,
        32.6130782
       ],
       [
        35.226842,
        32.6132467
       ],
       [
        35.2271865,
        32.6134092
       ],
       [
        35.227535,
        32.6135656
       ],
       [
        35.2278873,
        32.6137157
       ],
       [
        35.2282433,
        32.6138595
       ],
       [
        35.2286027,
        32.6139969
       ],
       [
        35.2289655,
        32.6141279
       ],
       [
        35.2293314,
        32.6142525
       ],
       [
        35.2297004,
        32.6143705
       ],
       [
        35.2300722,
        32.6144819
       ],
       [
        35.2304466,
        32.6145867
       ],
       [
        35.2308236,
        32.6146848
       ],
       [
        35.231203,
        32.6147762
       ],
       [
        35.2315845,
        32.6148608
       ],
       [
        35.2319681,
        32.6149387
       ],
       [
        35.2323535,
        32.6150096
       ],
       [
        35.2327406,
        32.6150738
       ],
       [
        35.2331292,
        32.615131
       ],
       [
        35.2335191,
        32.6151813
       ],
       [
        35.2339102,
        32.6152246
       ],
       [
        35.2343022,
        32.615261
       ],
       [
        35.2346951,
        32.6152905
       ],
       [
        35.2350921,
        32.6152588
       ],
       [
        35.2354883,
        32.61522
       ],
       [
        35.2358833,
        32.6151742
       ],
       [
        35.2362772,
        32.6151214
       ],
       [
        35.2366696,
        32.6150616
       ],
       [
        35.2370605,
        32.6149948
       ],
       [
        35.2374496,
        32.6149211
       ],
       [
        35.2378369,
        32.6148405
       ],
       [
        35.238222,
        32.6147531
       ],
       [
        35.2386049,
        32.6146588
       ],
       [
        35.2389853,
        32.6145577
       ],
       [
        35.2393632,
        32.6144499
       ],
       [
        35.2397383,
        32.6143354
       ],
       [
        35.2401105,
        32.6142142
       ],
       [
        35.2404796,
        32.6140865
       ],
       [
        35.2408454,
        32.6139522
       ],
       [
        35.2412078,
        32.6138114
       ],
       [
        35.2415667,
        32.6136643
       ],
       [
        35.2419218,
        32.6135108
       ],
       [
        35.242273,
        32.613351
       ],
       [
        35.2426202,
        32.613185
       ],
       [
        35.2429632,
        32.6130128
       ],
       [
        35.2433018,
        32.6128347
       ],
       [
        35.243636,
        32.6126505
       ],
       [
        35.2439654,
        32.6124604
       ],
       [
        35.2442902,
        32.6122645
       ],
       [
        35.2446099,
        32.6120629
       ],
       [
        35.2449246,
        32.6118556
       ],
       [
        35.2452341,
        32.6116428
       ],
       [
        35.2455382,
        32.6114246
       ],
       [
        35.2458369,
        32.611201
       ],
       [
        35.2461299,
        32.6109721
       ],
       [
        35.2464172,
        32.610738
       ],
       [
        35.2466986,
        32.610499
       ],
       [
        35.246974,
        32.6102549
       ],
       [
        35.2472433,
        32.610006
       ],
       [
        35.2475064,
        32.6097524
       ],
       [
        35.2477631,
        32.6094942
       ],
       [
        35.2480133,
        32.6092314
       ],
       [
        35.248257,
        32.6089643
       ],
       [
        35.248494,
        32.6086929
       ],
       [
        35.2487242,
        32.6084173
       ],
       [
        35.2489475,
        32.6081377
       ],
       [
        35.2491638,
        32.6078542
       ],
       [
        35.2493731,
        32.6075669
       ],
       [
        35.2495751,
        32.607276
       ],
       [
        35.2497699,
        32.6069815
       ],
       [
        35.2499574,
        32.6066837
       ],
       [
        35.2501374,
        32.6063825
       ],
       [
        35.2503099,
        32.6060783
       ],
       [
        35.2504748,
        32.605771
       ],
       [
        35.250632,
        32.6054609
       ],
       [
        35.2507816,
        32.605148
       ],
       [
        35.2509233,
        32.6048326
       ],
       [
        35.2510571,
        32.6045147
       ],
       [
        35.2511831,
        32.6041945
       ],
       [
        35.2513011,
        32.6038721
       ],
       [
        35.251411,
        32.6035477
       ],
       [
        35.2515129,
        32.6032214
       ],
       [
        35.2516066,
        32.6028934
       ],
       [
        35.2516922,
        32.6025638
       ],
       [
        35.2517696,
        32.6022327
       ],
       [
        35.2518388,
        32.6019003
       ],
       [
        35.2518997,
        32.6015668
       ],
       [
        35.2519523,
        32.6012323
       ],
       [
        35.2519966,
        32.6008969
       ],
       [
        35.2520326,
        32.6005608
       ],
       [
        35.2520602,
        32.6002241
       ],
       [
        35.2520795,
        32.599887
       ],
       [
        35.2520904,
        32.5995497
       ],
       [
        35.2520929,
        32.5992122
       ],
       [
        35.2520871,
        32.5988747
       ],
       [
        35.2626909,
        32.5991021
       ]
      ]
     ]
    ],
    "type": "MultiPolygon"
   }
  },
  {
   "type": "Feature",
   "properties": {
    "code": "ATZ-LLMG-2",
    "nameHe": "מגידו דרומי",
    "nameEn": null,
    "zoneTypeCode": "ATZ",
    "floorAmslFt": 0,
    "ceilingAmslFt": 1200,
    "aglCeilingFt": null,
    "notes": "ATZ | אזרחי | source stamp 2021-06-10 | altitude unit unstated in source — adopted ft AMSL per producer's sibling files (verify in visual check)"
   },
   "geometry": {
    "coordinates": [
     [
      [
       [
        35.2104405,
        32.5803202
       ],
       [
        35.2626909,
        32.5991021
       ],
       [
        35.2632661,
        32.5991144
       ],
       [
        35.2632829,
        32.5971046
       ],
       [
        35.2633463,
        32.596688
       ],
       [
        35.2634012,
        32.5962706
       ],
       [
        35.2634477,
        32.5958524
       ],
       [
        35.2634856,
        32.5954336
       ],
       [
        35.2635151,
        32.5950143
       ],
       [
        35.2635361,
        32.5945947
       ],
       [
        35.2635486,
        32.5941748
       ],
       [
        35.2635525,
        32.5937548
       ],
       [
        35.263548,
        32.5933348
       ],
       [
        35.263535,
        32.592915
       ],
       [
        35.2635134,
        32.5924954
       ],
       [
        35.2634834,
        32.5920761
       ],
       [
        35.2634448,
        32.5916574
       ],
       [
        35.2633978,
        32.5912393
       ],
       [
        35.2633424,
        32.5908219
       ],
       [
        35.2632784,
        32.5904054
       ],
       [
        35.2632061,
        32.5899898
       ],
       [
        35.2631254,
        32.5895754
       ],
       [
        35.2630362,
        32.5891623
       ],
       [
        35.2629387,
        32.5887504
       ],
       [
        35.2628329,
        32.5883401
       ],
       [
        35.2627188,
        32.5879313
       ],
       [
        35.2625965,
        32.5875243
       ],
       [
        35.2624659,
        32.5871191
       ],
       [
        35.2623271,
        32.5867159
       ],
       [
        35.2621802,
        32.5863147
       ],
       [
        35.2620251,
        32.5859157
       ],
       [
        35.2618621,
        32.585519
       ],
       [
        35.261691,
        32.5851248
       ],
       [
        35.2615119,
        32.5847331
       ],
       [
        35.2613249,
        32.5843441
       ],
       [
        35.2611301,
        32.5839578
       ],
       [
        35.2609275,
        32.5835744
       ],
       [
        35.2607172,
        32.583194
       ],
       [
        35.2604992,
        32.5828167
       ],
       [
        35.2602736,
        32.5824427
       ],
       [
        35.2600404,
        32.5820719
       ],
       [
        35.2597998,
        32.5817046
       ],
       [
        35.2595517,
        32.5813409
       ],
       [
        35.2592964,
        32.5809808
       ],
       [
        35.2590338,
        32.5806245
       ],
       [
        35.258764,
        32.580272
       ],
       [
        35.2584871,
        32.5799235
       ],
       [
        35.2582032,
        32.5795791
       ],
       [
        35.2579124,
        32.5792388
       ],
       [
        35.2576147,
        32.5789028
       ],
       [
        35.2573102,
        32.5785712
       ],
       [
        35.2569991,
        32.5782441
       ],
       [
        35.2566814,
        32.5779215
       ],
       [
        35.2563573,
        32.5776036
       ],
       [
        35.2560267,
        32.5772904
       ],
       [
        35.2556898,
        32.5769821
       ],
       [
        35.2553468,
        32.5766787
       ],
       [
        35.2549977,
        32.5763803
       ],
       [
        35.2546425,
        32.5760871
       ],
       [
        35.2542815,
        32.575799
       ],
       [
        35.2539147,
        32.5755162
       ],
       [
        35.2535423,
        32.5752388
       ],
       [
        35.2531643,
        32.5749669
       ],
       [
        35.2527808,
        32.5747004
       ],
       [
        35.252392,
        32.5744396
       ],
       [
        35.2519979,
        32.5741845
       ],
       [
        35.2515988,
        32.5739351
       ],
       [
        35.2511947,
        32.5736915
       ],
       [
        35.2507857,
        32.5734539
       ],
       [
        35.2503719,
        32.5732222
       ],
       [
        35.2499535,
        32.5729966
       ],
       [
        35.2495306,
        32.572777
       ],
       [
        35.2491034,
        32.5725637
       ],
       [
        35.2486719,
        32.5723565
       ],
       [
        35.2482362,
        32.5721557
       ],
       [
        35.2477965,
        32.5719612
       ],
       [
        35.247353,
        32.5717732
       ],
       [
        35.2469057,
        32.5715916
       ],
       [
        35.2464549,
        32.5714165
       ],
       [
        35.2460005,
        32.571248
       ],
       [
        35.2455428,
        32.5710861
       ],
       [
        35.2450819,
        32.5709308
       ],
       [
        35.2446179,
        32.5707823
       ],
       [
        35.244151,
        32.5706406
       ],
       [
        35.2436813,
        32.5705056
       ],
       [
        35.2432089,
        32.5703775
       ],
       [
        35.242734,
        32.5702563
       ],
       [
        35.2422567,
        32.570142
       ],
       [
        35.2417771,
        32.5700346
       ],
       [
        35.2412955,
        32.5699342
       ],
       [
        35.2408119,
        32.5698408
       ],
       [
        35.2403265,
        32.5697544
       ],
       [
        35.2398394,
        32.5696751
       ],
       [
        35.2393507,
        32.5696029
       ],
       [
        35.2388607,
        32.5695378
       ],
       [
        35.2383694,
        32.5694798
       ],
       [
        35.2378771,
        32.5694289
       ],
       [
        35.2373837,
        32.5693852
       ],
       [
        35.2368896,
        32.5693487
       ],
       [
        35.2363948,
        32.5693194
       ],
       [
        35.2358994,
        32.5692972
       ],
       [
        35.2354037,
        32.5692822
       ],
       [
        35.2349078,
        32.5692744
       ],
       [
        35.2344118,
        32.5692739
       ],
       [
        35.2339158,
        32.5692805
       ],
       [
        35.2334201,
        32.5692943
       ],
       [
        35.2329247,
        32.5693154
       ],
       [
        35.2324298,
        32.5693436
       ],
       [
        35.2319355,
        32.569379
       ],
       [
        35.231442,
        32.5694215
       ],
       [
        35.2309495,
        32.5694712
       ],
       [
        35.230458,
        32.5695281
       ],
       [
        35.2299678,
        32.5695921
       ],
       [
        35.2294789,
        32.5696632
       ],
       [
        35.2289916,
        32.5697414
       ],
       [
        35.2285059,
        32.5698266
       ],
       [
        35.228022,
        32.5699189
       ],
       [
        35.22754,
        32.5700182
       ],
       [
        35.2270601,
        32.5701245
       ],
       [
        35.2265825,
        32.5702377
       ],
       [
        35.2261072,
        32.5703579
       ],
       [
        35.2256344,
        32.5704849
       ],
       [
        35.2251642,
        32.5706188
       ],
       [
        35.2246968,
        32.5707594
       ],
       [
        35.2242324,
        32.5709069
       ],
       [
        35.2237709,
        32.571061
       ],
       [
        35.2233127,
        32.5712219
       ],
       [
        35.2228578,
        32.5713894
       ],
       [
        35.2224064,
        32.5715634
       ],
       [
        35.2219585,
        32.571744
       ],
       [
        35.2215144,
        32.571931
       ],
       [
        35.2210741,
        32.5721245
       ],
       [
        35.2206378,
        32.5723243
       ],
       [
        35.2202056,
        32.5725305
       ],
       [
        35.2197777,
        32.5727428
       ],
       [
        35.2193541,
        32.5729614
       ],
       [
        35.218935,
        32.5731861
       ],
       [
        35.2185205,
        32.5734168
       ],
       [
        35.2181107,
        32.5736535
       ],
       [
        35.2177058,
        32.5738962
       ],
       [
        35.2173058,
        32.5741446
       ],
       [
        35.216911,
        32.5743989
       ],
       [
        35.2165213,
        32.5746588
       ],
       [
        35.216137,
        32.5749244
       ],
       [
        35.2157581,
        32.5751955
       ],
       [
        35.2153847,
        32.575472
       ],
       [
        35.215017,
        32.575754
       ],
       [
        35.2146551,
        32.5760412
       ],
       [
        35.214299,
        32.5763336
       ],
       [
        35.2139489,
        32.5766312
       ],
       [
        35.2136049,
        32.5769338
       ],
       [
        35.2132671,
        32.5772414
       ],
       [
        35.2129355,
        32.5775538
       ],
       [
        35.2126103,
        32.577871
       ],
       [
        35.2122916,
        32.5781928
       ],
       [
        35.2119794,
        32.5785193
       ],
       [
        35.2116739,
        32.5788502
       ],
       [
        35.2113751,
        32.5791855
       ],
       [
        35.2110832,
        32.5795251
       ],
       [
        35.2107982,
        32.5798689
       ],
       [
        35.2105202,
        32.5802168
       ],
       [
        35.2104405,
        32.5803202
       ]
      ]
     ]
    ],
    "type": "MultiPolygon"
   }
  },
  {
   "type": "Feature",
   "properties": {
    "code": "ATZ-LLMZ",
    "nameHe": "מצדה",
    "nameEn": null,
    "zoneTypeCode": "ATZ",
    "floorAmslFt": 0,
    "ceilingAmslFt": 300,
    "aglCeilingFt": null,
    "notes": "ATZ | אזרחי | source stamp 2023-02-14 | altitude unit unstated in source — adopted ft AMSL per producer's sibling files (verify in visual check)"
   },
   "geometry": {
    "coordinates": [
     [
      [
       [
        35.3890172,
        31.3562178
       ],
       [
        35.3895316,
        31.3562046
       ],
       [
        35.3900456,
        31.3561842
       ],
       [
        35.3905591,
        31.3561566
       ],
       [
        35.3910721,
        31.3561218
       ],
       [
        35.3915843,
        31.3560799
       ],
       [
        35.3920957,
        31.3560307
       ],
       [
        35.3926061,
        31.3559745
       ],
       [
        35.3931153,
        31.355911
       ],
       [
        35.3936232,
        31.3558405
       ],
       [
        35.3941298,
        31.3557628
       ],
       [
        35.3946348,
        31.3556781
       ],
       [
        35.3951381,
        31.3555863
       ],
       [
        35.3956396,
        31.3554874
       ],
       [
        35.3961391,
        31.3553816
       ],
       [
        35.3966366,
        31.3552687
       ],
       [
        35.3971319,
        31.3551489
       ],
       [
        35.3976248,
        31.3550222
       ],
       [
        35.3981152,
        31.3548886
       ],
       [
        35.3986031,
        31.3547482
       ],
       [
        35.3990881,
        31.3546009
       ],
       [
        35.3995704,
        31.3544468
       ],
       [
        35.4000496,
        31.3542861
       ],
       [
        35.4005257,
        31.3541186
       ],
       [
        35.4009986,
        31.3539445
       ],
       [
        35.401468,
        31.3537637
       ],
       [
        35.401934,
        31.3535765
       ],
       [
        35.4023964,
        31.3533827
       ],
       [
        35.402855,
        31.3531825
       ],
       [
        35.4033097,
        31.3529758
       ],
       [
        35.4037605,
        31.3527629
       ],
       [
        35.4042071,
        31.3525436
       ],
       [
        35.4046495,
        31.3523181
       ],
       [
        35.4050875,
        31.3520865
       ],
       [
        35.4055211,
        31.3518487
       ],
       [
        35.4059501,
        31.3516049
       ],
       [
        35.4063744,
        31.3513552
       ],
       [
        35.4067939,
        31.3510995
       ],
       [
        35.4072085,
        31.350838
       ],
       [
        35.4076181,
        31.3505707
       ],
       [
        35.4080225,
        31.3502977
       ],
       [
        35.4084216,
        31.350019
       ],
       [
        35.4088155,
        31.3497349
       ],
       [
        35.4092038,
        31.3494452
       ],
       [
        35.4095866,
        31.3491501
       ],
       [
        35.4099637,
        31.3488498
       ],
       [
        35.4103351,
        31.3485441
       ],
       [
        35.4107006,
        31.3482333
       ],
       [
        35.4110601,
        31.3479175
       ],
       [
        35.4114136,
        31.3475966
       ],
       [
        35.4117609,
        31.3472708
       ],
       [
        35.412102,
        31.3469403
       ],
       [
        35.4124367,
        31.3466049
       ],
       [
        35.4127651,
        31.346265
       ],
       [
        35.4130869,
        31.3459204
       ],
       [
        35.4134021,
        31.3455714
       ],
       [
        35.4137107,
        31.3452181
       ],
       [
        35.4140124,
        31.3448605
       ],
       [
        35.4143074,
        31.3444987
       ],
       [
        35.4145954,
        31.3441328
       ],
       [
        35.4148764,
        31.3437629
       ],
       [
        35.4151503,
        31.3433891
       ],
       [
        35.4154171,
        31.3430116
       ],
       [
        35.4156767,
        31.3426303
       ],
       [
        35.415929,
        31.3422455
       ],
       [
        35.416174,
        31.3418572
       ],
       [
        35.4164115,
        31.3414655
       ],
       [
        35.4166415,
        31.3410705
       ],
       [
        35.416864,
        31.3406724
       ],
       [
        35.4170789,
        31.3402712
       ],
       [
        35.4172862,
        31.3398671
       ],
       [
        35.4174857,
        31.3394601
       ],
       [
        35.4176775,
        31.3390503
       ],
       [
        35.4178614,
        31.3386379
       ],
       [
        35.4180375,
        31.338223
       ],
       [
        35.4182057,
        31.3378057
       ],
       [
        35.4183659,
        31.3373861
       ],
       [
        35.4185181,
        31.3369643
       ],
       [
        35.4186623,
        31.3365404
       ],
       [
        35.4187983,
        31.3361146
       ],
       [
        35.4189263,
        31.3356869
       ],
       [
        35.4190461,
        31.3352575
       ],
       [
        35.4191578,
        31.3348265
       ],
       [
        35.4192612,
        31.3343939
       ],
       [
        35.4193564,
        31.33396
       ],
       [
        35.4194433,
        31.3335248
       ],
       [
        35.419522,
        31.3330884
       ],
       [
        35.4195923,
        31.332651
       ],
       [
        35.4196543,
        31.3322126
       ],
       [
        35.419708,
        31.3317735
       ],
       [
        35.4197533,
        31.3313336
       ],
       [
        35.4197902,
        31.3308932
       ],
       [
        35.4198188,
        31.3304523
       ],
       [
        35.4198389,
        31.3300111
       ],
       [
        35.4198507,
        31.3295696
       ],
       [
        35.4198541,
        31.3291281
       ],
       [
        35.4198491,
        31.3286865
       ],
       [
        35.4198357,
        31.3282451
       ],
       [
        35.4198139,
        31.3278039
       ],
       [
        35.4197838,
        31.3273631
       ],
       [
        35.4197452,
        31.3269228
       ],
       [
        35.4196983,
        31.3264831
       ],
       [
        35.419643,
        31.3260441
       ],
       [
        35.4195794,
        31.3256059
       ],
       [
        35.4195075,
        31.3251687
       ],
       [
        35.4194273,
        31.3247325
       ],
       [
        35.4193388,
        31.3242975
       ],
       [
        35.419242,
        31.3238638
       ],
       [
        35.419137,
        31.3234316
       ],
       [
        35.4190238,
        31.3230008
       ],
       [
        35.4189025,
        31.3225717
       ],
       [
        35.4187729,
        31.3221444
       ],
       [
        35.4186353,
        31.3217189
       ],
       [
        35.4184897,
        31.3212954
       ],
       [
        35.4183359,
        31.320874
       ],
       [
        35.4181742,
        31.3204549
       ],
       [
        35.4180046,
        31.320038
       ],
       [
        35.4178271,
        31.3196236
       ],
       [
        35.4176417,
        31.3192117
       ],
       [
        35.4174485,
        31.3188025
       ],
       [
        35.4172475,
        31.318396
       ],
       [
        35.4170389,
        31.3179924
       ],
       [
        35.4168226,
        31.3175918
       ],
       [
        35.4165987,
        31.3171942
       ],
       [
        35.4163673,
        31.3167999
       ],
       [
        35.4161284,
        31.3164088
       ],
       [
        35.4158822,
        31.3160211
       ],
       [
        35.4156286,
        31.315637
       ],
       [
        35.4153677,
        31.3152564
       ],
       [
        35.4150996,
        31.3148796
       ],
       [
        35.4148245,
        31.3145065
       ],
       [
        35.4145422,
        31.3141374
       ],
       [
        35.414253,
        31.3137722
       ],
       [
        35.4139569,
        31.3134112
       ],
       [
        35.4136539,
        31.3130543
       ],
       [
        35.4133443,
        31.3127018
       ],
       [
        35.4130279,
        31.3123536
       ],
       [
        35.412705,
        31.3120099
       ],
       [
        35.4123756,
        31.3116708
       ],
       [
        35.4120398,
        31.3113363
       ],
       [
        35.4116977,
        31.3110066
       ],
       [
        35.4113494,
        31.3106817
       ],
       [
        35.4109949,
        31.3103618
       ],
       [
        35.4106345,
        31.3100468
       ],
       [
        35.410268,
        31.309737
       ],
       [
        35.4098958,
        31.3094323
       ],
       [
        35.4095178,
        31.3091329
       ],
       [
        35.4091341,
        31.3088388
       ],
       [
        35.408745,
        31.3085501
       ],
       [
        35.4083504,
        31.3082669
       ],
       [
        35.4079504,
        31.3079893
       ],
       [
        35.4075453,
        31.3077173
       ],
       [
        35.407135,
        31.307451
       ],
       [
        35.4067197,
        31.3071905
       ],
       [
        35.4062996,
        31.3069359
       ],
       [
        35.4058746,
        31.3066872
       ],
       [
        35.405445,
        31.3064444
       ],
       [
        35.4050108,
        31.3062078
       ],
       [
        35.4045722,
        31.3059772
       ],
       [
        35.4041293,
        31.3057528
       ],
       [
        35.4036822,
        31.3055346
       ],
       [
        35.4032309,
        31.3053228
       ],
       [
        35.4027758,
        31.3051173
       ],
       [
        35.4023167,
        31.3049181
       ],
       [
        35.401854,
        31.3047255
       ],
       [
        35.4013876,
        31.3045393
       ],
       [
        35.4009178,
        31.3043597
       ],
       [
        35.4004446,
        31.3041867
       ],
       [
        35.3999682,
        31.3040204
       ],
       [
        35.3994888,
        31.3038608
       ],
       [
        35.3990063,
        31.3037079
       ],
       [
        35.398521,
        31.3035617
       ],
       [
        35.398033,
        31.3034224
       ],
       [
        35.3975424,
        31.30329
       ],
       [
        35.3970493,
        31.3031644
       ],
       [
        35.396554,
        31.3030458
       ],
       [
        35.3960564,
        31.3029341
       ],
       [
        35.3955568,
        31.3028294
       ],
       [
        35.3950553,
        31.3027317
       ],
       [
        35.394552,
        31.3026411
       ],
       [
        35.394047,
        31.3025575
       ],
       [
        35.3935405,
        31.302481
       ],
       [
        35.3930326,
        31.3024116
       ],
       [
        35.3925235,
        31.3023493
       ],
       [
        35.3920132,
        31.3022942
       ],
       [
        35.391502,
        31.3022462
       ],
       [
        35.39099,
        31.3022054
       ],
       [
        35.3904772,
        31.3021718
       ],
       [
        35.3899638,
        31.3021453
       ],
       [
        35.38945,
        31.3021261
       ],
       [
        35.388936,
        31.302114
       ],
       [
        35.3884217,
        31.3021092
       ],
       [
        35.3879075,
        31.3021115
       ],
       [
        35.3873933,
        31.3021211
       ],
       [
        35.3868794,
        31.3021379
       ],
       [
        35.3863659,
        31.3021618
       ],
       [
        35.3858529,
        31.302193
       ],
       [
        35.3853406,
        31.3022313
       ],
       [
        35.3848291,
        31.3022768
       ],
       [
        35.3843184,
        31.3023295
       ],
       [
        35.3838089,
        31.3023893
       ],
       [
        35.3833006,
        31.3024562
       ],
       [
        35.3827936,
        31.3025303
       ],
       [
        35.3822881,
        31.3026114
       ],
       [
        35.3817842,
        31.3026997
       ],
       [
        35.381282,
        31.3027949
       ],
       [
        35.3807817,
        31.3028972
       ],
       [
        35.3802834,
        31.3030065
       ],
       [
        35.3797873,
        31.3031227
       ],
       [
        35.3792934,
        31.3032459
       ],
       [
        35.378802,
        31.303376
       ],
       [
        35.3783131,
        31.3035129
       ],
       [
        35.3778268,
        31.3036567
       ],
       [
        35.3773433,
        31.3038073
       ],
       [
        35.3768628,
        31.3039646
       ],
       [
        35.3763853,
        31.3041287
       ],
       [
        35.375911,
        31.3042994
       ],
       [
        35.37544,
        31.3044767
       ],
       [
        35.3749725,
        31.3046606
       ],
       [
        35.3745084,
        31.304851
       ],
       [
        35.3740481,
        31.3050479
       ],
       [
        35.3735916,
        31.3052512
       ],
       [
        35.373139,
        31.3054609
       ],
       [
        35.3726904,
        31.3056769
       ],
       [
        35.372246,
        31.3058992
       ],
       [
        35.3718059,
        31.3061276
       ],
       [
        35.3713702,
        31.3063622
       ],
       [
        35.370939,
        31.3066029
       ],
       [
        35.3705124,
        31.3068496
       ],
       [
        35.3700906,
        31.3071022
       ],
       [
        35.3696736,
        31.3073607
       ],
       [
        35.3692616,
        31.307625
       ],
       [
        35.3688546,
        31.307895
       ],
       [
        35.3684529,
        31.3081707
       ],
       [
        35.3680564,
        31.308452
       ],
       [
        35.3676654,
        31.3087388
       ],
       [
        35.3672798,
        31.309031
       ],
       [
        35.3668998,
        31.3093286
       ],
       [
        35.3665256,
        31.3096315
       ],
       [
        35.3661571,
        31.3099396
       ],
       [
        35.3657946,
        31.3102528
       ],
       [
        35.365438,
        31.3105711
       ],
       [
        35.3650876,
        31.3108943
       ],
       [
        35.3647433,
        31.3112223
       ],
       [
        35.3644053,
        31.3115552
       ],
       [
        35.3640737,
        31.3118927
       ],
       [
        35.3637486,
        31.3122349
       ],
       [
        35.3634299,
        31.3125815
       ],
       [
        35.363118,
        31.3129326
       ],
       [
        35.3628127,
        31.313288
       ],
       [
        35.3625142,
        31.3136476
       ],
       [
        35.3622226,
        31.3140113
       ],
       [
        35.3619379,
        31.3143791
       ],
       [
        35.3616603,
        31.3147509
       ],
       [
        35.3613898,
        31.3151264
       ],
       [
        35.3611264,
        31.3155057
       ],
       [
        35.3608703,
        31.3158887
       ],
       [
        35.3606215,
        31.3162752
       ],
       [
        35.3603801,
        31.3166651
       ],
       [
        35.3601461,
        31.3170583
       ],
       [
        35.3599196,
        31.3174548
       ],
       [
        35.3597007,
        31.3178544
       ],
       [
        35.3594894,
        31.318257
       ],
       [
        35.3592858,
        31.3186625
       ],
       [
        35.35909,
        31.3190708
       ],
       [
        35.3589019,
        31.3194818
       ],
       [
        35.3587216,
        31.3198954
       ],
       [
        35.3585493,
        31.3203114
       ],
       [
        35.3583848,
        31.3207299
       ],
       [
        35.3582284,
        31.3211505
       ],
       [
        35.3580799,
        31.3215733
       ],
       [
        35.3579395,
        31.3219981
       ],
       [
        35.3578072,
        31.3224248
       ],
       [
        35.3576831,
        31.3228534
       ],
       [
        35.357567,
        31.3232836
       ],
       [
        35.3574592,
        31.3237153
       ],
       [
        35.3573596,
        31.3241486
       ],
       [
        35.3572683,
        31.3245831
       ],
       [
        35.3571852,
        31.3250189
       ],
       [
        35.3571104,
        31.3254558
       ],
       [
        35.357044,
        31.3258937
       ],
       [
        35.3569859,
        31.3263324
       ],
       [
        35.3569361,
        31.3267719
       ],
       [
        35.3568947,
        31.3272121
       ],
       [
        35.3568616,
        31.3276528
       ],
       [
        35.3568369,
        31.3280938
       ],
       [
        35.3568207,
        31.3285352
       ],
       [
        35.3568128,
        31.3289767
       ],
       [
        35.3568133,
        31.3294183
       ],
       [
        35.3568222,
        31.3298598
       ],
       [
        35.3568395,
        31.3303011
       ],
       [
        35.3568652,
        31.3307422
       ],
       [
        35.3568993,
        31.3311828
       ],
       [
        35.3569417,
        31.3316229
       ],
       [
        35.3569925,
        31.3320623
       ],
       [
        35.3570517,
        31.3325009
       ],
       [
        35.3571192,
        31.3329387
       ],
       [
        35.357195,
        31.3333755
       ],
       [
        35.3572791,
        31.3338111
       ],
       [
        35.3573714,
        31.3342455
       ],
       [
        35.357472,
        31.3346786
       ],
       [
        35.3575809,
        31.3351101
       ],
       [
        35.3576979,
        31.3355401
       ],
       [
        35.3578231,
        31.3359685
       ],
       [
        35.3579564,
        31.3363949
       ],
       [
        35.3580978,
        31.3368195
       ],
       [
        35.3582473,
        31.3372421
       ],
       [
        35.3584048,
        31.3376624
       ],
       [
        35.3585702,
        31.3380806
       ],
       [
        35.3587436,
        31.3384963
       ],
       [
        35.3589249,
        31.3389096
       ],
       [
        35.359114,
        31.3393202
       ],
       [
        35.3593109,
        31.3397282
       ],
       [
        35.3595155,
        31.3401334
       ],
       [
        35.3597278,
        31.3405356
       ],
       [
        35.3599477,
        31.3409348
       ],
       [
        35.3601752,
        31.3413309
       ],
       [
        35.3604101,
        31.3417237
       ],
       [
        35.3606526,
        31.3421132
       ],
       [
        35.3609024,
        31.3424992
       ],
       [
        35.3611595,
        31.3428817
       ],
       [
        35.3614238,
        31.3432605
       ],
       [
        35.3616953,
        31.3436356
       ],
       [
        35.361974,
        31.3440069
       ],
       [
        35.3622596,
        31.3443741
       ],
       [
        35.3625522,
        31.3447374
       ],
       [
        35.3628517,
        31.3450964
       ],
       [
        35.3631579,
        31.3454513
       ],
       [
        35.3634709,
        31.3458018
       ],
       [
        35.3637904,
        31.3461478
       ],
       [
        35.3641166,
        31.3464894
       ],
       [
        35.3644491,
        31.3468263
       ],
       [
        35.3647881,
        31.3471585
       ],
       [
        35.3651333,
        31.347486
       ],
       [
        35.3654847,
        31.3478085
       ],
       [
        35.3658422,
        31.3481261
       ],
       [
        35.3662057,
        31.3484386
       ],
       [
        35.366575,
        31.348746
       ],
       [
        35.3669502,
        31.3490482
       ],
       [
        35.3673311,
        31.3493451
       ],
       [
        35.3677176,
        31.3496366
       ],
       [
        35.3681095,
        31.3499227
       ],
       [
        35.3685069,
        31.3502032
       ],
       [
        35.3689095,
        31.3504782
       ],
       [
        35.3693173,
        31.3507474
       ],
       [
        35.3697302,
        31.3510109
       ],
       [
        35.3701481,
        31.3512686
       ],
       [
        35.3705708,
        31.3515204
       ],
       [
        35.3709982,
        31.3517663
       ],
       [
        35.3714302,
        31.3520061
       ],
       [
        35.3718668,
        31.3522398
       ],
       [
        35.3723077,
        31.3524674
       ],
       [
        35.3727529,
        31.3526888
       ],
       [
        35.3732023,
        31.3529039
       ],
       [
        35.3736557,
        31.3531127
       ],
       [
        35.374113,
        31.3533152
       ],
       [
        35.3745741,
        31.3535111
       ],
       [
        35.3750389,
        31.3537006
       ],
       [
        35.3755072,
        31.3538836
       ],
       [
        35.3759789,
        31.35406
       ],
       [
        35.3764539,
        31.3542297
       ],
       [
        35.3769321,
        31.3543928
       ],
       [
        35.3774133,
        31.3545491
       ],
       [
        35.3778975,
        31.3546987
       ],
       [
        35.3783844,
        31.3548415
       ],
       [
        35.3788739,
        31.3549775
       ],
       [
        35.379366,
        31.3551065
       ],
       [
        35.3798605,
        31.3552287
       ],
       [
        35.3803572,
        31.3553439
       ],
       [
        35.3808561,
        31.3554521
       ],
       [
        35.381357,
        31.3555534
       ],
       [
        35.3818597,
        31.3556476
       ],
       [
        35.3823641,
        31.3557347
       ],
       [
        35.3828702,
        31.3558148
       ],
       [
        35.3833776,
        31.3558878
       ],
       [
        35.3838864,
        31.3559537
       ],
       [
        35.3843964,
        31.3560124
       ],
       [
        35.3849075,
        31.3560639
       ],
       [
        35.3854194,
        31.3561083
       ],
       [
        35.3859322,
        31.3561456
       ],
       [
        35.3864456,
        31.3561756
       ],
       [
        35.3869594,
        31.3561985
       ],
       [
        35.3874737,
        31.3562141
       ],
       [
        35.3879881,
        31.3562225
       ],
       [
        35.3885027,
        31.3562238
       ],
       [
        35.3890172,
        31.3562178
       ]
      ]
     ]
    ],
    "type": "MultiPolygon"
   }
  },
  {
   "type": "Feature",
   "properties": {
    "code": "ATZ-LLRS",
    "nameHe": "ראשון לציון",
    "nameEn": null,
    "zoneTypeCode": "ATZ",
    "floorAmslFt": 0,
    "ceilingAmslFt": 400,
    "aglCeilingFt": null,
    "notes": "ATZ | אזרחי | source stamp 2021-08-04 | altitude unit unstated in source — adopted ft AMSL per producer's sibling files (verify in visual check)"
   },
   "geometry": {
    "coordinates": [
     [
      [
       [
        34.7447288,
        31.9933851
       ],
       [
        34.7573279,
        31.9875236
       ],
       [
        34.7562408,
        31.9822445
       ],
       [
        34.7560386,
        31.9809127
       ],
       [
        34.7559064,
        31.9795747
       ],
       [
        34.7558442,
        31.9782329
       ],
       [
        34.7558524,
        31.9768901
       ],
       [
        34.7559308,
        31.9755489
       ],
       [
        34.7560793,
        31.9742121
       ],
       [
        34.7562977,
        31.9728822
       ],
       [
        34.7567062,
        31.9713762
       ],
       [
        34.7570856,
        31.9698646
       ],
       [
        34.7574356,
        31.9683478
       ],
       [
        34.7577562,
        31.9668264
       ],
       [
        34.7580473,
        31.9653006
       ],
       [
        34.7583088,
        31.963771
       ],
       [
        34.7585407,
        31.9622379
       ],
       [
        34.7587391,
        31.9614613
       ],
       [
        34.7588765,
        31.9606752
       ],
       [
        34.7589523,
        31.9598831
       ],
       [
        34.7589661,
        31.9590884
       ],
       [
        34.7589179,
        31.9582946
       ],
       [
        34.7588079,
        31.9575054
       ],
       [
        34.7586365,
        31.9567242
       ],
       [
        34.7584047,
        31.9559544
       ],
       [
        34.7581132,
        31.9551994
       ],
       [
        34.7577636,
        31.9544627
       ],
       [
        34.7573572,
        31.9537474
       ],
       [
        34.756896,
        31.9530567
       ],
       [
        34.7563819,
        31.9523937
       ],
       [
        34.7558172,
        31.9517613
       ],
       [
        34.7552045,
        31.9511624
       ],
       [
        34.7443503,
        31.9409561
       ],
       [
        34.7424545,
        31.9366589
       ],
       [
        34.7410671,
        31.9319713
       ],
       [
        34.7219653,
        31.933833
       ],
       [
        34.7375,
        31.9772222
       ],
       [
        34.7447288,
        31.9933851
       ]
      ]
     ]
    ],
    "type": "MultiPolygon"
   }
  },
  {
   "type": "Feature",
   "properties": {
    "code": "CTA-LLHS",
    "nameHe": "חצור מערבי (CTA)",
    "nameEn": null,
    "zoneTypeCode": "CTA",
    "floorAmslFt": 1000,
    "ceilingAmslFt": 11000,
    "aglCeilingFt": null,
    "notes": "CTA | צבאי | schedule: סופש | source stamp 2023-02-19 | altitude unit unstated in source — adopted ft AMSL per producer's sibling files (verify in visual check)"
   },
   "geometry": {
    "coordinates": [
     [
      [
       [
        34.7081125,
        31.8251772
       ],
       [
        34.6921384,
        31.8048638
       ],
       [
        34.6676299,
        31.7734549
       ],
       [
        34.6681577,
        31.772669
       ],
       [
        34.6686205,
        31.7718538
       ],
       [
        34.6690162,
        31.7710132
       ],
       [
        34.6693428,
        31.7701511
       ],
       [
        34.6695989,
        31.7692719
       ],
       [
        34.6697831,
        31.7683796
       ],
       [
        34.6698946,
        31.7674786
       ],
       [
        34.6699329,
        31.7665731
       ],
       [
        34.6698977,
        31.7656676
       ],
       [
        34.6697893,
        31.7647662
       ],
       [
        34.6696082,
        31.7638735
       ],
       [
        34.6693553,
        31.7629936
       ],
       [
        34.6690316,
        31.7621308
       ],
       [
        34.6686389,
        31.7612891
       ],
       [
        34.668179,
        31.7604727
       ],
       [
        34.6676541,
        31.7596854
       ],
       [
        34.6670667,
        31.7589311
       ],
       [
        34.6664197,
        31.7582132
       ],
       [
        34.6657161,
        31.7575354
       ],
       [
        34.6649592,
        31.7569007
       ],
       [
        34.6641529,
        31.7563123
       ],
       [
        34.6633008,
        31.755773
       ],
       [
        34.6624071,
        31.7552853
       ],
       [
        34.661476,
        31.7548517
       ],
       [
        34.6605121,
        31.7544741
       ],
       [
        34.6595199,
        31.7541543
       ],
       [
        34.6585042,
        31.753894
       ],
       [
        34.6574699,
        31.7536944
       ],
       [
        34.6564219,
        31.7535563
       ],
       [
        34.6553652,
        31.7534806
       ],
       [
        34.654305,
        31.7534675
       ],
       [
        34.6286068,
        31.7146823
       ],
       [
        34.5857765,
        31.7301488
       ],
       [
        34.6457677,
        31.8267924
       ],
       [
        34.7081125,
        31.8251772
       ]
      ]
     ]
    ],
    "type": "MultiPolygon"
   }
  },
  {
   "type": "Feature",
   "properties": {
    "code": "CTA-LLHS-2",
    "nameHe": "חצור מזרחי (CTA)",
    "nameEn": null,
    "zoneTypeCode": "CTA",
    "floorAmslFt": 1500,
    "ceilingAmslFt": 11000,
    "aglCeilingFt": null,
    "notes": "CTA | צבאי | source stamp 2023-01-23 | altitude unit unstated in source — adopted ft AMSL per producer's sibling files (verify in visual check)"
   },
   "geometry": {
    "coordinates": [
     [
      [
       [
        34.7361584,
        31.6773247
       ],
       [
        34.7266406,
        31.6925533
       ],
       [
        34.768995,
        31.7092095
       ],
       [
        34.7763713,
        31.715634
       ],
       [
        34.7666155,
        31.6666172
       ],
       [
        34.7361584,
        31.6773247
       ]
      ]
     ]
    ],
    "type": "MultiPolygon"
   }
  },
  {
   "type": "Feature",
   "properties": {
    "code": "CTA-LLIB",
    "nameHe": "ראש פינה",
    "nameEn": null,
    "zoneTypeCode": "CTA",
    "floorAmslFt": 2500,
    "ceilingAmslFt": 6000,
    "aglCeilingFt": null,
    "notes": "CTA | אזרחי | source stamp 2020-08-16 | altitude unit unstated in source — adopted ft AMSL per producer's sibling files (verify in visual check)"
   },
   "geometry": {
    "coordinates": [
     [
      [
       [
        35.5988139,
        32.9004305
       ],
       [
        35.5958333,
        32.8913889
       ],
       [
        35.5838889,
        32.8522222
       ],
       [
        35.4833333,
        32.8833333
       ],
       [
        35.5008333,
        32.92
       ],
       [
        35.5013977,
        32.9209765
       ],
       [
        35.501519,
        32.9208762
       ],
       [
        35.5017812,
        32.9206594
       ],
       [
        35.5024435,
        32.9201218
       ],
       [
        35.5031116,
        32.9195895
       ],
       [
        35.5037856,
        32.9190624
       ],
       [
        35.5044654,
        32.9185406
       ],
       [
        35.5051509,
        32.9180241
       ],
       [
        35.505842,
        32.917513
       ],
       [
        35.5065387,
        32.9170073
       ],
       [
        35.5072409,
        32.9165071
       ],
       [
        35.5079486,
        32.9160125
       ],
       [
        35.5086617,
        32.9155234
       ],
       [
        35.5093801,
        32.9150398
       ],
       [
        35.5101038,
        32.914562
       ],
       [
        35.5108328,
        32.9140898
       ],
       [
        35.5115668,
        32.9136233
       ],
       [
        35.512306,
        32.9131626
       ],
       [
        35.5130502,
        32.9127077
       ],
       [
        35.5137994,
        32.9122586
       ],
       [
        35.5145535,
        32.9118154
       ],
       [
        35.5153124,
        32.9113782
       ],
       [
        35.5160761,
        32.9109468
       ],
       [
        35.5168445,
        32.9105215
       ],
       [
        35.5176175,
        32.9101022
       ],
       [
        35.5183951,
        32.909689
       ],
       [
        35.5191773,
        32.9092819
       ],
       [
        35.5199638,
        32.9088809
       ],
       [
        35.5207547,
        32.9084861
       ],
       [
        35.5215499,
        32.9080975
       ],
       [
        35.5223494,
        32.9077151
       ],
       [
        35.523153,
        32.907339
       ],
       [
        35.5239607,
        32.9069692
       ],
       [
        35.5247725,
        32.9066057
       ],
       [
        35.5255882,
        32.9062486
       ],
       [
        35.5264078,
        32.9058979
       ],
       [
        35.5272312,
        32.9055536
       ],
       [
        35.5280583,
        32.9052158
       ],
       [
        35.5288892,
        32.9048844
       ],
       [
        35.5297236,
        32.9045596
       ],
       [
        35.5305615,
        32.9042413
       ],
       [
        35.531403,
        32.9039296
       ],
       [
        35.5322478,
        32.9036245
       ],
       [
        35.5330959,
        32.903326
       ],
       [
        35.5339473,
        32.9030341
       ],
       [
        35.5348018,
        32.902749
       ],
       [
        35.5356594,
        32.9024705
       ],
       [
        35.5365201,
        32.9021987
       ],
       [
        35.5373837,
        32.9019337
       ],
       [
        35.5382501,
        32.9016754
       ],
       [
        35.5391194,
        32.901424
       ],
       [
        35.5399914,
        32.9011793
       ],
       [
        35.540866,
        32.9009415
       ],
       [
        35.5417432,
        32.9007105
       ],
       [
        35.5426229,
        32.9004864
       ],
       [
        35.5435051,
        32.9002692
       ],
       [
        35.5443896,
        32.9000589
       ],
       [
        35.5452763,
        32.8998556
       ],
       [
        35.5461653,
        32.8996591
       ],
       [
        35.5470563,
        32.8994697
       ],
       [
        35.5479494,
        32.8992872
       ],
       [
        35.5488445,
        32.8991117
       ],
       [
        35.5497415,
        32.8989432
       ],
       [
        35.5506402,
        32.8987818
       ],
       [
        35.5515407,
        32.8986274
       ],
       [
        35.5524429,
        32.89848
       ],
       [
        35.5533466,
        32.8983397
       ],
       [
        35.5542519,
        32.8982065
       ],
       [
        35.5551586,
        32.8980803
       ],
       [
        35.5560666,
        32.8979613
       ],
       [
        35.5569758,
        32.8978493
       ],
       [
        35.5578863,
        32.8977445
       ],
       [
        35.5587979,
        32.8976468
       ],
       [
        35.5597105,
        32.8975563
       ],
       [
        35.5606241,
        32.8974729
       ],
       [
        35.5615385,
        32.8973966
       ],
       [
        35.5624538,
        32.8973275
       ],
       [
        35.5633697,
        32.8972655
       ],
       [
        35.5642863,
        32.8972108
       ],
       [
        35.5652035,
        32.8971632
       ],
       [
        35.5661211,
        32.8971227
       ],
       [
        35.5670392,
        32.8970895
       ],
       [
        35.5679576,
        32.8970634
       ],
       [
        35.5688762,
        32.8970445
       ],
       [
        35.569795,
        32.8970328
       ],
       [
        35.5707138,
        32.8970283
       ],
       [
        35.5716327,
        32.897031
       ],
       [
        35.5725515,
        32.8970409
       ],
       [
        35.5734702,
        32.8970579
       ],
       [
        35.5743887,
        32.8970822
       ],
       [
        35.5753068,
        32.8971136
       ],
       [
        35.5762245,
        32.8971522
       ],
       [
        35.5771418,
        32.897198
       ],
       [
        35.5780586,
        32.8972509
       ],
       [
        35.5789747,
        32.8973111
       ],
       [
        35.5798901,
        32.8973784
       ],
       [
        35.5808048,
        32.8974528
       ],
       [
        35.5817186,
        32.8975344
       ],
       [
        35.5826314,
        32.8976231
       ],
       [
        35.5835432,
        32.897719
       ],
       [
        35.584454,
        32.897822
       ],
       [
        35.5853636,
        32.8979321
       ],
       [
        35.5862719,
        32.8980494
       ],
       [
        35.5871789,
        32.8981737
       ],
       [
        35.5880845,
        32.8983051
       ],
       [
        35.5889886,
        32.8984436
       ],
       [
        35.5898912,
        32.8985892
       ],
       [
        35.5907921,
        32.8987418
       ],
       [
        35.5916913,
        32.8989015
       ],
       [
        35.5925887,
        32.8990682
       ],
       [
        35.5934842,
        32.8992419
       ],
       [
        35.5943778,
        32.8994226
       ],
       [
        35.5952694,
        32.8996103
       ],
       [
        35.5961588,
        32.8998049
       ],
       [
        35.5970461,
        32.9000065
       ],
       [
        35.5979312,
        32.900215
       ],
       [
        35.5988139,
        32.9004305
       ]
      ]
     ]
    ],
    "type": "MultiPolygon"
   }
  },
  {
   "type": "Feature",
   "properties": {
    "code": "CTA-LLNV",
    "nameHe": "נגב",
    "nameEn": null,
    "zoneTypeCode": "CTA",
    "floorAmslFt": 2800,
    "ceilingAmslFt": 4000,
    "aglCeilingFt": null,
    "notes": "CTA | צבאי | source stamp 2020-08-16 | altitude unit unstated in source — adopted ft AMSL per producer's sibling files (verify in visual check)"
   },
   "geometry": {
    "coordinates": [
     [
      [
       [
        35.1217686,
        31.2271281
       ],
       [
        35.2002336,
        31.2428494
       ],
       [
        35.1985048,
        31.1681737
       ],
       [
        35.1234352,
        31.1471264
       ],
       [
        35.1217686,
        31.2271281
       ]
      ]
     ]
    ],
    "type": "MultiPolygon"
   }
  },
  {
   "type": "Feature",
   "properties": {
    "code": "CTR-LL59",
    "nameHe": "פלמחים - דרומי",
    "nameEn": null,
    "zoneTypeCode": "CTR",
    "floorAmslFt": 0,
    "ceilingAmslFt": 4000,
    "aglCeilingFt": null,
    "notes": "CTR | צבאי | source stamp 2023-01-23 | altitude unit unstated in source — adopted ft AMSL per producer's sibling files (verify in visual check)"
   },
   "geometry": {
    "coordinates": [
     [
      [
       [
        34.5820507,
        31.9353506
       ],
       [
        34.6997137,
        31.9356534
       ],
       [
        34.7717494,
        31.9285468
       ],
       [
        34.7081125,
        31.8251772
       ],
       [
        34.6457677,
        31.8267924
       ],
       [
        34.616049,
        31.850212
       ],
       [
        34.5464361,
        31.8545729
       ],
       [
        34.5820507,
        31.9353506
       ]
      ]
     ]
    ],
    "type": "MultiPolygon"
   }
  },
  {
   "type": "Feature",
   "properties": {
    "code": "CTR-LL59-2",
    "nameHe": "פלמחים - צפוני",
    "nameEn": null,
    "zoneTypeCode": "CTR",
    "floorAmslFt": 0,
    "ceilingAmslFt": 1200,
    "aglCeilingFt": null,
    "notes": "CTR | צבאי | source stamp 2023-01-23 | altitude unit unstated in source — adopted ft AMSL per producer's sibling files (verify in visual check)"
   },
   "geometry": {
    "coordinates": [
     [
      [
       [
        34.7262354,
        31.9956982
       ],
       [
        34.7858012,
        31.9623034
       ],
       [
        34.7717494,
        31.9285468
       ],
       [
        34.6997137,
        31.9356534
       ],
       [
        34.5820507,
        31.9353506
       ],
       [
        34.610396,
        32.0015515
       ],
       [
        34.7218413,
        31.9981597
       ],
       [
        34.7262354,
        31.9956982
       ]
      ]
     ]
    ],
    "type": "MultiPolygon"
   }
  },
  {
   "type": "Feature",
   "properties": {
    "code": "CTR-LLBG",
    "nameHe": "נתבג",
    "nameEn": null,
    "zoneTypeCode": "CTR",
    "floorAmslFt": 0,
    "ceilingAmslFt": 2000,
    "aglCeilingFt": null,
    "notes": "CTR | אזרחי | source stamp 2020-08-16 | altitude unit unstated in source — adopted ft AMSL per producer's sibling files (verify in visual check)"
   },
   "geometry": {
    "coordinates": [
     [
      [
       [
        34.8822573,
        31.9147949
       ],
       [
        34.7701973,
        31.9260257
       ],
       [
        34.7701954,
        31.9260259
       ],
       [
        34.7717494,
        31.9285468
       ],
       [
        34.7858012,
        31.9623034
       ],
       [
        34.7263052,
        31.9956591
       ],
       [
        34.726726,
        31.9965585
       ],
       [
        34.7294392,
        32.0028817
       ],
       [
        34.7412341,
        32.0303583
       ],
       [
        34.7490032,
        32.0484466
       ],
       [
        34.7594493,
        32.0727549
       ],
       [
        34.7651626,
        32.0860436
       ],
       [
        34.7774995,
        32.0881322
       ],
       [
        34.8145961,
        32.0944047
       ],
       [
        34.8484684,
        32.1000649
       ],
       [
        34.8921881,
        32.1049527
       ],
       [
        34.9351647,
        32.0963575
       ],
       [
        35.0024824,
        32.0828618
       ],
       [
        34.9988967,
        32.0456402
       ],
       [
        34.9969845,
        32.0257749
       ],
       [
        34.9959463,
        32.0149847
       ],
       [
        34.9941118,
        31.9959094
       ],
       [
        34.9907071,
        31.9604812
       ],
       [
        34.986909,
        31.9209175
       ],
       [
        35.030002,
        31.8328444
       ],
       [
        34.9539757,
        31.8768097
       ],
       [
        34.8892413,
        31.9141777
       ],
       [
        34.8822573,
        31.9147949
       ]
      ]
     ]
    ],
    "type": "MultiPolygon"
   }
  },
  {
   "type": "Feature",
   "properties": {
    "code": "CTR-LLEK",
    "nameHe": "תל נוף-בח\"א 8 צפוני",
    "nameEn": null,
    "zoneTypeCode": "CTR",
    "floorAmslFt": 0,
    "ceilingAmslFt": 14000,
    "aglCeilingFt": null,
    "notes": "CTR | צבאי | source stamp 2023-01-23 | altitude unit unstated in source — adopted ft AMSL per producer's sibling files (verify in visual check)"
   },
   "geometry": {
    "coordinates": [
     [
      [
       [
        34.8822573,
        31.9147949
       ],
       [
        34.8958203,
        31.8360348
       ],
       [
        34.7168415,
        31.8393563
       ],
       [
        34.7168315,
        31.8393564
       ],
       [
        34.7701954,
        31.9260259
       ],
       [
        34.7701973,
        31.9260257
       ],
       [
        34.8822573,
        31.9147949
       ]
      ]
     ]
    ],
    "type": "MultiPolygon"
   }
  },
  {
   "type": "Feature",
   "properties": {
    "code": "CTR-LLEK-2",
    "nameHe": "תל נוף-בח\"א 8 דרומי",
    "nameEn": null,
    "zoneTypeCode": "CTR",
    "floorAmslFt": 0,
    "ceilingAmslFt": 11000,
    "aglCeilingFt": null,
    "notes": "CTR | צבאי | source stamp 2023-01-23 | altitude unit unstated in source — adopted ft AMSL per producer's sibling files (verify in visual check)"
   },
   "geometry": {
    "coordinates": [
     [
      [
       [
        34.9003412,
        31.8115263
       ],
       [
        34.8834471,
        31.7518019
       ],
       [
        34.8199154,
        31.7589402
       ],
       [
        34.7663776,
        31.8012946
       ],
       [
        34.7630463,
        31.8065295
       ],
       [
        34.7081125,
        31.8251772
       ],
       [
        34.7168315,
        31.8393564
       ],
       [
        34.7168415,
        31.8393563
       ],
       [
        34.8958203,
        31.8360348
       ],
       [
        34.9003412,
        31.8115263
       ]
      ]
     ]
    ],
    "type": "MultiPolygon"
   }
  },
  {
   "type": "Feature",
   "properties": {
    "code": "CTR-LLER",
    "nameHe": "אילן ואסף רמון - צפוני",
    "nameEn": null,
    "zoneTypeCode": "CTR",
    "floorAmslFt": 0,
    "ceilingAmslFt": 4000,
    "aglCeilingFt": null,
    "notes": "CTR | אזרחי | source stamp 2020-08-16 | altitude unit unstated in source — adopted ft AMSL per producer's sibling files (verify in visual check)"
   },
   "geometry": {
    "coordinates": [
     [
      [
       [
        35.0841993,
        29.8930097
       ],
       [
        34.9720291,
        29.8928928
       ],
       [
        34.9890297,
        29.9762828
       ],
       [
        35.0392573,
        29.9762875
       ],
       [
        35.0463889,
        30.0088889
       ],
       [
        35.0945287,
        29.9819331
       ],
       [
        35.0890138,
        29.9731339
       ],
       [
        35.0885524,
        29.9723976
       ],
       [
        35.0920223,
        29.9698616
       ],
       [
        35.0887333,
        29.9636146
       ],
       [
        35.0780405,
        29.9569747
       ],
       [
        35.0779582,
        29.9567715
       ],
       [
        35.0753505,
        29.9503299
       ],
       [
        35.0804444,
        29.9483999
       ],
       [
        35.0835931,
        29.9472068
       ],
       [
        35.0841033,
        29.9427981
       ],
       [
        35.0844099,
        29.9401481
       ],
       [
        35.0780668,
        29.9303516
       ],
       [
        35.0780433,
        29.9301886
       ],
       [
        35.077306,
        29.9250769
       ],
       [
        35.0804975,
        29.9232146
       ],
       [
        35.081628,
        29.9225549
       ],
       [
        35.0821914,
        29.9166584
       ],
       [
        35.0827887,
        29.910407
       ],
       [
        35.0830883,
        29.9067132
       ],
       [
        35.0833609,
        29.9033511
       ],
       [
        35.0841993,
        29.8930097
       ]
      ]
     ]
    ],
    "type": "MultiPolygon"
   }
  },
  {
   "type": "Feature",
   "properties": {
    "code": "CTR-LLER-2",
    "nameHe": "אילן ואסף רמון - דרומי",
    "nameEn": null,
    "zoneTypeCode": "CTR",
    "floorAmslFt": 0,
    "ceilingAmslFt": 6000,
    "aglCeilingFt": null,
    "notes": "CTR | אזרחי | source stamp 2020-08-16 | altitude unit unstated in source — adopted ft AMSL per producer's sibling files (verify in visual check)"
   },
   "geometry": {
    "coordinates": [
     [
      [
       [
        35.0841993,
        29.8930097
       ],
       [
        35.0845091,
        29.889188
       ],
       [
        35.0842571,
        29.8856893
       ],
       [
        35.0787639,
        29.8778167
       ],
       [
        35.0787123,
        29.8719309
       ],
       [
        35.0693451,
        29.8638909
       ],
       [
        35.0666314,
        29.8562607
       ],
       [
        35.0665563,
        29.8560497
       ],
       [
        35.061794,
        29.8487805
       ],
       [
        35.049815,
        29.8191117
       ],
       [
        35.0507037,
        29.8110504
       ],
       [
        35.0455241,
        29.8023231
       ],
       [
        35.0439683,
        29.7881604
       ],
       [
        35.031184,
        29.7760178
       ],
       [
        35.0310488,
        29.7755334
       ],
       [
        35.0247262,
        29.7528785
       ],
       [
        35.0164697,
        29.7231554
       ],
       [
        35.0129944,
        29.71113
       ],
       [
        35.0117692,
        29.69956
       ],
       [
        35.0114361,
        29.6964139
       ],
       [
        35.0206114,
        29.6721944
       ],
       [
        35.0203965,
        29.669709
       ],
       [
        35.019618,
        29.660705
       ],
       [
        35.0191611,
        29.6554196
       ],
       [
        35.0139863,
        29.6388345
       ],
       [
        35.000503,
        29.6219349
       ],
       [
        34.9960082,
        29.6119925
       ],
       [
        34.9932468,
        29.6068783
       ],
       [
        34.9905891,
        29.6019555
       ],
       [
        34.9895207,
        29.5992777
       ],
       [
        34.9870317,
        29.5930384
       ],
       [
        34.9822953,
        29.5857448
       ],
       [
        34.9786566,
        29.5768513
       ],
       [
        34.978385,
        29.5560025
       ],
       [
        34.9780452,
        29.5428372
       ],
       [
        34.9781733,
        29.5425379
       ],
       [
        34.9777693,
        29.5417252
       ],
       [
        34.9771775,
        29.5405346
       ],
       [
        34.976423,
        29.5390168
       ],
       [
        34.9732409,
        29.5326145
       ],
       [
        34.9705233,
        29.5271463
       ],
       [
        34.9664958,
        29.5190408
       ],
       [
        34.9552385,
        29.5011658
       ],
       [
        34.9514389,
        29.4951308
       ],
       [
        34.9336009,
        29.4667877
       ],
       [
        34.9334912,
        29.4666687
       ],
       [
        34.9,
        29.4666667
       ],
       [
        34.9029879,
        29.4881804
       ],
       [
        34.904258,
        29.491845
       ],
       [
        34.899365,
        29.503786
       ],
       [
        34.895865,
        29.512404
       ],
       [
        34.884902,
        29.527653
       ],
       [
        34.87721,
        29.543231
       ],
       [
        34.873089,
        29.579183
       ],
       [
        34.866833,
        29.597428
       ],
       [
        34.8687007,
        29.6010344
       ],
       [
        34.876242,
        29.615593
       ],
       [
        34.877971,
        29.644557
       ],
       [
        34.8724507,
        29.6553741
       ],
       [
        34.855962,
        29.687785
       ],
       [
        34.8543795,
        29.6967057
       ],
       [
        34.8538538,
        29.7033312
       ],
       [
        34.9124327,
        29.7264043
       ],
       [
        34.9351196,
        29.7662728
       ],
       [
        34.96,
        29.8338889
       ],
       [
        34.9720291,
        29.8928928
       ],
       [
        35.0210379,
        29.8929984
       ],
       [
        35.0841993,
        29.8930097
       ]
      ]
     ]
    ],
    "type": "MultiPolygon"
   }
  },
  {
   "type": "Feature",
   "properties": {
    "code": "CTR-LLHA",
    "nameHe": "חיפה",
    "nameEn": null,
    "zoneTypeCode": "CTR",
    "floorAmslFt": 0,
    "ceilingAmslFt": 3500,
    "aglCeilingFt": null,
    "notes": "CTR | אזרחי | ceiling raw 3000/3500 (envelope max adopted) | schedule: סופש/רגיל | source stamp 2022-01-11 | altitude unit unstated in source — adopted ft AMSL per producer's sibling files (verify in visual check)"
   },
   "geometry": {
    "coordinates": [
     [
      [
       [
        35.0716667,
        32.7530556
       ],
       [
        35.0308127,
        32.7497364
       ],
       [
        34.9419444,
        32.7944444
       ],
       [
        34.9419444,
        32.8258333
       ],
       [
        35.0725,
        32.9455556
       ],
       [
        35.0816667,
        32.9444444
       ],
       [
        35.0819444,
        32.9236111
       ],
       [
        35.0972222,
        32.9208333
       ],
       [
        35.1005556,
        32.8441667
       ],
       [
        35.1277778,
        32.8402778
       ],
       [
        35.0716667,
        32.7530556
       ]
      ]
     ]
    ],
    "type": "MultiPolygon"
   }
  },
  {
   "type": "Feature",
   "properties": {
    "code": "CTR-LLHB",
    "nameHe": "חצרים-בחא 6",
    "nameEn": null,
    "zoneTypeCode": "CTR",
    "floorAmslFt": 0,
    "ceilingAmslFt": 11000,
    "aglCeilingFt": null,
    "notes": "CTR | צבאי | source stamp 2023-01-23 | altitude unit unstated in source — adopted ft AMSL per producer's sibling files (verify in visual check)"
   },
   "geometry": {
    "coordinates": [
     [
      [
       [
        34.7006771,
        31.3341764
       ],
       [
        34.7388817,
        31.2719616
       ],
       [
        34.7935773,
        31.2452297
       ],
       [
        34.7996682,
        31.1380677
       ],
       [
        34.6670646,
        31.1007895
       ],
       [
        34.533824,
        31.2174141
       ],
       [
        34.4964405,
        31.2431868
       ],
       [
        34.4922229,
        31.3114378
       ],
       [
        34.6050781,
        31.3191697
       ],
       [
        34.6561788,
        31.3425526
       ],
       [
        34.7006771,
        31.3341764
       ]
      ]
     ]
    ],
    "type": "MultiPolygon"
   }
  },
  {
   "type": "Feature",
   "properties": {
    "code": "CTR-LLHS",
    "nameHe": "חצור כנף 4",
    "nameEn": null,
    "zoneTypeCode": "CTR",
    "floorAmslFt": 0,
    "ceilingAmslFt": 10000,
    "aglCeilingFt": null,
    "notes": "CTR | צבאי | source stamp 2021-06-10 | altitude unit unstated in source — adopted ft AMSL per producer's sibling files (verify in visual check)"
   },
   "geometry": {
    "coordinates": [
     [
      [
       [
        34.7663776,
        31.8012946
       ],
       [
        34.7827959,
        31.7615576
       ],
       [
        34.7764755,
        31.7163794
       ],
       [
        34.7763713,
        31.715634
       ],
       [
        34.768995,
        31.7092095
       ],
       [
        34.7266406,
        31.6925533
       ],
       [
        34.7361584,
        31.6773247
       ],
       [
        34.6286068,
        31.7146823
       ],
       [
        34.654305,
        31.7534675
       ],
       [
        34.6553652,
        31.7534806
       ],
       [
        34.6564219,
        31.7535563
       ],
       [
        34.6574699,
        31.7536944
       ],
       [
        34.6585042,
        31.753894
       ],
       [
        34.6595199,
        31.7541543
       ],
       [
        34.6605121,
        31.7544741
       ],
       [
        34.661476,
        31.7548517
       ],
       [
        34.6624071,
        31.7552853
       ],
       [
        34.6633008,
        31.755773
       ],
       [
        34.6641529,
        31.7563123
       ],
       [
        34.6649592,
        31.7569007
       ],
       [
        34.6657161,
        31.7575354
       ],
       [
        34.6664197,
        31.7582132
       ],
       [
        34.6670667,
        31.7589311
       ],
       [
        34.6676541,
        31.7596854
       ],
       [
        34.668179,
        31.7604727
       ],
       [
        34.6686389,
        31.7612891
       ],
       [
        34.6690316,
        31.7621308
       ],
       [
        34.6693553,
        31.7629936
       ],
       [
        34.6696082,
        31.7638735
       ],
       [
        34.6697893,
        31.7647662
       ],
       [
        34.6698977,
        31.7656676
       ],
       [
        34.6699329,
        31.7665731
       ],
       [
        34.6698946,
        31.7674786
       ],
       [
        34.6697831,
        31.7683796
       ],
       [
        34.6695989,
        31.7692719
       ],
       [
        34.6693428,
        31.7701511
       ],
       [
        34.6690162,
        31.7710132
       ],
       [
        34.6686205,
        31.7718538
       ],
       [
        34.6681577,
        31.772669
       ],
       [
        34.6676299,
        31.7734549
       ],
       [
        34.6921384,
        31.8048638
       ],
       [
        34.7081125,
        31.8251772
       ],
       [
        34.7630463,
        31.8065295
       ],
       [
        34.7663776,
        31.8012946
       ]
      ]
     ]
    ],
    "type": "MultiPolygon"
   }
  },
  {
   "type": "Feature",
   "properties": {
    "code": "CTR-LLHZ",
    "nameHe": "הרצליה",
    "nameEn": null,
    "zoneTypeCode": "CTR",
    "floorAmslFt": 0,
    "ceilingAmslFt": 2000,
    "aglCeilingFt": null,
    "notes": "CTR | אזרחי | source stamp 2020-08-16 | altitude unit unstated in source — adopted ft AMSL per producer's sibling files (verify in visual check)"
   },
   "geometry": {
    "coordinates": [
     [
      [
       [
        34.8906017,
        32.1803585
       ],
       [
        34.8936549,
        32.161918
       ],
       [
        34.8954515,
        32.1513257
       ],
       [
        34.8861999,
        32.1515671
       ],
       [
        34.8651758,
        32.1523716
       ],
       [
        34.8438568,
        32.1531762
       ],
       [
        34.8341493,
        32.153498
       ],
       [
        34.8324598,
        32.1535516
       ],
       [
        34.831709,
        32.1536857
       ],
       [
        34.8308777,
        32.1538466
       ],
       [
        34.829805,
        32.1540879
       ],
       [
        34.8288128,
        32.1543293
       ],
       [
        34.8278742,
        32.1545438
       ],
       [
        34.8269625,
        32.1547852
       ],
       [
        34.8259971,
        32.1550265
       ],
       [
        34.8249513,
        32.155241
       ],
       [
        34.8239054,
        32.1555092
       ],
       [
        34.8229132,
        32.155831
       ],
       [
        34.8221087,
        32.1561528
       ],
       [
        34.8211165,
        32.1565282
       ],
       [
        34.8203389,
        32.1568768
       ],
       [
        34.8195075,
        32.1572523
       ],
       [
        34.818569,
        32.1577618
       ],
       [
        34.817684,
        32.1582176
       ],
       [
        34.8167991,
        32.1586735
       ],
       [
        34.8159142,
        32.159183
       ],
       [
        34.8151097,
        32.1597462
       ],
       [
        34.8142247,
        32.1603897
       ],
       [
        34.8130448,
        32.1611942
       ],
       [
        34.8123744,
        32.1617574
       ],
       [
        34.8117308,
        32.1622937
       ],
       [
        34.8111945,
        32.1627764
       ],
       [
        34.8105241,
        32.1633931
       ],
       [
        34.8098805,
        32.1640904
       ],
       [
        34.8091565,
        32.164868
       ],
       [
        34.8085933,
        32.1655384
       ],
       [
        34.8080034,
        32.1662625
       ],
       [
        34.8073598,
        32.1671206
       ],
       [
        34.8069575,
        32.1677642
       ],
       [
        34.8065285,
        32.168515
       ],
       [
        34.8060726,
        32.1692658
       ],
       [
        34.8056435,
        32.1700703
       ],
       [
        34.8052145,
        32.1709553
       ],
       [
        34.8048927,
        32.1717597
       ],
       [
        34.8045709,
        32.172591
       ],
       [
        34.8043027,
        32.1733955
       ],
       [
        34.8040614,
        32.1741464
       ],
       [
        34.80382,
        32.1749508
       ],
       [
        34.8036323,
        32.1757285
       ],
       [
        34.8034714,
        32.1765598
       ],
       [
        34.8033374,
        32.1772302
       ],
       [
        34.8032301,
        32.1779542
       ],
       [
        34.8031228,
        32.1787319
       ],
       [
        34.8030692,
        32.1794827
       ],
       [
        34.8030156,
        32.1801799
       ],
       [
        34.8029966,
        32.1808446
       ],
       [
        34.8029888,
        32.1814135
       ],
       [
        34.8030478,
        32.1814128
       ],
       [
        34.8029888,
        32.1814135
       ],
       [
        34.8029939,
        32.1815475
       ],
       [
        34.8030045,
        32.1817405
       ],
       [
        34.8030169,
        32.1819391
       ],
       [
        34.8030384,
        32.1823814
       ],
       [
        34.8030684,
        32.1828233
       ],
       [
        34.8031069,
        32.1832648
       ],
       [
        34.8031539,
        32.1837056
       ],
       [
        34.8032093,
        32.1841458
       ],
       [
        34.8032733,
        32.1845851
       ],
       [
        34.8033456,
        32.1850235
       ],
       [
        34.8034264,
        32.1854608
       ],
       [
        34.8035156,
        32.185897
       ],
       [
        34.8036132,
        32.1863318
       ],
       [
        34.8037192,
        32.1867652
       ],
       [
        34.8038334,
        32.1871971
       ],
       [
        34.803956,
        32.1876273
       ],
       [
        34.8040868,
        32.1880558
       ],
       [
        34.8042258,
        32.1884824
       ],
       [
        34.8043731,
        32.188907
       ],
       [
        34.8045285,
        32.1893295
       ],
       [
        34.804692,
        32.1897498
       ],
       [
        34.8048635,
        32.1901677
       ],
       [
        34.8050431,
        32.1905833
       ],
       [
        34.8052307,
        32.1909962
       ],
       [
        34.8054262,
        32.1914065
       ],
       [
        34.8056295,
        32.191814
       ],
       [
        34.8058407,
        32.1922186
       ],
       [
        34.8060596,
        32.1926203
       ],
       [
        34.8062863,
        32.1930188
       ],
       [
        34.8065205,
        32.1934141
       ],
       [
        34.8067624,
        32.1938061
       ],
       [
        34.8070117,
        32.1941947
       ],
       [
        34.8072685,
        32.1945798
       ],
       [
        34.8075327,
        32.1949612
       ],
       [
        34.8078042,
        32.195339
       ],
       [
        34.8080829,
        32.1957129
       ],
       [
        34.8083688,
        32.1960828
       ],
       [
        34.8086618,
        32.1964488
       ],
       [
        34.8089617,
        32.1968106
       ],
       [
        34.8092686,
        32.1971681
       ],
       [
        34.8095824,
        32.1975214
       ],
       [
        34.8099029,
        32.1978703
       ],
       [
        34.81023,
        32.1982146
       ],
       [
        34.8105638,
        32.1985544
       ],
       [
        34.810904,
        32.1988894
       ],
       [
        34.8112507,
        32.1992197
       ],
       [
        34.8116036,
        32.1995451
       ],
       [
        34.8119628,
        32.1998656
       ],
       [
        34.8123281,
        32.200181
       ],
       [
        34.8126994,
        32.2004913
       ],
       [
        34.8130767,
        32.2007964
       ],
       [
        34.8134598,
        32.2010962
       ],
       [
        34.8138485,
        32.2013906
       ],
       [
        34.8142429,
        32.2016796
       ],
       [
        34.8146429,
        32.201963
       ],
       [
        34.8150482,
        32.2022409
       ],
       [
        34.8154588,
        32.202513
       ],
       [
        34.8158746,
        32.2027794
       ],
       [
        34.8162955,
        32.20304
       ],
       [
        34.8167213,
        32.2032947
       ],
       [
        34.817152,
        32.2035435
       ],
       [
        34.8175874,
        32.2037862
       ],
       [
        34.8180274,
        32.2040228
       ],
       [
        34.8184719,
        32.2042533
       ],
       [
        34.8189208,
        32.2044776
       ],
       [
        34.819374,
        32.2046955
       ],
       [
        34.8198313,
        32.2049072
       ],
       [
        34.8202926,
        32.2051124
       ],
       [
        34.8207578,
        32.2053112
       ],
       [
        34.8212268,
        32.2055035
       ],
       [
        34.8216994,
        32.2056893
       ],
       [
        34.8221755,
        32.2058684
       ],
       [
        34.822655,
        32.206041
       ],
       [
        34.8231378,
        32.2062068
       ],
       [
        34.8236236,
        32.2063658
       ],
       [
        34.8241125,
        32.2065181
       ],
       [
        34.8246043,
        32.2066636
       ],
       [
        34.8250988,
        32.2068022
       ],
       [
        34.8255959,
        32.2069339
       ],
       [
        34.8260954,
        32.2070586
       ],
       [
        34.8265973,
        32.2071764
       ],
       [
        34.8271014,
        32.2072872
       ],
       [
        34.8276076,
        32.207391
       ],
       [
        34.8281157,
        32.2074877
       ],
       [
        34.8286255,
        32.2075773
       ],
       [
        34.8291371,
        32.2076599
       ],
       [
        34.8296501,
        32.2077353
       ],
       [
        34.8306803,
        32.2078646
       ],
       [
        34.8836505,
        32.2184595
       ],
       [
        34.8906017,
        32.1803585
       ]
      ]
     ]
    ],
    "type": "MultiPolygon"
   }
  },
  {
   "type": "Feature",
   "properties": {
    "code": "CTR-LLIB",
    "nameHe": "ראש פינה",
    "nameEn": null,
    "zoneTypeCode": "CTR",
    "floorAmslFt": 0,
    "ceilingAmslFt": 6000,
    "aglCeilingFt": null,
    "notes": "CTR | אזרחי | source stamp 2020-08-16 | altitude unit unstated in source — adopted ft AMSL per producer's sibling files (verify in visual check)"
   },
   "geometry": {
    "coordinates": [
     [
      [
       [
        35.5688762,
        32.8970445
       ],
       [
        35.5679576,
        32.8970634
       ],
       [
        35.5670392,
        32.8970895
       ],
       [
        35.5661211,
        32.8971227
       ],
       [
        35.5652035,
        32.8971632
       ],
       [
        35.5642863,
        32.8972108
       ],
       [
        35.5633697,
        32.8972655
       ],
       [
        35.5624538,
        32.8973275
       ],
       [
        35.5615385,
        32.8973966
       ],
       [
        35.5606241,
        32.8974729
       ],
       [
        35.5597105,
        32.8975563
       ],
       [
        35.5587979,
        32.8976468
       ],
       [
        35.5578863,
        32.8977445
       ],
       [
        35.5569758,
        32.8978493
       ],
       [
        35.5560666,
        32.8979613
       ],
       [
        35.5551586,
        32.8980803
       ],
       [
        35.5542519,
        32.8982065
       ],
       [
        35.5533466,
        32.8983397
       ],
       [
        35.5524429,
        32.89848
       ],
       [
        35.5515407,
        32.8986274
       ],
       [
        35.5506402,
        32.8987818
       ],
       [
        35.5497415,
        32.8989432
       ],
       [
        35.5488445,
        32.8991117
       ],
       [
        35.5479494,
        32.8992872
       ],
       [
        35.5470563,
        32.8994697
       ],
       [
        35.5461653,
        32.8996591
       ],
       [
        35.5452763,
        32.8998556
       ],
       [
        35.5443896,
        32.9000589
       ],
       [
        35.5435051,
        32.9002692
       ],
       [
        35.5426229,
        32.9004864
       ],
       [
        35.5417432,
        32.9007105
       ],
       [
        35.540866,
        32.9009415
       ],
       [
        35.5399914,
        32.9011793
       ],
       [
        35.5391194,
        32.901424
       ],
       [
        35.5382501,
        32.9016754
       ],
       [
        35.5373837,
        32.9019337
       ],
       [
        35.5365201,
        32.9021987
       ],
       [
        35.5356594,
        32.9024705
       ],
       [
        35.5348018,
        32.902749
       ],
       [
        35.5339473,
        32.9030341
       ],
       [
        35.5330959,
        32.903326
       ],
       [
        35.5322478,
        32.9036245
       ],
       [
        35.531403,
        32.9039296
       ],
       [
        35.5305615,
        32.9042413
       ],
       [
        35.5297236,
        32.9045596
       ],
       [
        35.5288892,
        32.9048844
       ],
       [
        35.5280583,
        32.9052158
       ],
       [
        35.5272312,
        32.9055536
       ],
       [
        35.5264078,
        32.9058979
       ],
       [
        35.5255882,
        32.9062486
       ],
       [
        35.5247725,
        32.9066057
       ],
       [
        35.5239607,
        32.9069692
       ],
       [
        35.523153,
        32.907339
       ],
       [
        35.5223494,
        32.9077151
       ],
       [
        35.5215499,
        32.9080975
       ],
       [
        35.5207547,
        32.9084861
       ],
       [
        35.5199638,
        32.9088809
       ],
       [
        35.5191773,
        32.9092819
       ],
       [
        35.5183951,
        32.909689
       ],
       [
        35.5176175,
        32.9101022
       ],
       [
        35.5168445,
        32.9105215
       ],
       [
        35.5160761,
        32.9109468
       ],
       [
        35.5153124,
        32.9113782
       ],
       [
        35.5145535,
        32.9118154
       ],
       [
        35.5137994,
        32.9122586
       ],
       [
        35.5130502,
        32.9127077
       ],
       [
        35.512306,
        32.9131626
       ],
       [
        35.5115668,
        32.9136233
       ],
       [
        35.5108328,
        32.9140898
       ],
       [
        35.5101038,
        32.914562
       ],
       [
        35.5093801,
        32.9150398
       ],
       [
        35.5086617,
        32.9155234
       ],
       [
        35.5079486,
        32.9160125
       ],
       [
        35.5072409,
        32.9165071
       ],
       [
        35.5065387,
        32.9170073
       ],
       [
        35.505842,
        32.917513
       ],
       [
        35.5051509,
        32.9180241
       ],
       [
        35.5044654,
        32.9185406
       ],
       [
        35.5037856,
        32.9190624
       ],
       [
        35.5031116,
        32.9195895
       ],
       [
        35.5024435,
        32.9201218
       ],
       [
        35.5017812,
        32.9206594
       ],
       [
        35.501519,
        32.9208762
       ],
       [
        35.5013977,
        32.9209765
       ],
       [
        35.5011248,
        32.9212021
       ],
       [
        35.5004744,
        32.9217499
       ],
       [
        35.4998301,
        32.9223028
       ],
       [
        35.4991919,
        32.9228608
       ],
       [
        35.4985599,
        32.9234236
       ],
       [
        35.497934,
        32.9239914
       ],
       [
        35.4973144,
        32.9245641
       ],
       [
        35.4967012,
        32.9251416
       ],
       [
        35.4960943,
        32.9257239
       ],
       [
        35.4954938,
        32.9263109
       ],
       [
        35.4948999,
        32.9269025
       ],
       [
        35.4943124,
        32.9274988
       ],
       [
        35.4937315,
        32.9280997
       ],
       [
        35.4931573,
        32.928705
       ],
       [
        35.4925897,
        32.9293149
       ],
       [
        35.4920289,
        32.9299291
       ],
       [
        35.4914748,
        32.9305477
       ],
       [
        35.4909276,
        32.9311706
       ],
       [
        35.4903872,
        32.9317978
       ],
       [
        35.4898538,
        32.9324292
       ],
       [
        35.4893273,
        32.9330647
       ],
       [
        35.4888079,
        32.9337043
       ],
       [
        35.4882954,
        32.934348
       ],
       [
        35.4877901,
        32.9349956
       ],
       [
        35.4872919,
        32.9356472
       ],
       [
        35.486801,
        32.9363026
       ],
       [
        35.4863172,
        32.9369618
       ],
       [
        35.4858407,
        32.9376248
       ],
       [
        35.4853715,
        32.9382915
       ],
       [
        35.4849097,
        32.9389618
       ],
       [
        35.4844552,
        32.9396357
       ],
       [
        35.4840082,
        32.9403132
       ],
       [
        35.4835687,
        32.9409941
       ],
       [
        35.4831367,
        32.9416784
       ],
       [
        35.4827122,
        32.9423661
       ],
       [
        35.4822953,
        32.943057
       ],
       [
        35.481886,
        32.9437512
       ],
       [
        35.4814843,
        32.9444486
       ],
       [
        35.4810904,
        32.9451491
       ],
       [
        35.4807041,
        32.9458526
       ],
       [
        35.4803257,
        32.9465591
       ],
       [
        35.479955,
        32.9472686
       ],
       [
        35.4795921,
        32.9479809
       ],
       [
        35.4792371,
        32.948696
       ],
       [
        35.4788899,
        32.9494139
       ],
       [
        35.4785507,
        32.9501344
       ],
       [
        35.4782194,
        32.9508576
       ],
       [
        35.4778961,
        32.9515833
       ],
       [
        35.4775808,
        32.9523116
       ],
       [
        35.4772735,
        32.9530423
       ],
       [
        35.4769743,
        32.9537753
       ],
       [
        35.4766831,
        32.9545107
       ],
       [
        35.4764,
        32.9552483
       ],
       [
        35.4761251,
        32.955988
       ],
       [
        35.4758583,
        32.9567299
       ],
       [
        35.4755997,
        32.9574739
       ],
       [
        35.4753493,
        32.9582198
       ],
       [
        35.4751071,
        32.9589677
       ],
       [
        35.4748732,
        32.9597175
       ],
       [
        35.4746475,
        32.960469
       ],
       [
        35.4744301,
        32.9612223
       ],
       [
        35.4742209,
        32.9619772
       ],
       [
        35.4740201,
        32.9627337
       ],
       [
        35.4738277,
        32.9634918
       ],
       [
        35.4736436,
        32.9642514
       ],
       [
        35.4734678,
        32.9650123
       ],
       [
        35.4733005,
        32.9657746
       ],
       [
        35.4731415,
        32.9665382
       ],
       [
        35.472991,
        32.967303
       ],
       [
        35.4728488,
        32.9680689
       ],
       [
        35.4727152,
        32.9688359
       ],
       [
        35.4725899,
        32.969604
       ],
       [
        35.4724731,
        32.9703729
       ],
       [
        35.4723648,
        32.9711428
       ],
       [
        35.472265,
        32.9719134
       ],
       [
        35.4721737,
        32.9726849
       ],
       [
        35.4720908,
        32.973457
       ],
       [
        35.4720165,
        32.9742297
       ],
       [
        35.4719506,
        32.9750029
       ],
       [
        35.4718933,
        32.9757767
       ],
       [
        35.4718445,
        32.9765508
       ],
       [
        35.4718043,
        32.9773253
       ],
       [
        35.4717725,
        32.9781001
       ],
       [
        35.4717493,
        32.9788751
       ],
       [
        35.4717346,
        32.9796502
       ],
       [
        35.4717285,
        32.9804255
       ],
       [
        35.4717309,
        32.9812007
       ],
       [
        35.4717418,
        32.9819759
       ],
       [
        35.4717613,
        32.982751
       ],
       [
        35.4717893,
        32.9835259
       ],
       [
        35.4718259,
        32.9843005
       ],
       [
        35.4718709,
        32.9850748
       ],
       [
        35.4719245,
        32.9858487
       ],
       [
        35.4719867,
        32.9866222
       ],
       [
        35.4720573,
        32.9873952
       ],
       [
        35.4721365,
        32.9881675
       ],
       [
        35.4722241,
        32.9889392
       ],
       [
        35.4723203,
        32.9897102
       ],
       [
        35.4724249,
        32.9904804
       ],
       [
        35.472538,
        32.9912498
       ],
       [
        35.4726596,
        32.9920182
       ],
       [
        35.4727896,
        32.9927857
       ],
       [
        35.4729281,
        32.9935521
       ],
       [
        35.4730751,
        32.9943174
       ],
       [
        35.4732304,
        32.9950815
       ],
       [
        35.4733942,
        32.9958444
       ],
       [
        35.4735664,
        32.9966059
       ],
       [
        35.4737469,
        32.9973661
       ],
       [
        35.4739359,
        32.9981248
       ],
       [
        35.4741331,
        32.998882
       ],
       [
        35.4743387,
        32.9996376
       ],
       [
        35.4745527,
        33.0003916
       ],
       [
        35.4747749,
        33.0011439
       ],
       [
        35.4750054,
        33.0018944
       ],
       [
        35.4752441,
        33.0026431
       ],
       [
        35.4754912,
        33.0033899
       ],
       [
        35.4757464,
        33.0041347
       ],
       [
        35.4760098,
        33.0048775
       ],
       [
        35.4762814,
        33.0056182
       ],
       [
        35.4765611,
        33.0063567
       ],
       [
        35.476849,
        33.007093
       ],
       [
        35.477145,
        33.0078271
       ],
       [
        35.4774491,
        33.0085588
       ],
       [
        35.4777612,
        33.009288
       ],
       [
        35.4780813,
        33.0100148
       ],
       [
        35.4784094,
        33.0107391
       ],
       [
        35.4787455,
        33.0114608
       ],
       [
        35.4790896,
        33.0121798
       ],
       [
        35.4794415,
        33.0128961
       ],
       [
        35.4798014,
        33.0136096
       ],
       [
        35.4801691,
        33.0143202
       ],
       [
        35.4805446,
        33.015028
       ],
       [
        35.4809278,
        33.0157327
       ],
       [
        35.4813189,
        33.0164345
       ],
       [
        35.4817177,
        33.0171332
       ],
       [
        35.4821241,
        33.0178287
       ],
       [
        35.4825382,
        33.018521
       ],
       [
        35.4829599,
        33.01921
       ],
       [
        35.4833892,
        33.0198957
       ],
       [
        35.4838261,
        33.020578
       ],
       [
        35.4842704,
        33.0212569
       ],
       [
        35.4847222,
        33.0219323
       ],
       [
        35.4851814,
        33.0226041
       ],
       [
        35.4856481,
        33.0232722
       ],
       [
        35.486122,
        33.0239367
       ],
       [
        35.4866033,
        33.0245975
       ],
       [
        35.4870919,
        33.0252545
       ],
       [
        35.4875877,
        33.0259076
       ],
       [
        35.4880906,
        33.0265568
       ],
       [
        35.4886007,
        33.027202
       ],
       [
        35.4891179,
        33.0278433
       ],
       [
        35.4896421,
        33.0284804
       ],
       [
        35.4901734,
        33.0291135
       ],
       [
        35.4907116,
        33.0297423
       ],
       [
        35.4912567,
        33.0303669
       ],
       [
        35.4918087,
        33.0309872
       ],
       [
        35.4923675,
        33.0316032
       ],
       [
        35.492933,
        33.0322148
       ],
       [
        35.4935053,
        33.0328219
       ],
       [
        35.4940843,
        33.0334245
       ],
       [
        35.4946699,
        33.0340226
       ],
       [
        35.495262,
        33.034616
       ],
       [
        35.4958607,
        33.0352048
       ],
       [
        35.4964659,
        33.0357889
       ],
       [
        35.4970774,
        33.0363683
       ],
       [
        35.4976954,
        33.0369428
       ],
       [
        35.4983196,
        33.0375125
       ],
       [
        35.4989501,
        33.0380772
       ],
       [
        35.4995868,
        33.038637
       ],
       [
        35.5002297,
        33.0391918
       ],
       [
        35.5008786,
        33.0397416
       ],
       [
        35.5015336,
        33.0402862
       ],
       [
        35.5021946,
        33.0408257
       ],
       [
        35.5028615,
        33.04136
       ],
       [
        35.5035342,
        33.0418891
       ],
       [
        35.5042128,
        33.0424128
       ],
       [
        35.5048971,
        33.0429313
       ],
       [
        35.5055871,
        33.0434443
       ],
       [
        35.5062828,
        33.043952
       ],
       [
        35.506984,
        33.0444542
       ],
       [
        35.5076907,
        33.0449509
       ],
       [
        35.5084029,
        33.045442
       ],
       [
        35.5091205,
        33.0459275
       ],
       [
        35.5098434,
        33.0464074
       ],
       [
        35.5105715,
        33.0468816
       ],
       [
        35.5113049,
        33.0473502
       ],
       [
        35.5120434,
        33.0478129
       ],
       [
        35.512787,
        33.0482699
       ],
       [
        35.5135355,
        33.048721
       ],
       [
        35.5142891,
        33.0491662
       ],
       [
        35.5150475,
        33.0496056
       ],
       [
        35.5158107,
        33.0500389
       ],
       [
        35.5165787,
        33.0504663
       ],
       [
        35.5173514,
        33.0508877
       ],
       [
        35.5181286,
        33.051303
       ],
       [
        35.5189105,
        33.0517122
       ],
       [
        35.5196968,
        33.0521153
       ],
       [
        35.5204875,
        33.0525122
       ],
       [
        35.5212826,
        33.0529029
       ],
       [
        35.5220819,
        33.0532873
       ],
       [
        35.5228855,
        33.0536655
       ],
       [
        35.5236932,
        33.0540374
       ],
       [
        35.524505,
        33.054403
       ],
       [
        35.5253208,
        33.0547621
       ],
       [
        35.5261405,
        33.0551149
       ],
       [
        35.526964,
        33.0554613
       ],
       [
        35.5277914,
        33.0558012
       ],
       [
        35.5286224,
        33.0561346
       ],
       [
        35.5294571,
        33.0564615
       ],
       [
        35.5302954,
        33.0567819
       ],
       [
        35.5311372,
        33.0570957
       ],
       [
        35.5319824,
        33.0574029
       ],
       [
        35.532831,
        33.0577034
       ],
       [
        35.5336828,
        33.0579974
       ],
       [
        35.5345379,
        33.0582846
       ],
       [
        35.5353961,
        33.0585651
       ],
       [
        35.5362573,
        33.058839
       ],
       [
        35.5371216,
        33.059106
       ],
       [
        35.5379887,
        33.0593663
       ],
       [
        35.5388587,
        33.0596198
       ],
       [
        35.5397314,
        33.0598665
       ],
       [
        35.5406069,
        33.0601063
       ],
       [
        35.5414849,
        33.0603393
       ],
       [
        35.5423655,
        33.0605654
       ],
       [
        35.5432485,
        33.0607847
       ],
       [
        35.5441339,
        33.0609969
       ],
       [
        35.5450216,
        33.0612023
       ],
       [
        35.5459116,
        33.0614007
       ],
       [
        35.5468037,
        33.0615922
       ],
       [
        35.5476979,
        33.0617766
       ],
       [
        35.548594,
        33.061954
       ],
       [
        35.5494921,
        33.0621245
       ],
       [
        35.5503921,
        33.0622879
       ],
       [
        35.5512938,
        33.0624442
       ],
       [
        35.5521972,
        33.0625935
       ],
       [
        35.5531022,
        33.0627357
       ],
       [
        35.5540087,
        33.0628709
       ],
       [
        35.5549167,
        33.0629989
       ],
       [
        35.555826,
        33.0631198
       ],
       [
        35.5567367,
        33.0632336
       ],
       [
        35.5576485,
        33.0633403
       ],
       [
        35.5585615,
        33.0634399
       ],
       [
        35.5594756,
        33.0635323
       ],
       [
        35.5603906,
        33.0636175
       ],
       [
        35.5613066,
        33.0636956
       ],
       [
        35.5622234,
        33.0637665
       ],
       [
        35.5631409,
        33.0638302
       ],
       [
        35.564059,
        33.0638868
       ],
       [
        35.5649778,
        33.0639362
       ],
       [
        35.5658971,
        33.0639784
       ],
       [
        35.5668168,
        33.0640134
       ],
       [
        35.5677368,
        33.0640412
       ],
       [
        35.5686571,
        33.0640618
       ],
       [
        35.5695776,
        33.0640752
       ],
       [
        35.5704982,
        33.0640814
       ],
       [
        35.5714188,
        33.0640804
       ],
       [
        35.5723394,
        33.0640722
       ],
       [
        35.5732598,
        33.0640568
       ],
       [
        35.5741801,
        33.0640342
       ],
       [
        35.5751,
        33.0640044
       ],
       [
        35.5760196,
        33.0639674
       ],
       [
        35.5769387,
        33.0639232
       ],
       [
        35.5778573,
        33.0638718
       ],
       [
        35.5787753,
        33.0638133
       ],
       [
        35.5796926,
        33.0637475
       ],
       [
        35.5806091,
        33.0636746
       ],
       [
        35.5815248,
        33.0635945
       ],
       [
        35.5824396,
        33.0635073
       ],
       [
        35.5833534,
        33.0634129
       ],
       [
        35.584266,
        33.0633114
       ],
       [
        35.5851776,
        33.0632027
       ],
       [
        35.5860878,
        33.063087
       ],
       [
        35.5869968,
        33.0629641
       ],
       [
        35.5879044,
        33.0628341
       ],
       [
        35.5888105,
        33.062697
       ],
       [
        35.589715,
        33.0625528
       ],
       [
        35.5906179,
        33.0624015
       ],
       [
        35.5915191,
        33.0622432
       ],
       [
        35.5924185,
        33.0620779
       ],
       [
        35.5933161,
        33.0619055
       ],
       [
        35.5942117,
        33.0617261
       ],
       [
        35.5951053,
        33.0615397
       ],
       [
        35.5959967,
        33.0613464
       ],
       [
        35.5968861,
        33.061146
       ],
       [
        35.5977731,
        33.0609388
       ],
       [
        35.5986578,
        33.0607246
       ],
       [
        35.5995402,
        33.0605034
       ],
       [
        35.60042,
        33.0602754
       ],
       [
        35.6012973,
        33.0600405
       ],
       [
        35.602172,
        33.0597988
       ],
       [
        35.6030439,
        33.0595502
       ],
       [
        35.6039131,
        33.0592949
       ],
       [
        35.6047794,
        33.0590327
       ],
       [
        35.6056428,
        33.0587638
       ],
       [
        35.6065032,
        33.0584881
       ],
       [
        35.6073605,
        33.0582057
       ],
       [
        35.6082146,
        33.0579166
       ],
       [
        35.6090655,
        33.0576209
       ],
       [
        35.6099131,
        33.0573185
       ],
       [
        35.6107574,
        33.0570095
       ],
       [
        35.6115982,
        33.0566939
       ],
       [
        35.6124354,
        33.0563717
       ],
       [
        35.6132691,
        33.056043
       ],
       [
        35.6140991,
        33.0557078
       ],
       [
        35.6149254,
        33.0553661
       ],
       [
        35.6157478,
        33.055018
       ],
       [
        35.6165664,
        33.0546635
       ],
       [
        35.617381,
        33.0543025
       ],
       [
        35.6181917,
        33.0539352
       ],
       [
        35.6189982,
        33.0535616
       ],
       [
        35.6198005,
        33.0531817
       ],
       [
        35.6205987,
        33.0527956
       ],
       [
        35.6213925,
        33.0524032
       ],
       [
        35.622182,
        33.0520046
       ],
       [
        35.622967,
        33.0515998
       ],
       [
        35.6237476,
        33.051189
       ],
       [
        35.6245235,
        33.050772
       ],
       [
        35.6252949,
        33.050349
       ],
       [
        35.6260615,
        33.04992
       ],
       [
        35.6268234,
        33.049485
       ],
       [
        35.6275804,
        33.0490441
       ],
       [
        35.6283325,
        33.0485972
       ],
       [
        35.6290797,
        33.0481445
       ],
       [
        35.6298218,
        33.047686
       ],
       [
        35.6305588,
        33.0472217
       ],
       [
        35.6312907,
        33.0467516
       ],
       [
        35.6320174,
        33.0462759
       ],
       [
        35.6327388,
        33.0457944
       ],
       [
        35.6334548,
        33.0453074
       ],
       [
        35.6341655,
        33.0448148
       ],
       [
        35.6348706,
        33.0443166
       ],
       [
        35.6355703,
        33.043813
       ],
       [
        35.6362643,
        33.0433039
       ],
       [
        35.6369527,
        33.0427893
       ],
       [
        35.6376354,
        33.0422695
       ],
       [
        35.6383123,
        33.0417443
       ],
       [
        35.6389834,
        33.0412138
       ],
       [
        35.6396487,
        33.0406781
       ],
       [
        35.6403079,
        33.0401372
       ],
       [
        35.6409612,
        33.0395912
       ],
       [
        35.6416085,
        33.0390402
       ],
       [
        35.6422496,
        33.038484
       ],
       [
        35.6428846,
        33.0379229
       ],
       [
        35.6435133,
        33.0373568
       ],
       [
        35.6441358,
        33.0367859
       ],
       [
        35.6447519,
        33.0362101
       ],
       [
        35.6453617,
        33.0356295
       ],
       [
        35.645965,
        33.0350442
       ],
       [
        35.6465619,
        33.0344541
       ],
       [
        35.6471522,
        33.0338595
       ],
       [
        35.6477359,
        33.0332602
       ],
       [
        35.648313,
        33.0326564
       ],
       [
        35.6488834,
        33.0320481
       ],
       [
        35.6494471,
        33.0314354
       ],
       [
        35.650004,
        33.0308182
       ],
       [
        35.6505541,
        33.0301968
       ],
       [
        35.6510972,
        33.0295711
       ],
       [
        35.6516335,
        33.0289412
       ],
       [
        35.6521628,
        33.0283071
       ],
       [
        35.6526851,
        33.0276688
       ],
       [
        35.6532003,
        33.0270266
       ],
       [
        35.6537084,
        33.0263803
       ],
       [
        35.6542093,
        33.0257301
       ],
       [
        35.6547031,
        33.025076
       ],
       [
        35.6551896,
        33.024418
       ],
       [
        35.6556689,
        33.0237563
       ],
       [
        35.6561408,
        33.0230908
       ],
       [
        35.6566054,
        33.0224217
       ],
       [
        35.6570626,
        33.021749
       ],
       [
        35.6575123,
        33.0210728
       ],
       [
        35.6572268,
        33.0185673
       ],
       [
        35.6426862,
        32.923054
       ],
       [
        35.6423054,
        32.9227165
       ],
       [
        35.6416656,
        32.9221599
       ],
       [
        35.6410198,
        32.9216083
       ],
       [
        35.6403679,
        32.9210618
       ],
       [
        35.6397101,
        32.9205205
       ],
       [
        35.6390463,
        32.9199843
       ],
       [
        35.6383767,
        32.9194533
       ],
       [
        35.6377013,
        32.9189276
       ],
       [
        35.6370201,
        32.9184072
       ],
       [
        35.6363332,
        32.9178922
       ],
       [
        35.6356407,
        32.9173825
       ],
       [
        35.6349426,
        32.9168783
       ],
       [
        35.6342391,
        32.9163795
       ],
       [
        35.63353,
        32.9158863
       ],
       [
        35.6328156,
        32.9153987
       ],
       [
        35.6320959,
        32.9149166
       ],
       [
        35.6313708,
        32.9144402
       ],
       [
        35.6306406,
        32.9139695
       ],
       [
        35.6299053,
        32.9135046
       ],
       [
        35.6291648,
        32.9130454
       ],
       [
        35.6284194,
        32.912592
       ],
       [
        35.627669,
        32.9121445
       ],
       [
        35.6269137,
        32.9117028
       ],
       [
        35.6261536,
        32.9112671
       ],
       [
        35.6253888,
        32.9108373
       ],
       [
        35.6246192,
        32.9104136
       ],
       [
        35.6238451,
        32.9099959
       ],
       [
        35.6230663,
        32.9095842
       ],
       [
        35.6222831,
        32.9091787
       ],
       [
        35.6214955,
        32.9087793
       ],
       [
        35.6207035,
        32.9083861
       ],
       [
        35.6199073,
        32.9079991
       ],
       [
        35.6191068,
        32.9076183
       ],
       [
        35.6183021,
        32.9072439
       ],
       [
        35.6174934,
        32.9068757
       ],
       [
        35.6166807,
        32.9065139
       ],
       [
        35.615864,
        32.9061584
       ],
       [
        35.6150435,
        32.9058093
       ],
       [
        35.6142192,
        32.9054667
       ],
       [
        35.6133911,
        32.9051306
       ],
       [
        35.6125594,
        32.9048009
       ],
       [
        35.6117241,
        32.9044778
       ],
       [
        35.6108853,
        32.9041612
       ],
       [
        35.6100431,
        32.9038511
       ],
       [
        35.6091974,
        32.9035477
       ],
       [
        35.6083485,
        32.9032509
       ],
       [
        35.6074964,
        32.9029608
       ],
       [
        35.6066411,
        32.9026773
       ],
       [
        35.6057827,
        32.9024006
       ],
       [
        35.6049213,
        32.9021305
       ],
       [
        35.604057,
        32.9018672
       ],
       [
        35.6031899,
        32.9016107
       ],
       [
        35.6023199,
        32.901361
       ],
       [
        35.6014473,
        32.9011181
       ],
       [
        35.600572,
        32.900882
       ],
       [
        35.5996942,
        32.9006528
       ],
       [
        35.5988139,
        32.9004305
       ],
       [
        35.5979312,
        32.900215
       ],
       [
        35.5970461,
        32.9000065
       ],
       [
        35.5961588,
        32.8998049
       ],
       [
        35.5952694,
        32.8996103
       ],
       [
        35.5943778,
        32.8994226
       ],
       [
        35.5934842,
        32.8992419
       ],
       [
        35.5925887,
        32.8990682
       ],
       [
        35.5916913,
        32.8989015
       ],
       [
        35.5907921,
        32.8987418
       ],
       [
        35.5898912,
        32.8985892
       ],
       [
        35.5889886,
        32.8984436
       ],
       [
        35.5880845,
        32.8983051
       ],
       [
        35.5871789,
        32.8981737
       ],
       [
        35.5862719,
        32.8980494
       ],
       [
        35.5853636,
        32.8979321
       ],
       [
        35.584454,
        32.897822
       ],
       [
        35.5835432,
        32.897719
       ],
       [
        35.5826314,
        32.8976231
       ],
       [
        35.5817186,
        32.8975344
       ],
       [
        35.5808048,
        32.8974528
       ],
       [
        35.5798901,
        32.8973784
       ],
       [
        35.5789747,
        32.8973111
       ],
       [
        35.5780586,
        32.8972509
       ],
       [
        35.5771418,
        32.897198
       ],
       [
        35.5762245,
        32.8971522
       ],
       [
        35.5753068,
        32.8971136
       ],
       [
        35.5743887,
        32.8970822
       ],
       [
        35.5734702,
        32.8970579
       ],
       [
        35.5725515,
        32.8970409
       ],
       [
        35.5716327,
        32.897031
       ],
       [
        35.5707138,
        32.8970283
       ],
       [
        35.569795,
        32.8970328
       ],
       [
        35.5688762,
        32.8970445
       ]
      ]
     ]
    ],
    "type": "MultiPolygon"
   }
  },
  {
   "type": "Feature",
   "properties": {
    "code": "CTR-LLNV",
    "nameHe": "קדם",
    "nameEn": null,
    "zoneTypeCode": "CTR",
    "floorAmslFt": 0,
    "ceilingAmslFt": 2000,
    "aglCeilingFt": null,
    "notes": "CTR | צבאי | source stamp 2022-01-31 | altitude unit unstated in source — adopted ft AMSL per producer's sibling files (verify in visual check)"
   },
   "geometry": {
    "coordinates": [
     [
      [
       [
        34.6047994,
        31.3187972
       ],
       [
        34.6561788,
        31.3425526
       ],
       [
        34.7006771,
        31.3341764
       ],
       [
        34.7277166,
        31.2901528
       ],
       [
        34.7154928,
        31.2428987
       ],
       [
        34.59521,
        31.2703948
       ],
       [
        34.6047994,
        31.3187972
       ]
      ]
     ]
    ],
    "type": "MultiPolygon"
   }
  },
  {
   "type": "Feature",
   "properties": {
    "code": "CTR-LLNV-2",
    "nameHe": "נבטים-כנף 28",
    "nameEn": null,
    "zoneTypeCode": "CTR",
    "floorAmslFt": 0,
    "ceilingAmslFt": 10000,
    "aglCeilingFt": null,
    "notes": "CTR | צבאי | source stamp 2021-07-29 | altitude unit unstated in source — adopted ft AMSL per producer's sibling files (verify in visual check)"
   },
   "geometry": {
    "coordinates": [
     [
      [
       [
        35.0167634,
        31.1171258
       ],
       [
        34.9384262,
        31.1171258
       ],
       [
        34.9199086,
        31.1715337
       ],
       [
        34.9199085,
        31.1715337
       ],
       [
        34.9150919,
        31.1854607
       ],
       [
        34.915162,
        31.1854702
       ],
       [
        34.9117585,
        31.1954609
       ],
       [
        34.94176,
        31.2782405
       ],
       [
        35.1251021,
        31.2782403
       ],
       [
        35.1217686,
        31.2271281
       ],
       [
        35.1220532,
        31.2134617
       ],
       [
        35.1234352,
        31.1471264
       ],
       [
        35.0167634,
        31.1171258
       ]
      ]
     ]
    ],
    "type": "MultiPolygon"
   }
  },
  {
   "type": "Feature",
   "properties": {
    "code": "CTR-LLOV",
    "nameHe": "עובדה מרכז ומערב",
    "nameEn": null,
    "zoneTypeCode": "CTR",
    "floorAmslFt": 0,
    "ceilingAmslFt": 10000,
    "aglCeilingFt": null,
    "notes": "CTR | אזרחי | source stamp 2023-02-08 | altitude unit unstated in source — adopted ft AMSL per producer's sibling files (verify in visual check)"
   },
   "geometry": {
    "coordinates": [
     [
      [
       [
        34.8831009,
        29.8110349
       ],
       [
        34.8314307,
        29.7960343
       ],
       [
        34.7680927,
        29.9610396
       ],
       [
        34.8180961,
        29.9877072
       ],
       [
        34.8647659,
        30.0110414
       ],
       [
        34.948105,
        30.0327089
       ],
       [
        34.9981085,
        30.0210419
       ],
       [
        34.9597729,
        29.8343691
       ],
       [
        34.8831009,
        29.8110349
       ]
      ]
     ]
    ],
    "type": "MultiPolygon"
   }
  },
  {
   "type": "Feature",
   "properties": {
    "code": "CTR-LLOV-2",
    "nameHe": "עובדה מזרח",
    "nameEn": null,
    "zoneTypeCode": "CTR",
    "floorAmslFt": 0,
    "ceilingAmslFt": 3000,
    "aglCeilingFt": null,
    "notes": "CTR | צבאי | source stamp 2022-01-23 | altitude unit unstated in source — adopted ft AMSL per producer's sibling files (verify in visual check)"
   },
   "geometry": {
    "coordinates": [
     [
      [
       [
        34.9981085,
        30.0210419
       ],
       [
        35.0463889,
        30.0088889
       ],
       [
        35.0392573,
        29.9762875
       ],
       [
        34.9890297,
        29.9762828
       ],
       [
        34.9981085,
        30.0210419
       ]
      ]
     ]
    ],
    "type": "MultiPolygon"
   }
  },
  {
   "type": "Feature",
   "properties": {
    "code": "CTR-LLRD",
    "nameHe": "רמת דוד-כנף 1",
    "nameEn": null,
    "zoneTypeCode": "CTR",
    "floorAmslFt": 0,
    "ceilingAmslFt": 10000,
    "aglCeilingFt": null,
    "notes": "CTR | צבאי | source stamp 2022-01-05 | altitude unit unstated in source — adopted ft AMSL per producer's sibling files (verify in visual check)"
   },
   "geometry": {
    "coordinates": [
     [
      [
       [
        35.1080556,
        32.7219444
       ],
       [
        35.2086111,
        32.7308333
       ],
       [
        35.2922222,
        32.6586111
       ],
       [
        35.29,
        32.6269444
       ],
       [
        35.2022222,
        32.6147222
       ],
       [
        35.1416667,
        32.6152778
       ],
       [
        35.1238889,
        32.6444444
       ],
       [
        35.1080556,
        32.7219444
       ]
      ]
     ]
    ],
    "type": "MultiPolygon"
   }
  },
  {
   "type": "Feature",
   "properties": {
    "code": "CTR-LLRD-2",
    "nameHe": "רמת דוד-כנף 1",
    "nameEn": null,
    "zoneTypeCode": "CTR",
    "floorAmslFt": 0,
    "ceilingAmslFt": 10000,
    "aglCeilingFt": null,
    "notes": "CTR | צבאי | schedule: הרחבה סופש | source stamp 2023-02-19 | altitude unit unstated in source — adopted ft AMSL per producer's sibling files (verify in visual check)"
   },
   "geometry": {
    "coordinates": [
     [
      [
       [
        35.092047,
        32.7507738
       ],
       [
        35.2334429,
        32.7591072
       ],
       [
        35.3001127,
        32.7063281
       ],
       [
        35.2890009,
        32.608548
       ],
       [
        35.1931628,
        32.5741029
       ],
       [
        35.0926024,
        32.599937
       ],
       [
        35.092047,
        32.7507738
       ]
      ]
     ]
    ],
    "type": "MultiPolygon"
   }
  },
  {
   "type": "Feature",
   "properties": {
    "code": "CTR-LLRM",
    "nameHe": "רמון-כנף 25",
    "nameEn": null,
    "zoneTypeCode": "CTR",
    "floorAmslFt": 0,
    "ceilingAmslFt": 10000,
    "aglCeilingFt": null,
    "notes": "CTR | צבאי | source stamp 2020-08-16 | altitude unit unstated in source — adopted ft AMSL per producer's sibling files (verify in visual check)"
   },
   "geometry": {
    "coordinates": [
     [
      [
       [
        34.7684179,
        30.8587869
       ],
       [
        34.7684178,
        30.7948967
       ],
       [
        34.7667509,
        30.678783
       ],
       [
        34.700081,
        30.6337821
       ],
       [
        34.6334111,
        30.6337821
       ],
       [
        34.5861867,
        30.6837833
       ],
       [
        34.5667414,
        30.7837855
       ],
       [
        34.6250776,
        30.8587871
       ],
       [
        34.7684179,
        30.8587869
       ]
      ]
     ]
    ],
    "type": "MultiPolygon"
   }
  }
 ]
}
