{
 "type": "FeatureCollection",
 "features": [
  {
   "type": "Feature",
   "properties": {
    "code": "LLU01",
    "nameHe": "איילון - מעשיהו",
    "nameEn": null,
    "zoneTypeCode": "LLU_DRONE",
    "floorAmslFt": null,
    "ceilingAmslFt": null,
    "aglCeilingFt": null,
    "notes": "circle: center 31°56'06\"N 34°52'50\"E, radius 1000 m (published)"
   },
   "geometry": {
    "type": "Polygon",
    "coordinates": [
     [
      [
       34.8805556,
       31.9439932
      ],
      [
       34.8795168,
       31.9439499
      ],
      [
       34.878488,
       31.9438204
      ],
      [
       34.8774791,
       31.9436059
      ],
      [
       34.8764999,
       31.9433086
      ],
      [
       34.8755597,
       31.9429312
      ],
      [
       34.8746677,
       31.9424774
      ],
      [
       34.8738323,
       31.9419517
      ],
      [
       34.8730618,
       31.9413589
      ],
      [
       34.8723634,
       31.940705
      ],
      [
       34.8717439,
       31.9399961
      ],
      [
       34.8712093,
       31.939239
      ],
      [
       34.8707648,
       31.9384412
      ],
      [
       34.8704145,
       31.9376102
      ],
      [
       34.8701619,
       31.9367541
      ],
      [
       34.8700094,
       31.9358811
      ],
      [
       34.8699585,
       31.9349996
      ],
      [
       34.8700096,
       31.9341181
      ],
      [
       34.8701623,
       31.9332451
      ],
      [
       34.8704151,
       31.932389
      ],
      [
       34.8707655,
       31.9315581
      ],
      [
       34.8712102,
       31.9307603
      ],
      [
       34.8717449,
       31.9300033
      ],
      [
       34.8723644,
       31.9292945
      ],
      [
       34.8730628,
       31.9286406
      ],
      [
       34.8738333,
       31.928048
      ],
      [
       34.8746686,
       31.9275223
      ],
      [
       34.8755606,
       31.9270686
      ],
      [
       34.8765006,
       31.9266913
      ],
      [
       34.8774797,
       31.926394
      ],
      [
       34.8784884,
       31.9261796
      ],
      [
       34.879517,
       31.9260501
      ],
      [
       34.8805556,
       31.9260068
      ],
      [
       34.8815942,
       31.9260501
      ],
      [
       34.8826227,
       31.9261796
      ],
      [
       34.8836314,
       31.926394
      ],
      [
       34.8846105,
       31.9266913
      ],
      [
       34.8855506,
       31.9270686
      ],
      [
       34.8864425,
       31.9275223
      ],
      [
       34.8872778,
       31.928048
      ],
      [
       34.8880483,
       31.9286406
      ],
      [
       34.8887467,
       31.9292945
      ],
      [
       34.8893662,
       31.9300033
      ],
      [
       34.8899009,
       31.9307603
      ],
      [
       34.8903456,
       31.9315581
      ],
      [
       34.890696,
       31.932389
      ],
      [
       34.8909488,
       31.9332451
      ],
      [
       34.8911015,
       31.9341181
      ],
      [
       34.8911526,
       31.9349996
      ],
      [
       34.8911017,
       31.9358811
      ],
      [
       34.8909492,
       31.9367541
      ],
      [
       34.8906966,
       31.9376102
      ],
      [
       34.8903464,
       31.9384412
      ],
      [
       34.8899018,
       31.939239
      ],
      [
       34.8893672,
       31.9399961
      ],
      [
       34.8887477,
       31.940705
      ],
      [
       34.8880493,
       31.9413589
      ],
      [
       34.8872788,
       31.9419517
      ],
      [
       34.8864435,
       31.9424774
      ],
      [
       34.8855514,
       31.9429312
      ],
      [
       34.8846113,
       31.9433086
      ],
      [
       34.883632,
       31.9436059
      ],
      [
       34.8826231,
       31.9438204
      ],
      [
       34.8815944,
       31.9439499
      ],
      [
       34.8805556,
       31.9439932
      ]
     ]
    ]
   }
  },
  {
   "type": "Feature",
   "properties": {
    "code": "LLU02",
    "nameHe": "אשל",
    "nameEn": null,
    "zoneTypeCode": "LLU_DRONE",
    "floorAmslFt": null,
    "ceilingAmslFt": null,
    "aglCeilingFt": null,
    "notes": "circle: center 31°12'24\"N 34°48'37\"E, radius 1500 m (published)"
   },
   "geometry": {
    "type": "Polygon",
    "coordinates": [
     [
      [
       34.8102778,
       31.2201565
      ],
      [
       34.8087316,
       31.2200915
      ],
      [
       34.8072004,
       31.2198972
      ],
      [
       34.8056988,
       31.2195755
      ],
      [
       34.8042413,
       31.2191295
      ],
      [
       34.802842,
       31.2185634
      ],
      [
       34.8015143,
       31.2178827
      ],
      [
       34.8002711,
       31.217094
      ],
      [
       34.7991242,
       31.2162049
      ],
      [
       34.7980848,
       31.2152239
      ],
      [
       34.7971628,
       31.2141605
      ],
      [
       34.7963672,
       31.213025
      ],
      [
       34.7957056,
       31.2118282
      ],
      [
       34.7951843,
       31.2105817
      ],
      [
       34.7948085,
       31.2092975
      ],
      [
       34.7945816,
       31.2079879
      ],
      [
       34.7945058,
       31.2066657
      ],
      [
       34.794582,
       31.2053435
      ],
      [
       34.7948093,
       31.204034
      ],
      [
       34.7951856,
       31.2027499
      ],
      [
       34.7957072,
       31.2015035
      ],
      [
       34.7963691,
       31.2003069
      ],
      [
       34.7971649,
       31.1991715
      ],
      [
       34.798087,
       31.1981082
      ],
      [
       34.7991265,
       31.1971275
      ],
      [
       34.8002733,
       31.1962385
      ],
      [
       34.8015164,
       31.19545
      ],
      [
       34.8028439,
       31.1947695
      ],
      [
       34.8042429,
       31.1942036
      ],
      [
       34.8057,
       31.1937576
      ],
      [
       34.8072013,
       31.193436
      ],
      [
       34.8087321,
       31.1932418
      ],
      [
       34.8102778,
       31.1931769
      ],
      [
       34.8118235,
       31.1932418
      ],
      [
       34.8133543,
       31.193436
      ],
      [
       34.8148555,
       31.1937576
      ],
      [
       34.8163126,
       31.1942036
      ],
      [
       34.8177117,
       31.1947695
      ],
      [
       34.8190392,
       31.19545
      ],
      [
       34.8202823,
       31.1962385
      ],
      [
       34.8214291,
       31.1971275
      ],
      [
       34.8224686,
       31.1981082
      ],
      [
       34.8233906,
       31.1991715
      ],
      [
       34.8241865,
       31.2003069
      ],
      [
       34.8248484,
       31.2015035
      ],
      [
       34.82537,
       31.2027499
      ],
      [
       34.8257462,
       31.204034
      ],
      [
       34.8259736,
       31.2053435
      ],
      [
       34.8260497,
       31.2066657
      ],
      [
       34.825974,
       31.2079879
      ],
      [
       34.8257471,
       31.2092975
      ],
      [
       34.8253712,
       31.2105817
      ],
      [
       34.8248499,
       31.2118282
      ],
      [
       34.8241883,
       31.213025
      ],
      [
       34.8233927,
       31.2141605
      ],
      [
       34.8224708,
       31.2152239
      ],
      [
       34.8214314,
       31.2162049
      ],
      [
       34.8202845,
       31.217094
      ],
      [
       34.8190412,
       31.2178827
      ],
      [
       34.8177136,
       31.2185634
      ],
      [
       34.8163142,
       31.2191295
      ],
      [
       34.8148568,
       31.2195755
      ],
      [
       34.8133552,
       31.2198972
      ],
      [
       34.8118239,
       31.2200915
      ],
      [
       34.8102778,
       31.2201565
      ]
     ]
    ]
   }
  },
  {
   "type": "Feature",
   "properties": {
    "code": "LLU03",
    "nameHe": "אשקלון",
    "nameEn": null,
    "zoneTypeCode": "LLU_DRONE",
    "floorAmslFt": null,
    "ceilingAmslFt": null,
    "aglCeilingFt": null,
    "notes": "circle: center 31°39'56\"N 34°33'43\"E, radius 1000 m (published)"
   },
   "geometry": {
    "type": "Polygon",
    "coordinates": [
     [
      [
       34.5619444,
       31.6745488
      ],
      [
       34.5609087,
       31.6745055
      ],
      [
       34.5598829,
       31.6743759
      ],
      [
       34.5588769,
       31.6741615
      ],
      [
       34.5579006,
       31.6738641
      ],
      [
       34.5569631,
       31.6734868
      ],
      [
       34.5560737,
       31.673033
      ],
      [
       34.5552408,
       31.6725072
      ],
      [
       34.5544725,
       31.6719145
      ],
      [
       34.5537761,
       31.6712605
      ],
      [
       34.5531585,
       31.6705516
      ],
      [
       34.5526254,
       31.6697946
      ],
      [
       34.5521822,
       31.6689967
      ],
      [
       34.5518329,
       31.6681657
      ],
      [
       34.551581,
       31.6673096
      ],
      [
       34.551429,
       31.6664366
      ],
      [
       34.5513782,
       31.6655551
      ],
      [
       34.5514292,
       31.6646736
      ],
      [
       34.5515814,
       31.6638006
      ],
      [
       34.5518335,
       31.6629446
      ],
      [
       34.5521829,
       31.6621136
      ],
      [
       34.5526263,
       31.6613159
      ],
      [
       34.5531594,
       31.6605589
      ],
      [
       34.5537771,
       31.6598501
      ],
      [
       34.5544735,
       31.6591962
      ],
      [
       34.5552418,
       31.6586035
      ],
      [
       34.5560746,
       31.6580778
      ],
      [
       34.556964,
       31.6576242
      ],
      [
       34.5579013,
       31.6572469
      ],
      [
       34.5588775,
       31.6569496
      ],
      [
       34.5598833,
       31.6567351
      ],
      [
       34.5609089,
       31.6566057
      ],
      [
       34.5619444,
       31.6565624
      ],
      [
       34.56298,
       31.6566057
      ],
      [
       34.5640056,
       31.6567351
      ],
      [
       34.5650114,
       31.6569496
      ],
      [
       34.5659876,
       31.6572469
      ],
      [
       34.5669249,
       31.6576242
      ],
      [
       34.5678143,
       31.6580778
      ],
      [
       34.5686471,
       31.6586035
      ],
      [
       34.5694154,
       31.6591962
      ],
      [
       34.5701118,
       31.6598501
      ],
      [
       34.5707295,
       31.6605589
      ],
      [
       34.5712626,
       31.6613159
      ],
      [
       34.571706,
       31.6621136
      ],
      [
       34.5720554,
       31.6629446
      ],
      [
       34.5723075,
       31.6638006
      ],
      [
       34.5724597,
       31.6646736
      ],
      [
       34.5725107,
       31.6655551
      ],
      [
       34.5724599,
       31.6664366
      ],
      [
       34.5723078,
       31.6673096
      ],
      [
       34.572056,
       31.6681657
      ],
      [
       34.5717067,
       31.6689967
      ],
      [
       34.5712635,
       31.6697946
      ],
      [
       34.5707304,
       31.6705516
      ],
      [
       34.5701128,
       31.6712605
      ],
      [
       34.5694164,
       31.6719145
      ],
      [
       34.5686481,
       31.6725072
      ],
      [
       34.5678152,
       31.673033
      ],
      [
       34.5669258,
       31.6734868
      ],
      [
       34.5659883,
       31.6738641
      ],
      [
       34.5650119,
       31.6741615
      ],
      [
       34.564006,
       31.6743759
      ],
      [
       34.5629802,
       31.6745055
      ],
      [
       34.5619444,
       31.6745488
      ]
     ]
    ]
   }
  },
  {
   "type": "Feature",
   "properties": {
    "code": "LLU04",
    "nameHe": "דמון",
    "nameEn": null,
    "zoneTypeCode": "LLU_DRONE",
    "floorAmslFt": null,
    "ceilingAmslFt": null,
    "aglCeilingFt": null,
    "notes": "circle: center 32°43'58\"N 35°01'19\"E, radius 1500 m (published)"
   },
   "geometry": {
    "type": "Polygon",
    "coordinates": [
     [
      [
       35.0219444,
       32.7462676
      ],
      [
       35.0203724,
       32.7462026
      ],
      [
       35.0188154,
       32.7460083
      ],
      [
       35.0172887,
       32.7456866
      ],
      [
       35.0158067,
       32.7452406
      ],
      [
       35.014384,
       32.7446745
      ],
      [
       35.013034,
       32.7439938
      ],
      [
       35.0117699,
       32.7432051
      ],
      [
       35.0106038,
       32.742316
      ],
      [
       35.009547,
       32.741335
      ],
      [
       35.0086096,
       32.7402716
      ],
      [
       35.0078006,
       32.739136
      ],
      [
       35.0071279,
       32.7379392
      ],
      [
       35.0065979,
       32.7366927
      ],
      [
       35.0062158,
       32.7354085
      ],
      [
       35.0059851,
       32.734099
      ],
      [
       35.0059081,
       32.7327768
      ],
      [
       35.0059855,
       32.7314545
      ],
      [
       35.0062167,
       32.7301451
      ],
      [
       35.0065993,
       32.728861
      ],
      [
       35.0071296,
       32.7276146
      ],
      [
       35.0078027,
       32.7264179
      ],
      [
       35.0086118,
       32.7252825
      ],
      [
       35.0095494,
       32.7242193
      ],
      [
       35.0106062,
       32.7232385
      ],
      [
       35.0117723,
       32.7223496
      ],
      [
       35.0130362,
       32.7215611
      ],
      [
       35.014386,
       32.7208806
      ],
      [
       35.0158085,
       32.7203147
      ],
      [
       35.01729,
       32.7198688
      ],
      [
       35.0188164,
       32.7195471
      ],
      [
       35.0203728,
       32.7193529
      ],
      [
       35.0219444,
       32.719288
      ],
      [
       35.023516,
       32.7193529
      ],
      [
       35.0250725,
       32.7195471
      ],
      [
       35.0265989,
       32.7198688
      ],
      [
       35.0280804,
       32.7203147
      ],
      [
       35.0295029,
       32.7208806
      ],
      [
       35.0308526,
       32.7215611
      ],
      [
       35.0321166,
       32.7223496
      ],
      [
       35.0332826,
       32.7232385
      ],
      [
       35.0343395,
       32.7242193
      ],
      [
       35.0352771,
       32.7252825
      ],
      [
       35.0360862,
       32.7264179
      ],
      [
       35.0367592,
       32.7276146
      ],
      [
       35.0372896,
       32.728861
      ],
      [
       35.0376722,
       32.7301451
      ],
      [
       35.0379033,
       32.7314545
      ],
      [
       35.0379808,
       32.7327768
      ],
      [
       35.0379038,
       32.734099
      ],
      [
       35.0376731,
       32.7354085
      ],
      [
       35.037291,
       32.7366927
      ],
      [
       35.036761,
       32.7379392
      ],
      [
       35.0360883,
       32.739136
      ],
      [
       35.0352793,
       32.7402716
      ],
      [
       35.0343419,
       32.741335
      ],
      [
       35.0332851,
       32.742316
      ],
      [
       35.032119,
       32.7432051
      ],
      [
       35.0308549,
       32.7439938
      ],
      [
       35.0295049,
       32.7446745
      ],
      [
       35.0280821,
       32.7452406
      ],
      [
       35.0266002,
       32.7456866
      ],
      [
       35.0250734,
       32.7460083
      ],
      [
       35.0235165,
       32.7462026
      ],
      [
       35.0219444,
       32.7462676
      ]
     ]
    ]
   }
  },
  {
   "type": "Feature",
   "properties": {
    "code": "LLU05",
    "nameHe": "השרון",
    "nameEn": null,
    "zoneTypeCode": "LLU_DRONE",
    "floorAmslFt": null,
    "ceilingAmslFt": null,
    "aglCeilingFt": null,
    "notes": "circle: center 32°14'27\"N 34°53'03\"E, radius 1000 m (published)"
   },
   "geometry": {
    "type": "Polygon",
    "coordinates": [
     [
      [
       34.8841667,
       32.2498265
      ],
      [
       34.8831244,
       32.2497832
      ],
      [
       34.8820921,
       32.2496537
      ],
      [
       34.8810799,
       32.2494393
      ],
      [
       34.8800974,
       32.2491419
      ],
      [
       34.8791541,
       32.2487645
      ],
      [
       34.878259,
       32.2483108
      ],
      [
       34.8774209,
       32.247785
      ],
      [
       34.8766477,
       32.2471923
      ],
      [
       34.875947,
       32.2465383
      ],
      [
       34.8753255,
       32.2458294
      ],
      [
       34.8747891,
       32.2450724
      ],
      [
       34.874343,
       32.2442745
      ],
      [
       34.8739916,
       32.2434435
      ],
      [
       34.8737382,
       32.2425874
      ],
      [
       34.8735852,
       32.2417144
      ],
      [
       34.8735341,
       32.2408329
      ],
      [
       34.8735854,
       32.2399514
      ],
      [
       34.8737386,
       32.2390784
      ],
      [
       34.8739922,
       32.2382223
      ],
      [
       34.8743438,
       32.2373914
      ],
      [
       34.87479,
       32.2365936
      ],
      [
       34.8753265,
       32.2358367
      ],
      [
       34.8759481,
       32.2351278
      ],
      [
       34.8766488,
       32.234474
      ],
      [
       34.8774219,
       32.2338813
      ],
      [
       34.87826,
       32.2333556
      ],
      [
       34.8791549,
       32.2329019
      ],
      [
       34.8800981,
       32.2325246
      ],
      [
       34.8810805,
       32.2322273
      ],
      [
       34.8820925,
       32.2320129
      ],
      [
       34.8831246,
       32.2318834
      ],
      [
       34.8841667,
       32.2318401
      ],
      [
       34.8852087,
       32.2318834
      ],
      [
       34.8862408,
       32.2320129
      ],
      [
       34.8872529,
       32.2322273
      ],
      [
       34.8882352,
       32.2325246
      ],
      [
       34.8891784,
       32.2329019
      ],
      [
       34.8900733,
       32.2333556
      ],
      [
       34.8909114,
       32.2338813
      ],
      [
       34.8916845,
       32.234474
      ],
      [
       34.8923853,
       32.2351278
      ],
      [
       34.8930069,
       32.2358367
      ],
      [
       34.8935434,
       32.2365936
      ],
      [
       34.8939895,
       32.2373914
      ],
      [
       34.8943411,
       32.2382223
      ],
      [
       34.8945948,
       32.2390784
      ],
      [
       34.894748,
       32.2399514
      ],
      [
       34.8947993,
       32.2408329
      ],
      [
       34.8947482,
       32.2417144
      ],
      [
       34.8945952,
       32.2425874
      ],
      [
       34.8943417,
       32.2434435
      ],
      [
       34.8939903,
       32.2442745
      ],
      [
       34.8935442,
       32.2450724
      ],
      [
       34.8930078,
       32.2458294
      ],
      [
       34.8923863,
       32.2465383
      ],
      [
       34.8916856,
       32.2471923
      ],
      [
       34.8909124,
       32.247785
      ],
      [
       34.8900743,
       32.2483108
      ],
      [
       34.8891793,
       32.2487645
      ],
      [
       34.888236,
       32.2491419
      ],
      [
       34.8872534,
       32.2494393
      ],
      [
       34.8862412,
       32.2496537
      ],
      [
       34.8852089,
       32.2497832
      ],
      [
       34.8841667,
       32.2498265
      ]
     ]
    ]
   }
  },
  {
   "type": "Feature",
   "properties": {
    "code": "LLU06",
    "nameHe": "חיפה",
    "nameEn": null,
    "zoneTypeCode": "LLU_DRONE",
    "floorAmslFt": null,
    "ceilingAmslFt": null,
    "aglCeilingFt": null,
    "notes": "circle: center 32°49'30\"N 34°59'25\"E, radius 500 m (published)"
   },
   "geometry": {
    "type": "Polygon",
    "coordinates": [
     [
      [
       34.9902778,
       32.8294966
      ],
      [
       34.9897533,
       32.8294749
      ],
      [
       34.9892338,
       32.8294102
      ],
      [
       34.9887244,
       32.829303
      ],
      [
       34.9882299,
       32.8291543
      ],
      [
       34.9877552,
       32.8289656
      ],
      [
       34.9873048,
       32.8287388
      ],
      [
       34.986883,
       32.8284759
      ],
      [
       34.9864939,
       32.8281795
      ],
      [
       34.9861413,
       32.8278525
      ],
      [
       34.9858285,
       32.8274981
      ],
      [
       34.9855585,
       32.8271196
      ],
      [
       34.985334,
       32.8267207
      ],
      [
       34.9851571,
       32.8263052
      ],
      [
       34.9850295,
       32.8258771
      ],
      [
       34.9849525,
       32.8254406
      ],
      [
       34.9849268,
       32.8249999
      ],
      [
       34.9849526,
       32.8245591
      ],
      [
       34.9850297,
       32.8241226
      ],
      [
       34.9851573,
       32.8236946
      ],
      [
       34.9853342,
       32.8232791
      ],
      [
       34.9855587,
       32.8228802
      ],
      [
       34.9858287,
       32.8225017
      ],
      [
       34.9861415,
       32.8221473
      ],
      [
       34.9864942,
       32.8218204
      ],
      [
       34.9868833,
       32.821524
      ],
      [
       34.987305,
       32.8212612
      ],
      [
       34.9877554,
       32.8210343
      ],
      [
       34.9882301,
       32.8208457
      ],
      [
       34.9887245,
       32.820697
      ],
      [
       34.9892339,
       32.8205898
      ],
      [
       34.9897533,
       32.820525
      ],
      [
       34.9902778,
       32.8205034
      ],
      [
       34.9908022,
       32.820525
      ],
      [
       34.9913217,
       32.8205898
      ],
      [
       34.991831,
       32.820697
      ],
      [
       34.9923254,
       32.8208457
      ],
      [
       34.9928001,
       32.8210343
      ],
      [
       34.9932505,
       32.8212612
      ],
      [
       34.9936723,
       32.821524
      ],
      [
       34.9940614,
       32.8218204
      ],
      [
       34.994414,
       32.8221473
      ],
      [
       34.9947268,
       32.8225017
      ],
      [
       34.9949968,
       32.8228802
      ],
      [
       34.9952214,
       32.8232791
      ],
      [
       34.9953983,
       32.8236946
      ],
      [
       34.9955259,
       32.8241226
      ],
      [
       34.995603,
       32.8245591
      ],
      [
       34.9956288,
       32.8249999
      ],
      [
       34.995603,
       32.8254406
      ],
      [
       34.995526,
       32.8258771
      ],
      [
       34.9953984,
       32.8263052
      ],
      [
       34.9952215,
       32.8267207
      ],
      [
       34.994997,
       32.8271196
      ],
      [
       34.9947271,
       32.8274981
      ],
      [
       34.9944143,
       32.8278525
      ],
      [
       34.9940616,
       32.8281795
      ],
      [
       34.9936725,
       32.8284759
      ],
      [
       34.9932508,
       32.8287388
      ],
      [
       34.9928003,
       32.8289656
      ],
      [
       34.9923256,
       32.8291543
      ],
      [
       34.9918312,
       32.829303
      ],
      [
       34.9913218,
       32.8294102
      ],
      [
       34.9908023,
       32.8294749
      ],
      [
       34.9902778,
       32.8294966
      ]
     ]
    ]
   }
  },
  {
   "type": "Feature",
   "properties": {
    "code": "LLU07",
    "nameHe": "ירושלים",
    "nameEn": null,
    "zoneTypeCode": "LLU_DRONE",
    "floorAmslFt": null,
    "ceilingAmslFt": null,
    "aglCeilingFt": null,
    "notes": "circle: center 31°46'53\"N 35°13'24\"E, radius 1000 m (published)"
   },
   "geometry": {
    "type": "Polygon",
    "coordinates": [
     [
      [
       35.2233333,
       31.7903821
      ],
      [
       35.2222963,
       31.7903388
      ],
      [
       35.2212692,
       31.7902093
      ],
      [
       35.220262,
       31.7899948
      ],
      [
       35.2192844,
       31.7896975
      ],
      [
       35.2183458,
       31.7893201
      ],
      [
       35.2174552,
       31.7888663
      ],
      [
       35.2166213,
       31.7883406
      ],
      [
       35.215852,
       31.7877478
      ],
      [
       35.2151548,
       31.7870939
      ],
      [
       35.2145364,
       31.7863849
      ],
      [
       35.2140027,
       31.7856279
      ],
      [
       35.2135588,
       31.7848301
      ],
      [
       35.2132091,
       31.7839991
      ],
      [
       35.212957,
       31.783143
      ],
      [
       35.2128047,
       31.7822699
      ],
      [
       35.2127539,
       31.7813885
      ],
      [
       35.2128049,
       31.780507
      ],
      [
       35.2129574,
       31.779634
      ],
      [
       35.2132097,
       31.7787779
      ],
      [
       35.2135596,
       31.777947
      ],
      [
       35.2140035,
       31.7771492
      ],
      [
       35.2145373,
       31.7763922
      ],
      [
       35.2151558,
       31.7756834
      ],
      [
       35.2158531,
       31.7750295
      ],
      [
       35.2166223,
       31.7744369
      ],
      [
       35.2174562,
       31.7739112
      ],
      [
       35.2183466,
       31.7734575
      ],
      [
       35.2192851,
       31.7730802
      ],
      [
       35.2202626,
       31.7727829
      ],
      [
       35.2212696,
       31.7725685
      ],
      [
       35.2222965,
       31.772439
      ],
      [
       35.2233333,
       31.7723957
      ],
      [
       35.2243702,
       31.772439
      ],
      [
       35.2253971,
       31.7725685
      ],
      [
       35.2264041,
       31.7727829
      ],
      [
       35.2273815,
       31.7730802
      ],
      [
       35.22832,
       31.7734575
      ],
      [
       35.2292105,
       31.7739112
      ],
      [
       35.2300444,
       31.7744369
      ],
      [
       35.2308136,
       31.7750295
      ],
      [
       35.2315109,
       31.7756834
      ],
      [
       35.2321293,
       31.7763922
      ],
      [
       35.2326631,
       31.7771492
      ],
      [
       35.2331071,
       31.777947
      ],
      [
       35.2334569,
       31.7787779
      ],
      [
       35.2337093,
       31.779634
      ],
      [
       35.2338617,
       31.780507
      ],
      [
       35.2339128,
       31.7813885
      ],
      [
       35.2338619,
       31.7822699
      ],
      [
       35.2337097,
       31.783143
      ],
      [
       35.2334575,
       31.7839991
      ],
      [
       35.2331078,
       31.7848301
      ],
      [
       35.232664,
       31.7856279
      ],
      [
       35.2321303,
       31.7863849
      ],
      [
       35.2315119,
       31.7870939
      ],
      [
       35.2308146,
       31.7877478
      ],
      [
       35.2300454,
       31.7883406
      ],
      [
       35.2292114,
       31.7888663
      ],
      [
       35.2283209,
       31.7893201
      ],
      [
       35.2273823,
       31.7896975
      ],
      [
       35.2264047,
       31.7899948
      ],
      [
       35.2253975,
       31.7902093
      ],
      [
       35.2243704,
       31.7903388
      ],
      [
       35.2233333,
       31.7903821
      ]
     ]
    ]
   }
  },
  {
   "type": "Feature",
   "properties": {
    "code": "LLU08",
    "nameHe": "ירושלים - משטרת גילה",
    "nameEn": null,
    "zoneTypeCode": "LLU_DRONE",
    "floorAmslFt": null,
    "ceilingAmslFt": null,
    "aglCeilingFt": null,
    "notes": "circle: center 31°43'54\"N 35°11'49\"E, radius 500 m (published)"
   },
   "geometry": {
    "type": "Polygon",
    "coordinates": [
     [
      [
       35.1969444,
       31.7361633
      ],
      [
       35.1964262,
       31.7361416
      ],
      [
       35.195913,
       31.7360769
      ],
      [
       35.1954097,
       31.7359696
      ],
      [
       35.1949212,
       31.735821
      ],
      [
       35.1944521,
       31.7356323
      ],
      [
       35.1940071,
       31.7354054
      ],
      [
       35.1935904,
       31.7351425
      ],
      [
       35.1932059,
       31.7348462
      ],
      [
       35.1928575,
       31.7345192
      ],
      [
       35.1925484,
       31.7341648
      ],
      [
       35.1922817,
       31.7337863
      ],
      [
       35.1920599,
       31.7333873
      ],
      [
       35.1918851,
       31.7329719
      ],
      [
       35.1917591,
       31.7325438
      ],
      [
       35.191683,
       31.7321073
      ],
      [
       35.1916576,
       31.7316666
      ],
      [
       35.191683,
       31.7312258
      ],
      [
       35.1917592,
       31.7307893
      ],
      [
       35.1918853,
       31.7303613
      ],
      [
       35.1920601,
       31.7299458
      ],
      [
       35.1922819,
       31.7295469
      ],
      [
       35.1925487,
       31.7291684
      ],
      [
       35.1928578,
       31.728814
      ],
      [
       35.1932062,
       31.728487
      ],
      [
       35.1935906,
       31.7281907
      ],
      [
       35.1940073,
       31.7279278
      ],
      [
       35.1944523,
       31.727701
      ],
      [
       35.1949213,
       31.7275123
      ],
      [
       35.1954098,
       31.7273637
      ],
      [
       35.1959131,
       31.7272565
      ],
      [
       35.1964263,
       31.7271917
      ],
      [
       35.1969444,
       31.7271701
      ],
      [
       35.1974626,
       31.7271917
      ],
      [
       35.1979758,
       31.7272565
      ],
      [
       35.1984791,
       31.7273637
      ],
      [
       35.1989676,
       31.7275123
      ],
      [
       35.1994366,
       31.727701
      ],
      [
       35.1998816,
       31.7279278
      ],
      [
       35.2002983,
       31.7281907
      ],
      [
       35.2006827,
       31.728487
      ],
      [
       35.2010311,
       31.728814
      ],
      [
       35.2013402,
       31.7291684
      ],
      [
       35.201607,
       31.7295469
      ],
      [
       35.2018288,
       31.7299458
      ],
      [
       35.2020036,
       31.7303613
      ],
      [
       35.2021297,
       31.7307893
      ],
      [
       35.2022058,
       31.7312258
      ],
      [
       35.2022313,
       31.7316666
      ],
      [
       35.2022059,
       31.7321073
      ],
      [
       35.2021298,
       31.7325438
      ],
      [
       35.2020037,
       31.7329719
      ],
      [
       35.201829,
       31.7333873
      ],
      [
       35.2016072,
       31.7337863
      ],
      [
       35.2013404,
       31.7341648
      ],
      [
       35.2010314,
       31.7345192
      ],
      [
       35.200683,
       31.7348462
      ],
      [
       35.2002985,
       31.7351425
      ],
      [
       35.1998818,
       31.7354054
      ],
      [
       35.1994368,
       31.7356323
      ],
      [
       35.1989677,
       31.735821
      ],
      [
       35.1984792,
       31.7359696
      ],
      [
       35.1979759,
       31.7360769
      ],
      [
       35.1974627,
       31.7361416
      ],
      [
       35.1969444,
       31.7361633
      ]
     ]
    ]
   }
  },
  {
   "type": "Feature",
   "properties": {
    "code": "LLU09",
    "nameHe": "כרמל",
    "nameEn": null,
    "zoneTypeCode": "LLU_DRONE",
    "floorAmslFt": null,
    "ceilingAmslFt": null,
    "aglCeilingFt": null,
    "notes": "circle: center 32°42'48\"N 34°58'05\"E, radius 1000 m (published)"
   },
   "geometry": {
    "type": "Polygon",
    "coordinates": [
     [
      [
       34.9680556,
       32.7223265
      ],
      [
       34.9670078,
       32.7222832
      ],
      [
       34.9659701,
       32.7221537
      ],
      [
       34.9649525,
       32.7219393
      ],
      [
       34.9639648,
       32.7216419
      ],
      [
       34.9630166,
       32.7212645
      ],
      [
       34.9621168,
       32.7208108
      ],
      [
       34.9612743,
       32.720285
      ],
      [
       34.9604971,
       32.7196923
      ],
      [
       34.9597927,
       32.7190383
      ],
      [
       34.9591678,
       32.7183294
      ],
      [
       34.9586286,
       32.7175723
      ],
      [
       34.9581802,
       32.7167745
      ],
      [
       34.9578269,
       32.7159435
      ],
      [
       34.9575722,
       32.7150874
      ],
      [
       34.9574183,
       32.7142144
      ],
      [
       34.957367,
       32.7133329
      ],
      [
       34.9574186,
       32.7124514
      ],
      [
       34.9575726,
       32.7115784
      ],
      [
       34.9578275,
       32.7107223
      ],
      [
       34.958181,
       32.7098914
      ],
      [
       34.9586295,
       32.7090936
      ],
      [
       34.9591688,
       32.7083367
      ],
      [
       34.9597937,
       32.7076278
      ],
      [
       34.9604981,
       32.706974
      ],
      [
       34.9612753,
       32.7063813
      ],
      [
       34.9621178,
       32.7058556
      ],
      [
       34.9630174,
       32.7054019
      ],
      [
       34.9639656,
       32.7050246
      ],
      [
       34.9649531,
       32.7047273
      ],
      [
       34.9659705,
       32.7045129
      ],
      [
       34.967008,
       32.7043834
      ],
      [
       34.9680556,
       32.7043401
      ],
      [
       34.9691031,
       32.7043834
      ],
      [
       34.9701406,
       32.7045129
      ],
      [
       34.971158,
       32.7047273
      ],
      [
       34.9721455,
       32.7050246
      ],
      [
       34.9730937,
       32.7054019
      ],
      [
       34.9739933,
       32.7058556
      ],
      [
       34.9748358,
       32.7063813
      ],
      [
       34.975613,
       32.706974
      ],
      [
       34.9763174,
       32.7076278
      ],
      [
       34.9769423,
       32.7083367
      ],
      [
       34.9774816,
       32.7090936
      ],
      [
       34.9779301,
       32.7098914
      ],
      [
       34.9782836,
       32.7107223
      ],
      [
       34.9785385,
       32.7115784
      ],
      [
       34.9786926,
       32.7124514
      ],
      [
       34.9787441,
       32.7133329
      ],
      [
       34.9786928,
       32.7142144
      ],
      [
       34.978539,
       32.7150874
      ],
      [
       34.9782842,
       32.7159435
      ],
      [
       34.9779309,
       32.7167745
      ],
      [
       34.9774825,
       32.7175723
      ],
      [
       34.9769433,
       32.7183294
      ],
      [
       34.9763185,
       32.7190383
      ],
      [
       34.9756141,
       32.7196923
      ],
      [
       34.9748368,
       32.720285
      ],
      [
       34.9739943,
       32.7208108
      ],
      [
       34.9730946,
       32.7212645
      ],
      [
       34.9721463,
       32.7216419
      ],
      [
       34.9711586,
       32.7219393
      ],
      [
       34.970141,
       32.7221537
      ],
      [
       34.9691033,
       32.7222832
      ],
      [
       34.9680556,
       32.7223265
      ]
     ]
    ]
   }
  },
  {
   "type": "Feature",
   "properties": {
    "code": "LLU10",
    "nameHe": "מגידו",
    "nameEn": null,
    "zoneTypeCode": "LLU_DRONE",
    "floorAmslFt": null,
    "ceilingAmslFt": null,
    "aglCeilingFt": null,
    "notes": "circle: center 32°34'14\"N 35°11'21\"E, radius 1500 m (published)"
   },
   "geometry": {
    "type": "Polygon",
    "coordinates": [
     [
      [
       35.1891667,
       32.5840454
      ],
      [
       35.1875974,
       32.5839804
      ],
      [
       35.1860433,
       32.5837861
      ],
      [
       35.1845193,
       32.5834644
      ],
      [
       35.1830401,
       32.5830184
      ],
      [
       35.1816199,
       32.5824523
      ],
      [
       35.1802724,
       32.5817716
      ],
      [
       35.1790106,
       32.5809829
      ],
      [
       35.1778466,
       32.5800938
      ],
      [
       35.1767917,
       32.5791128
      ],
      [
       35.175856,
       32.5780494
      ],
      [
       35.1750485,
       32.5769138
      ],
      [
       35.174377,
       32.575717
      ],
      [
       35.173848,
       32.5744705
      ],
      [
       35.1734665,
       32.5731863
      ],
      [
       35.1732362,
       32.5718768
      ],
      [
       35.1731594,
       32.5705545
      ],
      [
       35.1732367,
       32.5692323
      ],
      [
       35.1734674,
       32.5679228
      ],
      [
       35.1738493,
       32.5666387
      ],
      [
       35.1743787,
       32.5653924
      ],
      [
       35.1750505,
       32.5641957
      ],
      [
       35.1758582,
       32.5630603
      ],
      [
       35.176794,
       32.5619971
      ],
      [
       35.177849,
       32.5610163
      ],
      [
       35.1790129,
       32.5601274
      ],
      [
       35.1802746,
       32.5593389
      ],
      [
       35.1816219,
       32.5586584
      ],
      [
       35.1830418,
       32.5580925
      ],
      [
       35.1845207,
       32.5576465
      ],
      [
       35.1860443,
       32.5573249
      ],
      [
       35.1875979,
       32.5571307
      ],
      [
       35.1891667,
       32.5570658
      ],
      [
       35.1907354,
       32.5571307
      ],
      [
       35.1922891,
       32.5573249
      ],
      [
       35.1938127,
       32.5576465
      ],
      [
       35.1952915,
       32.5580925
      ],
      [
       35.1967114,
       32.5586584
      ],
      [
       35.1980587,
       32.5593389
      ],
      [
       35.1993204,
       32.5601274
      ],
      [
       35.2004843,
       32.5610163
      ],
      [
       35.2015393,
       32.5619971
      ],
      [
       35.2024751,
       32.5630603
      ],
      [
       35.2032828,
       32.5641957
      ],
      [
       35.2039546,
       32.5653924
      ],
      [
       35.204484,
       32.5666387
      ],
      [
       35.2048659,
       32.5679228
      ],
      [
       35.2050966,
       32.5692323
      ],
      [
       35.205174,
       32.5705545
      ],
      [
       35.2050971,
       32.5718768
      ],
      [
       35.2048668,
       32.5731863
      ],
      [
       35.2044854,
       32.5744705
      ],
      [
       35.2039563,
       32.575717
      ],
      [
       35.2032848,
       32.5769138
      ],
      [
       35.2024773,
       32.5780494
      ],
      [
       35.2015416,
       32.5791128
      ],
      [
       35.2004867,
       32.5800938
      ],
      [
       35.1993228,
       32.5809829
      ],
      [
       35.1980609,
       32.5817716
      ],
      [
       35.1967134,
       32.5824523
      ],
      [
       35.1952932,
       32.5830184
      ],
      [
       35.193814,
       32.5834644
      ],
      [
       35.19229,
       32.5837861
      ],
      [
       35.1907359,
       32.5839804
      ],
      [
       35.1891667,
       32.5840454
      ]
     ]
    ]
   }
  },
  {
   "type": "Feature",
   "properties": {
    "code": "LLU11",
    "nameHe": "גנות",
    "nameEn": null,
    "zoneTypeCode": "LLU_DRONE",
    "floorAmslFt": null,
    "ceilingAmslFt": null,
    "aglCeilingFt": null,
    "notes": "circle: center 30°43'43\"N 34°46'16\"E, radius 2000 m (published)"
   },
   "geometry": {
    "type": "Polygon",
    "coordinates": [
     [
      [
       34.7711111,
       30.7465975
      ],
      [
       34.7690598,
       30.7465109
      ],
      [
       34.7670282,
       30.7462519
      ],
      [
       34.765036,
       30.7458229
      ],
      [
       34.7631024,
       30.7452281
      ],
      [
       34.7612459,
       30.7444733
      ],
      [
       34.7594844,
       30.7435657
      ],
      [
       34.757835,
       30.7425141
      ],
      [
       34.7563135,
       30.7413286
      ],
      [
       34.7549345,
       30.7400206
      ],
      [
       34.7537114,
       30.7386027
      ],
      [
       34.752656,
       30.7370885
      ],
      [
       34.7517783,
       30.7354928
      ],
      [
       34.7510868,
       30.7338308
      ],
      [
       34.7505882,
       30.7321185
      ],
      [
       34.7502873,
       30.7303724
      ],
      [
       34.7501869,
       30.7286094
      ],
      [
       34.750288,
       30.7268465
      ],
      [
       34.7505897,
       30.7251005
      ],
      [
       34.751089,
       30.7233884
      ],
      [
       34.751781,
       30.7217266
      ],
      [
       34.7526592,
       30.7201311
      ],
      [
       34.7537151,
       30.7186172
      ],
      [
       34.7549384,
       30.7171997
      ],
      [
       34.7563174,
       30.715892
      ],
      [
       34.7578388,
       30.7147068
      ],
      [
       34.759488,
       30.7136554
      ],
      [
       34.7612491,
       30.7127481
      ],
      [
       34.7631051,
       30.7119936
      ],
      [
       34.7650382,
       30.7113991
      ],
      [
       34.7670297,
       30.7109702
      ],
      [
       34.7690606,
       30.7107113
      ],
      [
       34.7711111,
       30.7106247
      ],
      [
       34.7731617,
       30.7107113
      ],
      [
       34.7751925,
       30.7109702
      ],
      [
       34.777184,
       30.7113991
      ],
      [
       34.7791171,
       30.7119936
      ],
      [
       34.7809731,
       30.7127481
      ],
      [
       34.7827342,
       30.7136554
      ],
      [
       34.7843834,
       30.7147068
      ],
      [
       34.7859048,
       30.715892
      ],
      [
       34.7872838,
       30.7171997
      ],
      [
       34.7885072,
       30.7186172
      ],
      [
       34.789563,
       30.7201311
      ],
      [
       34.7904412,
       30.7217266
      ],
      [
       34.7911333,
       30.7233884
      ],
      [
       34.7916325,
       30.7251005
      ],
      [
       34.7919342,
       30.7268465
      ],
      [
       34.7920353,
       30.7286094
      ],
      [
       34.791935,
       30.7303724
      ],
      [
       34.791634,
       30.7321185
      ],
      [
       34.7911354,
       30.7338308
      ],
      [
       34.790444,
       30.7354928
      ],
      [
       34.7895663,
       30.7370885
      ],
      [
       34.7885108,
       30.7386027
      ],
      [
       34.7872877,
       30.7400206
      ],
      [
       34.7859087,
       30.7413286
      ],
      [
       34.7843872,
       30.7425141
      ],
      [
       34.7827378,
       30.7435657
      ],
      [
       34.7809763,
       30.7444733
      ],
      [
       34.7791198,
       30.7452281
      ],
      [
       34.7771862,
       30.7458229
      ],
      [
       34.775194,
       30.7462519
      ],
      [
       34.7731624,
       30.7465109
      ],
      [
       34.7711111,
       30.7465975
      ]
     ]
    ]
   }
  },
  {
   "type": "Feature",
   "properties": {
    "code": "LLU12",
    "nameHe": "נתניה",
    "nameEn": null,
    "zoneTypeCode": "LLU_DRONE",
    "floorAmslFt": null,
    "ceilingAmslFt": null,
    "aglCeilingFt": null,
    "notes": "circle: center 32°19'48\"N 34°55'23\"E, radius 500 m (published)"
   },
   "geometry": {
    "type": "Polygon",
    "coordinates": [
     [
      [
       34.9230556,
       32.3344966
      ],
      [
       34.9225339,
       32.3344749
      ],
      [
       34.9220173,
       32.3344102
      ],
      [
       34.9215107,
       32.334303
      ],
      [
       34.921019,
       32.3341543
      ],
      [
       34.9205469,
       32.3339656
      ],
      [
       34.9200989,
       32.3337388
      ],
      [
       34.9196795,
       32.3334759
      ],
      [
       34.9192925,
       32.3331795
      ],
      [
       34.9189418,
       32.3328525
      ],
      [
       34.9186307,
       32.3324981
      ],
      [
       34.9183623,
       32.3321196
      ],
      [
       34.918139,
       32.3317207
      ],
      [
       34.9179631,
       32.3313052
      ],
      [
       34.9178362,
       32.3308771
      ],
      [
       34.9177596,
       32.3304406
      ],
      [
       34.917734,
       32.3299999
      ],
      [
       34.9177597,
       32.3295591
      ],
      [
       34.9178363,
       32.3291226
      ],
      [
       34.9179632,
       32.3286946
      ],
      [
       34.9181392,
       32.3282791
      ],
      [
       34.9183625,
       32.3278802
      ],
      [
       34.918631,
       32.3275017
      ],
      [
       34.9189421,
       32.3271473
      ],
      [
       34.9192928,
       32.3268204
      ],
      [
       34.9196797,
       32.326524
      ],
      [
       34.9200992,
       32.3262612
      ],
      [
       34.9205471,
       32.3260343
      ],
      [
       34.9210192,
       32.3258457
      ],
      [
       34.9215109,
       32.325697
      ],
      [
       34.9220174,
       32.3255898
      ],
      [
       34.922534,
       32.325525
      ],
      [
       34.9230556,
       32.3255034
      ],
      [
       34.9235771,
       32.325525
      ],
      [
       34.9240937,
       32.3255898
      ],
      [
       34.9246002,
       32.325697
      ],
      [
       34.9250919,
       32.3258457
      ],
      [
       34.925564,
       32.3260343
      ],
      [
       34.9260119,
       32.3262612
      ],
      [
       34.9264314,
       32.326524
      ],
      [
       34.9268183,
       32.3268204
      ],
      [
       34.927169,
       32.3271473
      ],
      [
       34.9274801,
       32.3275017
      ],
      [
       34.9277486,
       32.3278802
      ],
      [
       34.9279719,
       32.3282791
      ],
      [
       34.9281479,
       32.3286946
      ],
      [
       34.9282748,
       32.3291226
      ],
      [
       34.9283514,
       32.3295591
      ],
      [
       34.9283771,
       32.3299999
      ],
      [
       34.9283515,
       32.3304406
      ],
      [
       34.9282749,
       32.3308771
      ],
      [
       34.928148,
       32.3313052
      ],
      [
       34.9279721,
       32.3317207
      ],
      [
       34.9277488,
       32.3321196
      ],
      [
       34.9274804,
       32.3324981
      ],
      [
       34.9271693,
       32.3328525
      ],
      [
       34.9268186,
       32.3331795
      ],
      [
       34.9264316,
       32.3334759
      ],
      [
       34.9260122,
       32.3337388
      ],
      [
       34.9255642,
       32.3339656
      ],
      [
       34.9250921,
       32.3341543
      ],
      [
       34.9246004,
       32.334303
      ],
      [
       34.9240938,
       32.3344102
      ],
      [
       34.9235772,
       32.3344749
      ],
      [
       34.9230556,
       32.3344966
      ]
     ]
    ]
   }
  },
  {
   "type": "Feature",
   "properties": {
    "code": "LLU13",
    "nameHe": "עופר",
    "nameEn": null,
    "zoneTypeCode": "LLU_DRONE",
    "floorAmslFt": null,
    "ceilingAmslFt": null,
    "aglCeilingFt": null,
    "notes": "circle: center 31°52'18\"N 35°10'46\"E, radius 1500 m (published)"
   },
   "geometry": {
    "type": "Polygon",
    "coordinates": [
     [
      [
       35.1794444,
       31.8851565
      ],
      [
       35.1778872,
       31.8850915
      ],
      [
       35.176345,
       31.8848972
      ],
      [
       35.1748327,
       31.8845755
      ],
      [
       35.1733648,
       31.8841295
      ],
      [
       35.1719555,
       31.8835634
      ],
      [
       35.1706183,
       31.8828827
      ],
      [
       35.1693662,
       31.882094
      ],
      [
       35.1682111,
       31.8812049
      ],
      [
       35.1671643,
       31.8802239
      ],
      [
       35.1662357,
       31.8791605
      ],
      [
       35.1654344,
       31.8780249
      ],
      [
       35.1647681,
       31.8768281
      ],
      [
       35.1642431,
       31.8755816
      ],
      [
       35.1638645,
       31.8742974
      ],
      [
       35.163636,
       31.8729879
      ],
      [
       35.1635597,
       31.8716657
      ],
      [
       35.1636365,
       31.8703435
      ],
      [
       35.1638654,
       31.869034
      ],
      [
       35.1642444,
       31.8677499
      ],
      [
       35.1647697,
       31.8665035
      ],
      [
       35.1654364,
       31.8653068
      ],
      [
       35.1662379,
       31.8641714
      ],
      [
       35.1671665,
       31.8631082
      ],
      [
       35.1682134,
       31.8621274
      ],
      [
       35.1693684,
       31.8612385
      ],
      [
       35.1706205,
       31.86045
      ],
      [
       35.1719574,
       31.8597695
      ],
      [
       35.1733665,
       31.8592036
      ],
      [
       35.174834,
       31.8587576
      ],
      [
       35.1763459,
       31.858436
      ],
      [
       35.1778877,
       31.8582418
      ],
      [
       35.1794444,
       31.8581769
      ],
      [
       35.1810012,
       31.8582418
      ],
      [
       35.1825429,
       31.858436
      ],
      [
       35.1840549,
       31.8587576
      ],
      [
       35.1855224,
       31.8592036
      ],
      [
       35.1869315,
       31.8597695
      ],
      [
       35.1882684,
       31.86045
      ],
      [
       35.1895204,
       31.8612385
      ],
      [
       35.1906755,
       31.8621274
      ],
      [
       35.1917223,
       31.8631082
      ],
      [
       35.192651,
       31.8641714
      ],
      [
       35.1934525,
       31.8653068
      ],
      [
       35.1941192,
       31.8665035
      ],
      [
       35.1946445,
       31.8677499
      ],
      [
       35.1950235,
       31.869034
      ],
      [
       35.1952524,
       31.8703435
      ],
      [
       35.1953291,
       31.8716657
      ],
      [
       35.1952529,
       31.8729879
      ],
      [
       35.1950244,
       31.8742974
      ],
      [
       35.1946458,
       31.8755816
      ],
      [
       35.1941208,
       31.8768281
      ],
      [
       35.1934545,
       31.8780249
      ],
      [
       35.1926532,
       31.8791605
      ],
      [
       35.1917246,
       31.8802239
      ],
      [
       35.1906778,
       31.8812049
      ],
      [
       35.1895227,
       31.882094
      ],
      [
       35.1882706,
       31.8828827
      ],
      [
       35.1869334,
       31.8835634
      ],
      [
       35.1855241,
       31.8841295
      ],
      [
       35.1840562,
       31.8845755
      ],
      [
       35.1825438,
       31.8848972
      ],
      [
       35.1810016,
       31.8850915
      ],
      [
       35.1794444,
       31.8851565
      ]
     ]
    ]
   }
  },
  {
   "type": "Feature",
   "properties": {
    "code": "LLU14",
    "nameHe": "פתח - תקווה",
    "nameEn": null,
    "zoneTypeCode": "LLU_DRONE",
    "floorAmslFt": null,
    "ceilingAmslFt": null,
    "aglCeilingFt": null,
    "notes": "circle: center 32°05'32\"N 34°53'18\"E, radius 1000 m (published)"
   },
   "geometry": {
    "type": "Polygon",
    "coordinates": [
     [
      [
       34.8883333,
       32.1012154
      ],
      [
       34.8872928,
       32.1011721
      ],
      [
       34.8862622,
       32.1010426
      ],
      [
       34.8852516,
       32.1008281
      ],
      [
       34.8842707,
       32.1005308
      ],
      [
       34.8833289,
       32.1001534
      ],
      [
       34.8824353,
       32.0996997
      ],
      [
       34.8815986,
       32.0991739
      ],
      [
       34.8808267,
       32.0985812
      ],
      [
       34.8801271,
       32.0979272
      ],
      [
       34.8795066,
       32.0972183
      ],
      [
       34.8789711,
       32.0964612
      ],
      [
       34.8785257,
       32.0956634
      ],
      [
       34.8781749,
       32.0948324
      ],
      [
       34.8779218,
       32.0939763
      ],
      [
       34.8777691,
       32.0931033
      ],
      [
       34.8777181,
       32.0922218
      ],
      [
       34.8777693,
       32.0913403
      ],
      [
       34.8779222,
       32.0904673
      ],
      [
       34.8781754,
       32.0896112
      ],
      [
       34.8785265,
       32.0887803
      ],
      [
       34.8789719,
       32.0879825
      ],
      [
       34.8795075,
       32.0872256
      ],
      [
       34.8801281,
       32.0865167
      ],
      [
       34.8808277,
       32.0858628
      ],
      [
       34.8815996,
       32.0852702
      ],
      [
       34.8824363,
       32.0847445
      ],
      [
       34.8833298,
       32.0842908
      ],
      [
       34.8842714,
       32.0839135
      ],
      [
       34.8852522,
       32.0836162
      ],
      [
       34.8862626,
       32.0834018
      ],
      [
       34.887293,
       32.0832723
      ],
      [
       34.8883333,
       32.083229
      ],
      [
       34.8893737,
       32.0832723
      ],
      [
       34.8904041,
       32.0834018
      ],
      [
       34.8914145,
       32.0836162
      ],
      [
       34.8923953,
       32.0839135
      ],
      [
       34.8933369,
       32.0842908
      ],
      [
       34.8942304,
       32.0847445
      ],
      [
       34.8950671,
       32.0852702
      ],
      [
       34.8958389,
       32.0858628
      ],
      [
       34.8965385,
       32.0865167
      ],
      [
       34.8971591,
       32.0872256
      ],
      [
       34.8976947,
       32.0879825
      ],
      [
       34.8981402,
       32.0887803
      ],
      [
       34.8984912,
       32.0896112
      ],
      [
       34.8987444,
       32.0904673
      ],
      [
       34.8988974,
       32.0913403
      ],
      [
       34.8989486,
       32.0922218
      ],
      [
       34.8988976,
       32.0931033
      ],
      [
       34.8987448,
       32.0939763
      ],
      [
       34.8984918,
       32.0948324
      ],
      [
       34.8981409,
       32.0956634
      ],
      [
       34.8976956,
       32.0964612
      ],
      [
       34.8971601,
       32.0972183
      ],
      [
       34.8965396,
       32.0979272
      ],
      [
       34.89584,
       32.0985812
      ],
      [
       34.8950681,
       32.0991739
      ],
      [
       34.8942314,
       32.0996997
      ],
      [
       34.8933378,
       32.1001534
      ],
      [
       34.892396,
       32.1005308
      ],
      [
       34.8914151,
       32.1008281
      ],
      [
       34.8904045,
       32.1010426
      ],
      [
       34.8893739,
       32.1011721
      ],
      [
       34.8883333,
       32.1012154
      ]
     ]
    ]
   }
  },
  {
   "type": "Feature",
   "properties": {
    "code": "LLU15",
    "nameHe": "צלמון",
    "nameEn": null,
    "zoneTypeCode": "LLU_DRONE",
    "floorAmslFt": null,
    "ceilingAmslFt": null,
    "aglCeilingFt": null,
    "notes": "circle: center 32°52'16\"N 35°26'49\"E, radius 1500 m (published)"
   },
   "geometry": {
    "type": "Polygon",
    "coordinates": [
     [
      [
       35.4469444,
       32.8846009
      ],
      [
       35.4453699,
       32.8845359
      ],
      [
       35.4438106,
       32.8843417
      ],
      [
       35.4422814,
       32.88402
      ],
      [
       35.4407972,
       32.8835739
      ],
      [
       35.4393722,
       32.8830078
      ],
      [
       35.4380201,
       32.8823272
      ],
      [
       35.436754,
       32.8815385
      ],
      [
       35.4355861,
       32.8806493
      ],
      [
       35.4345277,
       32.8796683
      ],
      [
       35.4335888,
       32.8786049
      ],
      [
       35.4327786,
       32.8774694
      ],
      [
       35.4321049,
       32.8762726
      ],
      [
       35.431574,
       32.8750261
      ],
      [
       35.4311913,
       32.8737419
      ],
      [
       35.4309602,
       32.8724323
      ],
      [
       35.4308831,
       32.8711101
      ],
      [
       35.4309607,
       32.8697879
      ],
      [
       35.4311922,
       32.8684784
      ],
      [
       35.4315754,
       32.8671943
      ],
      [
       35.4321066,
       32.8659479
      ],
      [
       35.4327806,
       32.8647513
      ],
      [
       35.4335911,
       32.8636159
      ],
      [
       35.4345301,
       32.8625527
      ],
      [
       35.4355886,
       32.8615719
      ],
      [
       35.4367564,
       32.8606829
      ],
      [
       35.4380224,
       32.8598944
      ],
      [
       35.4393742,
       32.8592139
      ],
      [
       35.4407989,
       32.858648
      ],
      [
       35.4422828,
       32.8582021
      ],
      [
       35.4438115,
       32.8578805
      ],
      [
       35.4453704,
       32.8576863
      ],
      [
       35.4469444,
       32.8576213
      ],
      [
       35.4485185,
       32.8576863
      ],
      [
       35.4500774,
       32.8578805
      ],
      [
       35.4516061,
       32.8582021
      ],
      [
       35.45309,
       32.858648
      ],
      [
       35.4545147,
       32.8592139
      ],
      [
       35.4558665,
       32.8598944
      ],
      [
       35.4571324,
       32.8606829
      ],
      [
       35.4583003,
       32.8615719
      ],
      [
       35.4593588,
       32.8625527
      ],
      [
       35.4602978,
       32.8636159
      ],
      [
       35.4611083,
       32.8647513
      ],
      [
       35.4617823,
       32.8659479
      ],
      [
       35.4623135,
       32.8671943
      ],
      [
       35.4626967,
       32.8684784
      ],
      [
       35.4629282,
       32.8697879
      ],
      [
       35.4630058,
       32.8711101
      ],
      [
       35.4629287,
       32.8724323
      ],
      [
       35.4626976,
       32.8737419
      ],
      [
       35.4623149,
       32.8750261
      ],
      [
       35.461784,
       32.8762726
      ],
      [
       35.4611103,
       32.8774694
      ],
      [
       35.4603001,
       32.8786049
      ],
      [
       35.4593612,
       32.8796683
      ],
      [
       35.4583027,
       32.8806493
      ],
      [
       35.4571348,
       32.8815385
      ],
      [
       35.4558688,
       32.8823272
      ],
      [
       35.4545167,
       32.8830078
      ],
      [
       35.4530917,
       32.8835739
      ],
      [
       35.4516075,
       32.88402
      ],
      [
       35.4500783,
       32.8843417
      ],
      [
       35.448519,
       32.8845359
      ],
      [
       35.4469444,
       32.8846009
      ]
     ]
    ]
   }
  },
  {
   "type": "Feature",
   "properties": {
    "code": "LLU16",
    "nameHe": "קישון",
    "nameEn": null,
    "zoneTypeCode": "LLU_DRONE",
    "floorAmslFt": null,
    "ceilingAmslFt": null,
    "aglCeilingFt": null,
    "notes": "circle: center 32°43'39\"N 35°05'14\"E, radius 1500 m (published)"
   },
   "geometry": {
    "type": "Polygon",
    "coordinates": [
     [
      [
       35.0872222,
       32.7409898
      ],
      [
       35.0856502,
       32.7409248
      ],
      [
       35.0840934,
       32.7407306
      ],
      [
       35.0825667,
       32.7404089
      ],
      [
       35.0810849,
       32.7399628
      ],
      [
       35.0796622,
       32.7393967
      ],
      [
       35.0783123,
       32.738716
      ],
      [
       35.0770483,
       32.7379273
      ],
      [
       35.0758823,
       32.7370382
      ],
      [
       35.0748255,
       32.7360572
      ],
      [
       35.0738882,
       32.7349938
      ],
      [
       35.0730793,
       32.7338583
      ],
      [
       35.0724066,
       32.7326615
      ],
      [
       35.0718766,
       32.7314149
      ],
      [
       35.0714945,
       32.7301307
      ],
      [
       35.0712638,
       32.7288212
      ],
      [
       35.0711868,
       32.727499
      ],
      [
       35.0712643,
       32.7261768
      ],
      [
       35.0714954,
       32.7248673
      ],
      [
       35.071878,
       32.7235832
      ],
      [
       35.0724083,
       32.7223368
      ],
      [
       35.0730813,
       32.7211402
      ],
      [
       35.0738904,
       32.7200048
      ],
      [
       35.0748279,
       32.7189415
      ],
      [
       35.0758847,
       32.7179608
      ],
      [
       35.0770507,
       32.7170718
      ],
      [
       35.0783145,
       32.7162833
      ],
      [
       35.0796642,
       32.7156028
      ],
      [
       35.0810866,
       32.7150369
      ],
      [
       35.0825681,
       32.714591
      ],
      [
       35.0840943,
       32.7142694
      ],
      [
       35.0856507,
       32.7140751
      ],
      [
       35.0872222,
       32.7140102
      ],
      [
       35.0887937,
       32.7140751
      ],
      [
       35.0903501,
       32.7142694
      ],
      [
       35.0918764,
       32.714591
      ],
      [
       35.0933578,
       32.7150369
      ],
      [
       35.0947803,
       32.7156028
      ],
      [
       35.0961299,
       32.7162833
      ],
      [
       35.0973938,
       32.7170718
      ],
      [
       35.0985598,
       32.7179608
      ],
      [
       35.0996166,
       32.7189415
      ],
      [
       35.1005541,
       32.7200048
      ],
      [
       35.1013632,
       32.7211402
      ],
      [
       35.1020361,
       32.7223368
      ],
      [
       35.1025665,
       32.7235832
      ],
      [
       35.102949,
       32.7248673
      ],
      [
       35.1031802,
       32.7261768
      ],
      [
       35.1032576,
       32.727499
      ],
      [
       35.1031806,
       32.7288212
      ],
      [
       35.10295,
       32.7301307
      ],
      [
       35.1025678,
       32.7314149
      ],
      [
       35.1020379,
       32.7326615
      ],
      [
       35.1013652,
       32.7338583
      ],
      [
       35.1005563,
       32.7349938
      ],
      [
       35.0996189,
       32.7360572
      ],
      [
       35.0985622,
       32.7370382
      ],
      [
       35.0973962,
       32.7379273
      ],
      [
       35.0961321,
       32.738716
      ],
      [
       35.0947823,
       32.7393967
      ],
      [
       35.0933596,
       32.7399628
      ],
      [
       35.0918777,
       32.7404089
      ],
      [
       35.090351,
       32.7407306
      ],
      [
       35.0887942,
       32.7409248
      ],
      [
       35.0872222,
       32.7409898
      ]
     ]
    ]
   }
  },
  {
   "type": "Feature",
   "properties": {
    "code": "LLU17",
    "nameHe": "קציעות",
    "nameEn": null,
    "zoneTypeCode": "LLU_DRONE",
    "floorAmslFt": null,
    "ceilingAmslFt": null,
    "aglCeilingFt": null,
    "notes": "circle: center 30°53'12\"N 34°27'08\"E, radius 2000 m (published)"
   },
   "geometry": {
    "type": "Polygon",
    "coordinates": [
     [
      [
       34.4522222,
       30.9046531
      ],
      [
       34.4501675,
       30.9045664
      ],
      [
       34.4481326,
       30.9043074
      ],
      [
       34.4461371,
       30.9038784
      ],
      [
       34.4442003,
       30.9032837
      ],
      [
       34.4423407,
       30.9025289
      ],
      [
       34.4405764,
       30.9016213
      ],
      [
       34.4389242,
       30.9005697
      ],
      [
       34.4374002,
       30.8993841
      ],
      [
       34.436019,
       30.8980761
      ],
      [
       34.4347939,
       30.8966582
      ],
      [
       34.4337367,
       30.8951441
      ],
      [
       34.4328575,
       30.8935483
      ],
      [
       34.4321649,
       30.8918863
      ],
      [
       34.4316655,
       30.890174
      ],
      [
       34.4313641,
       30.888428
      ],
      [
       34.4312635,
       30.886665
      ],
      [
       34.4313649,
       30.884902
      ],
      [
       34.431667,
       30.8831561
      ],
      [
       34.4321671,
       30.8814439
      ],
      [
       34.4328603,
       30.8797821
      ],
      [
       34.43374,
       30.8781866
      ],
      [
       34.4347975,
       30.8766728
      ],
      [
       34.4360229,
       30.8752552
      ],
      [
       34.4374042,
       30.8739475
      ],
      [
       34.4389281,
       30.8727623
      ],
      [
       34.44058,
       30.871711
      ],
      [
       34.442344,
       30.8708037
      ],
      [
       34.4442031,
       30.8700491
      ],
      [
       34.4461393,
       30.8694546
      ],
      [
       34.4481341,
       30.8690258
      ],
      [
       34.4501683,
       30.8687669
      ],
      [
       34.4522222,
       30.8686803
      ],
      [
       34.4542761,
       30.8687669
      ],
      [
       34.4563103,
       30.8690258
      ],
      [
       34.4583051,
       30.8694546
      ],
      [
       34.4602414,
       30.8700491
      ],
      [
       34.4621004,
       30.8708037
      ],
      [
       34.4638644,
       30.871711
      ],
      [
       34.4655163,
       30.8727623
      ],
      [
       34.4670403,
       30.8739475
      ],
      [
       34.4684216,
       30.8752552
      ],
      [
       34.4696469,
       30.8766728
      ],
      [
       34.4707045,
       30.8781866
      ],
      [
       34.4715841,
       30.8797821
      ],
      [
       34.4722773,
       30.8814439
      ],
      [
       34.4727774,
       30.8831561
      ],
      [
       34.4730796,
       30.884902
      ],
      [
       34.4731809,
       30.886665
      ],
      [
       34.4730804,
       30.888428
      ],
      [
       34.4727789,
       30.890174
      ],
      [
       34.4722795,
       30.8918863
      ],
      [
       34.4715869,
       30.8935483
      ],
      [
       34.4707078,
       30.8951441
      ],
      [
       34.4696505,
       30.8966582
      ],
      [
       34.4684254,
       30.8980761
      ],
      [
       34.4670442,
       30.8993841
      ],
      [
       34.4655202,
       30.9005697
      ],
      [
       34.4638681,
       30.9016213
      ],
      [
       34.4621037,
       30.9025289
      ],
      [
       34.4602442,
       30.9032837
      ],
      [
       34.4583073,
       30.9038784
      ],
      [
       34.4563118,
       30.9043074
      ],
      [
       34.4542769,
       30.9045664
      ],
      [
       34.4522222,
       30.9046531
      ]
     ]
    ]
   }
  },
  {
   "type": "Feature",
   "properties": {
    "code": "LLU18",
    "nameHe": "שיטה - גלבוע",
    "nameEn": null,
    "zoneTypeCode": "LLU_DRONE",
    "floorAmslFt": null,
    "ceilingAmslFt": null,
    "aglCeilingFt": null,
    "notes": "circle: center 32°32'48\"N 35°25'00\"E, radius 1500 m (published)"
   },
   "geometry": {
    "type": "Polygon",
    "coordinates": [
     [
      [
       35.4166667,
       32.5601565
      ],
      [
       35.4150979,
       32.5600915
      ],
      [
       35.4135442,
       32.5598972
      ],
      [
       35.4120206,
       32.5595755
      ],
      [
       35.4105417,
       32.5591295
      ],
      [
       35.4091219,
       32.5585634
      ],
      [
       35.4077748,
       32.5578827
      ],
      [
       35.4065133,
       32.557094
      ],
      [
       35.4053496,
       32.5562049
      ],
      [
       35.404295,
       32.5552239
      ],
      [
       35.4033595,
       32.5541605
      ],
      [
       35.4025523,
       32.5530249
      ],
      [
       35.401881,
       32.5518281
      ],
      [
       35.4013521,
       32.5505816
      ],
      [
       35.4009707,
       32.5492974
      ],
      [
       35.4007405,
       32.5479879
      ],
      [
       35.4006636,
       32.5466657
      ],
      [
       35.4007409,
       32.5453434
      ],
      [
       35.4009716,
       32.544034
      ],
      [
       35.4013534,
       32.5427499
      ],
      [
       35.4018827,
       32.5415035
      ],
      [
       35.4025543,
       32.5403068
      ],
      [
       35.4033617,
       32.5391714
      ],
      [
       35.4042973,
       32.5381082
      ],
      [
       35.405352,
       32.5371274
      ],
      [
       35.4065156,
       32.5362385
      ],
      [
       35.407777,
       32.53545
      ],
      [
       35.4091239,
       32.5347695
      ],
      [
       35.4105434,
       32.5342036
      ],
      [
       35.4120219,
       32.5337576
      ],
      [
       35.4135451,
       32.533436
      ],
      [
       35.4150983,
       32.5332418
      ],
      [
       35.4166667,
       32.5331769
      ],
      [
       35.418235,
       32.5332418
      ],
      [
       35.4197882,
       32.533436
      ],
      [
       35.4213114,
       32.5337576
      ],
      [
       35.4227899,
       32.5342036
      ],
      [
       35.4242094,
       32.5347695
      ],
      [
       35.4255564,
       32.53545
      ],
      [
       35.4268177,
       32.5362385
      ],
      [
       35.4279813,
       32.5371274
      ],
      [
       35.429036,
       32.5381082
      ],
      [
       35.4299716,
       32.5391714
      ],
      [
       35.4307791,
       32.5403068
      ],
      [
       35.4314507,
       32.5415035
      ],
      [
       35.4319799,
       32.5427499
      ],
      [
       35.4323617,
       32.544034
      ],
      [
       35.4325924,
       32.5453434
      ],
      [
       35.4326697,
       32.5466657
      ],
      [
       35.4325929,
       32.5479879
      ],
      [
       35.4323627,
       32.5492974
      ],
      [
       35.4319813,
       32.5505816
      ],
      [
       35.4314524,
       32.5518281
      ],
      [
       35.4307811,
       32.5530249
      ],
      [
       35.4299738,
       32.5541605
      ],
      [
       35.4290384,
       32.5552239
      ],
      [
       35.4279837,
       32.5562049
      ],
      [
       35.4268201,
       32.557094
      ],
      [
       35.4255586,
       32.5578827
      ],
      [
       35.4242114,
       32.5585634
      ],
      [
       35.4227916,
       32.5591295
      ],
      [
       35.4213128,
       32.5595755
      ],
      [
       35.4197892,
       32.5598972
      ],
      [
       35.4182355,
       32.5600915
      ],
      [
       35.4166667,
       32.5601565
      ]
     ]
    ]
   }
  },
  {
   "type": "Feature",
   "properties": {
    "code": "LLU19",
    "nameHe": "שיקמה",
    "nameEn": null,
    "zoneTypeCode": "LLU_DRONE",
    "floorAmslFt": null,
    "ceilingAmslFt": null,
    "aglCeilingFt": null,
    "notes": "circle: center 31°39'49\"N 34°35'42\"E, radius 500 m (published)"
   },
   "geometry": {
    "type": "Polygon",
    "coordinates": [
     [
      [
       34.595,
       31.6681077
      ],
      [
       34.5944821,
       31.6680861
      ],
      [
       34.5939693,
       31.6680213
      ],
      [
       34.5934664,
       31.6679141
      ],
      [
       34.5929782,
       31.6677654
      ],
      [
       34.5925095,
       31.6675767
      ],
      [
       34.5920648,
       31.6673499
      ],
      [
       34.5916484,
       31.667087
      ],
      [
       34.5912642,
       31.6667906
      ],
      [
       34.5909161,
       31.6664637
      ],
      [
       34.5906072,
       31.6661092
      ],
      [
       34.5903407,
       31.6657307
      ],
      [
       34.590119,
       31.6653318
      ],
      [
       34.5899444,
       31.6649163
      ],
      [
       34.5898185,
       31.6644882
      ],
      [
       34.5897424,
       31.6640517
      ],
      [
       34.589717,
       31.663611
      ],
      [
       34.5897425,
       31.6631703
      ],
      [
       34.5898186,
       31.6627338
      ],
      [
       34.5899446,
       31.6623057
      ],
      [
       34.5901192,
       31.6618902
      ],
      [
       34.5903409,
       31.6614913
      ],
      [
       34.5906075,
       31.6611129
      ],
      [
       34.5909163,
       31.6607584
      ],
      [
       34.5912645,
       31.6604315
      ],
      [
       34.5916486,
       31.6601351
      ],
      [
       34.592065,
       31.6598723
      ],
      [
       34.5925097,
       31.6596454
      ],
      [
       34.5929784,
       31.6594568
      ],
      [
       34.5934665,
       31.6593081
      ],
      [
       34.5939694,
       31.6592009
      ],
      [
       34.5944822,
       31.6591362
      ],
      [
       34.595,
       31.6591145
      ],
      [
       34.5955178,
       31.6591362
      ],
      [
       34.5960306,
       31.6592009
      ],
      [
       34.5965335,
       31.6593081
      ],
      [
       34.5970216,
       31.6594568
      ],
      [
       34.5974903,
       31.6596454
      ],
      [
       34.597935,
       31.6598723
      ],
      [
       34.5983514,
       31.6601351
      ],
      [
       34.5987355,
       31.6604315
      ],
      [
       34.5990837,
       31.6607584
      ],
      [
       34.5993925,
       31.6611129
      ],
      [
       34.5996591,
       31.6614913
      ],
      [
       34.5998808,
       31.6618902
      ],
      [
       34.6000554,
       31.6623057
      ],
      [
       34.6001814,
       31.6627338
      ],
      [
       34.6002575,
       31.6631703
      ],
      [
       34.600283,
       31.663611
      ],
      [
       34.6002576,
       31.6640517
      ],
      [
       34.6001815,
       31.6644882
      ],
      [
       34.6000556,
       31.6649163
      ],
      [
       34.599881,
       31.6653318
      ],
      [
       34.5996593,
       31.6657307
      ],
      [
       34.5993928,
       31.6661092
      ],
      [
       34.5990839,
       31.6664637
      ],
      [
       34.5987358,
       31.6667906
      ],
      [
       34.5983516,
       31.667087
      ],
      [
       34.5979352,
       31.6673499
      ],
      [
       34.5974905,
       31.6675767
      ],
      [
       34.5970218,
       31.6677654
      ],
      [
       34.5965336,
       31.6679141
      ],
      [
       34.5960307,
       31.6680213
      ],
      [
       34.5955179,
       31.6680861
      ],
      [
       34.595,
       31.6681077
      ]
     ]
    ]
   }
  },
  {
   "type": "Feature",
   "properties": {
    "code": "LLU20",
    "nameHe": "תל אביב",
    "nameEn": null,
    "zoneTypeCode": "LLU_DRONE",
    "floorAmslFt": null,
    "ceilingAmslFt": null,
    "aglCeilingFt": null,
    "notes": "circle: center 32°06'21\"N 34°48'09\"E, radius 1000 m (published)"
   },
   "geometry": {
    "type": "Polygon",
    "coordinates": [
     [
      [
       34.8025,
       32.1148265
      ],
      [
       34.8014593,
       32.1147832
      ],
      [
       34.8004286,
       32.1146537
      ],
      [
       34.7994178,
       32.1144393
      ],
      [
       34.7984367,
       32.1141419
      ],
      [
       34.7974948,
       32.1137645
      ],
      [
       34.7966011,
       32.1133108
      ],
      [
       34.7957642,
       32.112785
      ],
      [
       34.7949922,
       32.1121923
      ],
      [
       34.7942925,
       32.1115383
      ],
      [
       34.7936719,
       32.1108294
      ],
      [
       34.7931363,
       32.1100724
      ],
      [
       34.7926909,
       32.1092745
      ],
      [
       34.79234,
       32.1084435
      ],
      [
       34.7920869,
       32.1075874
      ],
      [
       34.7919342,
       32.1067144
      ],
      [
       34.7918831,
       32.1058329
      ],
      [
       34.7919344,
       32.1049514
      ],
      [
       34.7920873,
       32.1040784
      ],
      [
       34.7923406,
       32.1032223
      ],
      [
       34.7926917,
       32.1023914
      ],
      [
       34.7931372,
       32.1015936
      ],
      [
       34.7936729,
       32.1008367
      ],
      [
       34.7942936,
       32.1001278
      ],
      [
       34.7949933,
       32.099474
      ],
      [
       34.7957652,
       32.0988813
      ],
      [
       34.7966021,
       32.0983556
      ],
      [
       34.7974957,
       32.0979019
      ],
      [
       34.7984375,
       32.0975246
      ],
      [
       34.7994184,
       32.0972273
      ],
      [
       34.800429,
       32.0970129
      ],
      [
       34.8014595,
       32.0968834
      ],
      [
       34.8025,
       32.0968401
      ],
      [
       34.8035405,
       32.0968834
      ],
      [
       34.804571,
       32.0970129
      ],
      [
       34.8055816,
       32.0972273
      ],
      [
       34.8065625,
       32.0975246
      ],
      [
       34.8075043,
       32.0979019
      ],
      [
       34.8083979,
       32.0983556
      ],
      [
       34.8092348,
       32.0988813
      ],
      [
       34.8100067,
       32.099474
      ],
      [
       34.8107064,
       32.1001278
      ],
      [
       34.8113271,
       32.1008367
      ],
      [
       34.8118628,
       32.1015936
      ],
      [
       34.8123083,
       32.1023914
      ],
      [
       34.8126594,
       32.1032223
      ],
      [
       34.8129127,
       32.1040784
      ],
      [
       34.8130656,
       32.1049514
      ],
      [
       34.8131169,
       32.1058329
      ],
      [
       34.8130658,
       32.1067144
      ],
      [
       34.8129131,
       32.1075874
      ],
      [
       34.81266,
       32.1084435
      ],
      [
       34.8123091,
       32.1092745
      ],
      [
       34.8118637,
       32.1100724
      ],
      [
       34.8113281,
       32.1108294
      ],
      [
       34.8107075,
       32.1115383
      ],
      [
       34.8100078,
       32.1121923
      ],
      [
       34.8092358,
       32.112785
      ],
      [
       34.8083989,
       32.1133108
      ],
      [
       34.8075052,
       32.1137645
      ],
      [
       34.8065633,
       32.1141419
      ],
      [
       34.8055822,
       32.1144393
      ],
      [
       34.8045714,
       32.1146537
      ],
      [
       34.8035407,
       32.1147832
      ],
      [
       34.8025,
       32.1148265
      ]
     ]
    ]
   }
  },
  {
   "type": "Feature",
   "properties": {
    "code": "LLU21",
    "nameHe": "גלילות",
    "nameEn": null,
    "zoneTypeCode": "LLU_DRONE",
    "floorAmslFt": null,
    "ceilingAmslFt": null,
    "aglCeilingFt": null,
    "notes": "circle: center 32°08'38\"N 34°48'18\"E, radius 500 m (published)"
   },
   "geometry": {
    "type": "Polygon",
    "coordinates": [
     [
      [
       34.805,
       32.1483855
      ],
      [
       34.8044794,
       32.1483638
      ],
      [
       34.8039639,
       32.1482991
      ],
      [
       34.8034583,
       32.1481919
      ],
      [
       34.8029676,
       32.1480432
      ],
      [
       34.8024965,
       32.1478545
      ],
      [
       34.8020494,
       32.1476276
      ],
      [
       34.8016308,
       32.1473648
      ],
      [
       34.8012447,
       32.1470684
      ],
      [
       34.8008947,
       32.1467414
      ],
      [
       34.8005842,
       32.146387
      ],
      [
       34.8003163,
       32.1460085
      ],
      [
       34.8000935,
       32.1456096
      ],
      [
       34.799918,
       32.1451941
      ],
      [
       34.7997913,
       32.144766
      ],
      [
       34.7997149,
       32.1443295
      ],
      [
       34.7996894,
       32.1438888
      ],
      [
       34.799715,
       32.143448
      ],
      [
       34.7997914,
       32.1430115
      ],
      [
       34.7999181,
       32.1425835
      ],
      [
       34.8000937,
       32.142168
      ],
      [
       34.8003165,
       32.1417691
      ],
      [
       34.8005845,
       32.1413906
      ],
      [
       34.8008949,
       32.1410362
      ],
      [
       34.8012449,
       32.1407093
      ],
      [
       34.8016311,
       32.1404129
      ],
      [
       34.8020497,
       32.1401501
      ],
      [
       34.8024967,
       32.1399232
      ],
      [
       34.8029678,
       32.1397346
      ],
      [
       34.8034585,
       32.1395859
      ],
      [
       34.803964,
       32.1394787
      ],
      [
       34.8044795,
       32.1394139
      ],
      [
       34.805,
       32.1393923
      ],
      [
       34.8055205,
       32.1394139
      ],
      [
       34.806036,
       32.1394787
      ],
      [
       34.8065415,
       32.1395859
      ],
      [
       34.8070322,
       32.1397346
      ],
      [
       34.8075033,
       32.1399232
      ],
      [
       34.8079503,
       32.1401501
      ],
      [
       34.8083689,
       32.1404129
      ],
      [
       34.8087551,
       32.1407093
      ],
      [
       34.8091051,
       32.1410362
      ],
      [
       34.8094155,
       32.1413906
      ],
      [
       34.8096835,
       32.1417691
      ],
      [
       34.8099063,
       32.142168
      ],
      [
       34.8100819,
       32.1425835
      ],
      [
       34.8102086,
       32.1430115
      ],
      [
       34.810285,
       32.143448
      ],
      [
       34.8103106,
       32.1438888
      ],
      [
       34.8102851,
       32.1443295
      ],
      [
       34.8102087,
       32.144766
      ],
      [
       34.810082,
       32.1451941
      ],
      [
       34.8099065,
       32.1456096
      ],
      [
       34.8096837,
       32.1460085
      ],
      [
       34.8094158,
       32.146387
      ],
      [
       34.8091053,
       32.1467414
      ],
      [
       34.8087553,
       32.1470684
      ],
      [
       34.8083692,
       32.1473648
      ],
      [
       34.8079506,
       32.1476276
      ],
      [
       34.8075035,
       32.1478545
      ],
      [
       34.8070324,
       32.1480432
      ],
      [
       34.8065417,
       32.1481919
      ],
      [
       34.8060361,
       32.1482991
      ],
      [
       34.8055206,
       32.1483638
      ],
      [
       34.805,
       32.1483855
      ]
     ]
    ]
   }
  },
  {
   "type": "Feature",
   "properties": {
    "code": "LLU22",
    "nameHe": "ירוחם",
    "nameEn": null,
    "zoneTypeCode": "LLU_DRONE",
    "floorAmslFt": null,
    "ceilingAmslFt": null,
    "aglCeilingFt": null,
    "notes": "polygon zone: מרחב אווירי 1 (6 vertices); מרחב אווירי מס ' 2 (4 vertices)"
   },
   "geometry": {
    "type": "MultiPolygon",
    "coordinates": [
     [
      [
       [
        34.9308333,
        30.975
       ],
       [
        34.9455556,
        30.9730556
       ],
       [
        34.9522222,
        30.9675
       ],
       [
        34.9469444,
        30.9525
       ],
       [
        34.94,
        30.9433333
       ],
       [
        34.9155556,
        30.9497222
       ],
       [
        34.9308333,
        30.975
       ]
      ]
     ],
     [
      [
       [
        34.9308333,
        30.975
       ],
       [
        34.9155556,
        30.9497222
       ],
       [
        34.8961111,
        30.9544444
       ],
       [
        34.9069444,
        30.9786111
       ],
       [
        34.9308333,
        30.975
       ]
      ]
     ]
    ]
   }
  },
  {
   "type": "Feature",
   "properties": {
    "code": "LLU23",
    "nameHe": "נגבה",
    "nameEn": null,
    "zoneTypeCode": "LLU_DRONE",
    "floorAmslFt": null,
    "ceilingAmslFt": null,
    "aglCeilingFt": null,
    "notes": "circle: center 31°38'23\"N 34°44'24\"E, radius 300 m (published)"
   },
   "geometry": {
    "type": "Polygon",
    "coordinates": [
     [
      [
       34.74,
       31.6424202
      ],
      [
       34.7396894,
       31.6424072
      ],
      [
       34.7393817,
       31.6423683
      ],
      [
       34.7390801,
       31.642304
      ],
      [
       34.7387872,
       31.6422148
      ],
      [
       34.7385061,
       31.6421016
      ],
      [
       34.7382394,
       31.6419655
      ],
      [
       34.7379896,
       31.6418078
      ],
      [
       34.7377591,
       31.6416299
      ],
      [
       34.7375503,
       31.6414338
      ],
      [
       34.737365,
       31.6412211
      ],
      [
       34.7372052,
       31.640994
      ],
      [
       34.7370722,
       31.6407547
      ],
      [
       34.7369674,
       31.6405054
      ],
      [
       34.7368919,
       31.6402485
      ],
      [
       34.7368463,
       31.6399866
      ],
      [
       34.736831,
       31.6397222
      ],
      [
       34.7368463,
       31.6394577
      ],
      [
       34.7368919,
       31.6391958
      ],
      [
       34.7369675,
       31.638939
      ],
      [
       34.7370723,
       31.6386897
      ],
      [
       34.7372052,
       31.6384504
      ],
      [
       34.7373651,
       31.6382233
      ],
      [
       34.7375504,
       31.6380106
      ],
      [
       34.7377592,
       31.6378145
      ],
      [
       34.7379897,
       31.6376367
      ],
      [
       34.7382394,
       31.6374789
      ],
      [
       34.7385062,
       31.6373428
      ],
      [
       34.7387873,
       31.6372296
      ],
      [
       34.7390801,
       31.6371404
      ],
      [
       34.7393818,
       31.6370761
      ],
      [
       34.7396894,
       31.6370373
      ],
      [
       34.74,
       31.6370243
      ],
      [
       34.7403106,
       31.6370373
      ],
      [
       34.7406182,
       31.6370761
      ],
      [
       34.7409199,
       31.6371404
      ],
      [
       34.7412127,
       31.6372296
      ],
      [
       34.7414938,
       31.6373428
      ],
      [
       34.7417606,
       31.6374789
      ],
      [
       34.7420103,
       31.6376367
      ],
      [
       34.7422408,
       31.6378145
      ],
      [
       34.7424496,
       31.6380106
      ],
      [
       34.7426349,
       31.6382233
      ],
      [
       34.7427948,
       31.6384504
      ],
      [
       34.7429277,
       31.6386897
      ],
      [
       34.7430325,
       31.638939
      ],
      [
       34.7431081,
       31.6391958
      ],
      [
       34.7431537,
       31.6394577
      ],
      [
       34.743169,
       31.6397222
      ],
      [
       34.7431537,
       31.6399866
      ],
      [
       34.7431081,
       31.6402485
      ],
      [
       34.7430326,
       31.6405054
      ],
      [
       34.7429278,
       31.6407547
      ],
      [
       34.7427948,
       31.640994
      ],
      [
       34.742635,
       31.6412211
      ],
      [
       34.7424497,
       31.6414338
      ],
      [
       34.7422409,
       31.6416299
      ],
      [
       34.7420104,
       31.6418078
      ],
      [
       34.7417606,
       31.6419655
      ],
      [
       34.7414939,
       31.6421016
      ],
      [
       34.7412128,
       31.6422148
      ],
      [
       34.7409199,
       31.642304
      ],
      [
       34.7406183,
       31.6423683
      ],
      [
       34.7403106,
       31.6424072
      ],
      [
       34.74,
       31.6424202
      ]
     ]
    ]
   }
  },
  {
   "type": "Feature",
   "properties": {
    "code": "LLU24",
    "nameHe": "מפקדת מג \" ב ירושלים",
    "nameEn": null,
    "zoneTypeCode": "LLU_DRONE",
    "floorAmslFt": null,
    "ceilingAmslFt": null,
    "aglCeilingFt": null,
    "notes": "circle: center 31°47'39\"N 35°13'41\"E, radius 100 m (published)"
   },
   "geometry": {
    "type": "Polygon",
    "coordinates": [
     [
      [
       35.2280556,
       31.795066
      ],
      [
       35.2279518,
       31.7950617
      ],
      [
       35.2278491,
       31.7950487
      ],
      [
       35.2277484,
       31.7950273
      ],
      [
       35.2276506,
       31.7949975
      ],
      [
       35.2275568,
       31.7949598
      ],
      [
       35.2274677,
       31.7949144
      ],
      [
       35.2273843,
       31.7948618
      ],
      [
       35.2273074,
       31.7948026
      ],
      [
       35.2272376,
       31.7947372
      ],
      [
       35.2271758,
       31.7946663
      ],
      [
       35.2271224,
       31.7945906
      ],
      [
       35.227078,
       31.7945108
      ],
      [
       35.227043,
       31.7944277
      ],
      [
       35.2270178,
       31.7943421
      ],
      [
       35.2270026,
       31.7942548
      ],
      [
       35.2269975,
       31.7941667
      ],
      [
       35.2270026,
       31.7940785
      ],
      [
       35.2270178,
       31.7939912
      ],
      [
       35.227043,
       31.7939056
      ],
      [
       35.227078,
       31.7938225
      ],
      [
       35.2271224,
       31.7937427
      ],
      [
       35.2271758,
       31.793667
      ],
      [
       35.2272376,
       31.7935961
      ],
      [
       35.2273074,
       31.7935307
      ],
      [
       35.2273843,
       31.7934715
      ],
      [
       35.2274677,
       31.7934189
      ],
      [
       35.2275568,
       31.7933735
      ],
      [
       35.2276506,
       31.7933358
      ],
      [
       35.2277484,
       31.7933061
      ],
      [
       35.2278491,
       31.7932846
      ],
      [
       35.2279518,
       31.7932717
      ],
      [
       35.2280556,
       31.7932673
      ],
      [
       35.2281593,
       31.7932717
      ],
      [
       35.228262,
       31.7932846
      ],
      [
       35.2283627,
       31.7933061
      ],
      [
       35.2284605,
       31.7933358
      ],
      [
       35.2285543,
       31.7933735
      ],
      [
       35.2286434,
       31.7934189
      ],
      [
       35.2287268,
       31.7934715
      ],
      [
       35.2288037,
       31.7935307
      ],
      [
       35.2288735,
       31.7935961
      ],
      [
       35.2289353,
       31.793667
      ],
      [
       35.2289887,
       31.7937427
      ],
      [
       35.2290331,
       31.7938225
      ],
      [
       35.2290681,
       31.7939056
      ],
      [
       35.2290933,
       31.7939912
      ],
      [
       35.2291086,
       31.7940785
      ],
      [
       35.2291136,
       31.7941667
      ],
      [
       35.2291086,
       31.7942548
      ],
      [
       35.2290933,
       31.7943421
      ],
      [
       35.2290681,
       31.7944277
      ],
      [
       35.2290331,
       31.7945108
      ],
      [
       35.2289887,
       31.7945906
      ],
      [
       35.2289353,
       31.7946663
      ],
      [
       35.2288735,
       31.7947372
      ],
      [
       35.2288037,
       31.7948026
      ],
      [
       35.2287268,
       31.7948618
      ],
      [
       35.2286434,
       31.7949144
      ],
      [
       35.2285543,
       31.7949598
      ],
      [
       35.2284605,
       31.7949975
      ],
      [
       35.2283627,
       31.7950273
      ],
      [
       35.228262,
       31.7950487
      ],
      [
       35.2281593,
       31.7950617
      ],
      [
       35.2280556,
       31.795066
      ]
     ]
    ]
   }
  },
  {
   "type": "Feature",
   "properties": {
    "code": "LLU25",
    "nameHe": "מרחב אילת",
    "nameEn": null,
    "zoneTypeCode": "LLU_DRONE",
    "floorAmslFt": null,
    "ceilingAmslFt": null,
    "aglCeilingFt": null,
    "notes": "circle: center 29°33'28\"N 34°57'19\"E, radius 100 m (published)"
   },
   "geometry": {
    "type": "Polygon",
    "coordinates": [
     [
      [
       34.9552778,
       29.5586771
      ],
      [
       34.9551764,
       29.5586728
      ],
      [
       34.9550761,
       29.5586598
      ],
      [
       34.9549777,
       29.5586384
      ],
      [
       34.9548821,
       29.5586086
      ],
      [
       34.9547904,
       29.5585709
      ],
      [
       34.9547034,
       29.5585255
      ],
      [
       34.9546219,
       29.558473
      ],
      [
       34.9545467,
       29.5584137
      ],
      [
       34.9544786,
       29.5583483
      ],
      [
       34.9544181,
       29.5582774
      ],
      [
       34.954366,
       29.5582017
      ],
      [
       34.9543226,
       29.5581219
      ],
      [
       34.9542884,
       29.5580388
      ],
      [
       34.9542638,
       29.5579532
      ],
      [
       34.9542489,
       29.5578659
      ],
      [
       34.9542439,
       29.5577778
      ],
      [
       34.9542489,
       29.5576896
      ],
      [
       34.9542638,
       29.5576023
      ],
      [
       34.9542884,
       29.5575167
      ],
      [
       34.9543226,
       29.5574336
      ],
      [
       34.954366,
       29.5573538
      ],
      [
       34.9544182,
       29.5572781
      ],
      [
       34.9544786,
       29.5572073
      ],
      [
       34.9545467,
       29.5571419
      ],
      [
       34.9546219,
       29.5570826
      ],
      [
       34.9547034,
       29.55703
      ],
      [
       34.9547904,
       29.5569846
      ],
      [
       34.9548821,
       29.5569469
      ],
      [
       34.9549777,
       29.5569172
      ],
      [
       34.9550761,
       29.5568957
      ],
      [
       34.9551764,
       29.5568828
      ],
      [
       34.9552778,
       29.5568785
      ],
      [
       34.9553791,
       29.5568828
      ],
      [
       34.9554795,
       29.5568957
      ],
      [
       34.9555779,
       29.5569172
      ],
      [
       34.9556734,
       29.5569469
      ],
      [
       34.9557651,
       29.5569846
      ],
      [
       34.9558522,
       29.55703
      ],
      [
       34.9559337,
       29.5570826
      ],
      [
       34.9560088,
       29.5571419
      ],
      [
       34.956077,
       29.5572073
      ],
      [
       34.9561374,
       29.5572781
      ],
      [
       34.9561896,
       29.5573538
      ],
      [
       34.9562329,
       29.5574336
      ],
      [
       34.9562671,
       29.5575167
      ],
      [
       34.9562918,
       29.5576023
      ],
      [
       34.9563067,
       29.5576896
      ],
      [
       34.9563116,
       29.5577778
      ],
      [
       34.9563067,
       29.5578659
      ],
      [
       34.9562918,
       29.5579532
      ],
      [
       34.9562671,
       29.5580388
      ],
      [
       34.956233,
       29.5581219
      ],
      [
       34.9561896,
       29.5582017
      ],
      [
       34.9561374,
       29.5582774
      ],
      [
       34.956077,
       29.5583483
      ],
      [
       34.9560088,
       29.5584137
      ],
      [
       34.9559337,
       29.558473
      ],
      [
       34.9558522,
       29.5585255
      ],
      [
       34.9557651,
       29.5585709
      ],
      [
       34.9556734,
       29.5586086
      ],
      [
       34.9555779,
       29.5586384
      ],
      [
       34.9554795,
       29.5586598
      ],
      [
       34.9553791,
       29.5586728
      ],
      [
       34.9552778,
       29.5586771
      ]
     ]
    ]
   }
  },
  {
   "type": "Feature",
   "properties": {
    "code": "LLU26",
    "nameHe": "מרחב דוד",
    "nameEn": null,
    "zoneTypeCode": "LLU_DRONE",
    "floorAmslFt": null,
    "ceilingAmslFt": null,
    "aglCeilingFt": null,
    "notes": "circle: center 31°46'31\"N 35°13'42\"E, radius 100 m (published)"
   },
   "geometry": {
    "type": "Polygon",
    "coordinates": [
     [
      [
       35.2283333,
       31.7761771
      ],
      [
       35.2282296,
       31.7761728
      ],
      [
       35.228127,
       31.7761598
      ],
      [
       35.2280262,
       31.7761384
      ],
      [
       35.2279285,
       31.7761086
      ],
      [
       35.2278347,
       31.7760709
      ],
      [
       35.2277456,
       31.7760255
      ],
      [
       35.2276622,
       31.775973
      ],
      [
       35.2275853,
       31.7759137
      ],
      [
       35.2275156,
       31.7758483
      ],
      [
       35.2274537,
       31.7757774
      ],
      [
       35.2274004,
       31.7757017
      ],
      [
       35.227356,
       31.7756219
      ],
      [
       35.227321,
       31.7755388
      ],
      [
       35.2272958,
       31.7754532
      ],
      [
       35.2272806,
       31.7753659
      ],
      [
       35.2272755,
       31.7752778
      ],
      [
       35.2272806,
       31.7751896
      ],
      [
       35.2272958,
       31.7751023
      ],
      [
       35.227321,
       31.7750167
      ],
      [
       35.227356,
       31.7749336
      ],
      [
       35.2274004,
       31.7748538
      ],
      [
       35.2274537,
       31.7747781
      ],
      [
       35.2275156,
       31.7747073
      ],
      [
       35.2275853,
       31.7746419
      ],
      [
       35.2276622,
       31.7745826
      ],
      [
       35.2277456,
       31.77453
      ],
      [
       35.2278347,
       31.7744846
      ],
      [
       35.2279285,
       31.7744469
      ],
      [
       35.2280263,
       31.7744172
      ],
      [
       35.228127,
       31.7743957
      ],
      [
       35.2282296,
       31.7743828
      ],
      [
       35.2283333,
       31.7743785
      ],
      [
       35.228437,
       31.7743828
      ],
      [
       35.2285397,
       31.7743957
      ],
      [
       35.2286404,
       31.7744172
      ],
      [
       35.2287382,
       31.7744469
      ],
      [
       35.228832,
       31.7744846
      ],
      [
       35.2289211,
       31.77453
      ],
      [
       35.2290044,
       31.7745826
      ],
      [
       35.2290814,
       31.7746419
      ],
      [
       35.2291511,
       31.7747073
      ],
      [
       35.2292129,
       31.7747781
      ],
      [
       35.2292663,
       31.7748538
      ],
      [
       35.2293107,
       31.7749336
      ],
      [
       35.2293457,
       31.7750167
      ],
      [
       35.2293709,
       31.7751023
      ],
      [
       35.2293861,
       31.7751896
      ],
      [
       35.2293912,
       31.7752778
      ],
      [
       35.2293861,
       31.7753659
      ],
      [
       35.2293709,
       31.7754532
      ],
      [
       35.2293457,
       31.7755388
      ],
      [
       35.2293107,
       31.7756219
      ],
      [
       35.2292663,
       31.7757017
      ],
      [
       35.2292129,
       31.7757774
      ],
      [
       35.2291511,
       31.7758483
      ],
      [
       35.2290814,
       31.7759137
      ],
      [
       35.2290044,
       31.775973
      ],
      [
       35.2289211,
       31.7760255
      ],
      [
       35.228832,
       31.7760709
      ],
      [
       35.2287382,
       31.7761086
      ],
      [
       35.2286404,
       31.7761384
      ],
      [
       35.2285397,
       31.7761598
      ],
      [
       35.228437,
       31.7761728
      ],
      [
       35.2283333,
       31.7761771
      ]
     ]
    ]
   }
  },
  {
   "type": "Feature",
   "properties": {
    "code": "LLU27",
    "nameHe": "מחוז מרכז",
    "nameEn": null,
    "zoneTypeCode": "LLU_DRONE",
    "floorAmslFt": null,
    "ceilingAmslFt": null,
    "aglCeilingFt": null,
    "notes": "circle: center 31°55'48\"N 34°52'09\"E, radius 150 m (published)"
   },
   "geometry": {
    "type": "Polygon",
    "coordinates": [
     [
      [
       34.8691667,
       31.931349
      ],
      [
       34.8690109,
       31.9313425
      ],
      [
       34.8688566,
       31.9313231
      ],
      [
       34.8687053,
       31.9312909
      ],
      [
       34.8685584,
       31.9312463
      ],
      [
       34.8684174,
       31.9311897
      ],
      [
       34.8682836,
       31.9311216
      ],
      [
       34.8681583,
       31.9310428
      ],
      [
       34.8680427,
       31.9309539
      ],
      [
       34.867938,
       31.9308558
      ],
      [
       34.8678451,
       31.9307494
      ],
      [
       34.8677649,
       31.9306359
      ],
      [
       34.8676982,
       31.9305162
      ],
      [
       34.8676456,
       31.9303916
      ],
      [
       34.8676077,
       31.9302632
      ],
      [
       34.8675848,
       31.9301322
      ],
      [
       34.8675772,
       31.93
      ],
      [
       34.8675848,
       31.9298678
      ],
      [
       34.8676077,
       31.9297368
      ],
      [
       34.8676456,
       31.9296084
      ],
      [
       34.8676982,
       31.9294838
      ],
      [
       34.8677649,
       31.9293641
      ],
      [
       34.8678451,
       31.9292505
      ],
      [
       34.867938,
       31.9291442
      ],
      [
       34.8680427,
       31.9290461
      ],
      [
       34.8681583,
       31.9289572
      ],
      [
       34.8682836,
       31.9288784
      ],
      [
       34.8684174,
       31.9288103
      ],
      [
       34.8685584,
       31.9287537
      ],
      [
       34.8687053,
       31.9287091
      ],
      [
       34.8688566,
       31.9286769
      ],
      [
       34.8690109,
       31.9286575
      ],
      [
       34.8691667,
       31.928651
      ],
      [
       34.8693225,
       31.9286575
      ],
      [
       34.8694768,
       31.9286769
      ],
      [
       34.8696281,
       31.9287091
      ],
      [
       34.8697749,
       31.9287537
      ],
      [
       34.8699159,
       31.9288103
      ],
      [
       34.8700497,
       31.9288784
      ],
      [
       34.870175,
       31.9289572
      ],
      [
       34.8702906,
       31.9290461
      ],
      [
       34.8703953,
       31.9291442
      ],
      [
       34.8704883,
       31.9292505
      ],
      [
       34.8705685,
       31.9293641
      ],
      [
       34.8706351,
       31.9294838
      ],
      [
       34.8706877,
       31.9296084
      ],
      [
       34.8707256,
       31.9297368
      ],
      [
       34.8707485,
       31.9298678
      ],
      [
       34.8707561,
       31.93
      ],
      [
       34.8707485,
       31.9301322
      ],
      [
       34.8707256,
       31.9302632
      ],
      [
       34.8706877,
       31.9303916
      ],
      [
       34.8706352,
       31.9305162
      ],
      [
       34.8705685,
       31.9306359
      ],
      [
       34.8704883,
       31.9307494
      ],
      [
       34.8703954,
       31.9308558
      ],
      [
       34.8702906,
       31.9309539
      ],
      [
       34.870175,
       31.9310428
      ],
      [
       34.8700497,
       31.9311216
      ],
      [
       34.869916,
       31.9311897
      ],
      [
       34.8697749,
       31.9312463
      ],
      [
       34.8696281,
       31.9312909
      ],
      [
       34.8694768,
       31.9313231
      ],
      [
       34.8693225,
       31.9313425
      ],
      [
       34.8691667,
       31.931349
      ]
     ]
    ]
   }
  },
  {
   "type": "Feature",
   "properties": {
    "code": "LLU28",
    "nameHe": "תחנת ראשון לציון",
    "nameEn": null,
    "zoneTypeCode": "LLU_DRONE",
    "floorAmslFt": null,
    "ceilingAmslFt": null,
    "aglCeilingFt": null,
    "notes": "circle: center 31°58'29\"N 34°47'50\"E, radius 100 m (published)"
   },
   "geometry": {
    "type": "Polygon",
    "coordinates": [
     [
      [
       34.7972222,
       31.9756215
      ],
      [
       34.7971183,
       31.9756172
      ],
      [
       34.7970154,
       31.9756043
      ],
      [
       34.7969145,
       31.9755828
      ],
      [
       34.7968165,
       31.9755531
      ],
      [
       34.7967225,
       31.9755154
      ],
      [
       34.7966332,
       31.97547
      ],
      [
       34.7965497,
       31.9754174
      ],
      [
       34.7964726,
       31.9753581
      ],
      [
       34.7964027,
       31.9752927
      ],
      [
       34.7963407,
       31.9752219
      ],
      [
       34.7962872,
       31.9751462
      ],
      [
       34.7962428,
       31.9750664
      ],
      [
       34.7962077,
       31.9749833
      ],
      [
       34.7961824,
       31.9748977
      ],
      [
       34.7961672,
       31.9748104
      ],
      [
       34.7961621,
       31.9747222
      ],
      [
       34.7961672,
       31.9746341
      ],
      [
       34.7961824,
       31.9745468
      ],
      [
       34.7962077,
       31.9744612
      ],
      [
       34.7962428,
       31.9743781
      ],
      [
       34.7962872,
       31.9742983
      ],
      [
       34.7963407,
       31.9742226
      ],
      [
       34.7964027,
       31.9741517
      ],
      [
       34.7964726,
       31.9740863
      ],
      [
       34.7965497,
       31.974027
      ],
      [
       34.7966332,
       31.9739745
      ],
      [
       34.7967225,
       31.9739291
      ],
      [
       34.7968165,
       31.9738914
      ],
      [
       34.7969145,
       31.9738616
      ],
      [
       34.7970154,
       31.9738402
      ],
      [
       34.7971183,
       31.9738272
      ],
      [
       34.7972222,
       31.9738229
      ],
      [
       34.7973261,
       31.9738272
      ],
      [
       34.797429,
       31.9738402
      ],
      [
       34.79753,
       31.9738616
      ],
      [
       34.7976279,
       31.9738914
      ],
      [
       34.797722,
       31.9739291
      ],
      [
       34.7978112,
       31.9739745
      ],
      [
       34.7978948,
       31.974027
      ],
      [
       34.7979719,
       31.9740863
      ],
      [
       34.7980417,
       31.9741517
      ],
      [
       34.7981037,
       31.9742226
      ],
      [
       34.7981572,
       31.9742983
      ],
      [
       34.7982017,
       31.9743781
      ],
      [
       34.7982367,
       31.9744612
      ],
      [
       34.798262,
       31.9745468
      ],
      [
       34.7982773,
       31.9746341
      ],
      [
       34.7982824,
       31.9747222
      ],
      [
       34.7982773,
       31.9748104
      ],
      [
       34.798262,
       31.9748977
      ],
      [
       34.7982367,
       31.9749833
      ],
      [
       34.7982017,
       31.9750664
      ],
      [
       34.7981572,
       31.9751462
      ],
      [
       34.7981037,
       31.9752219
      ],
      [
       34.7980417,
       31.9752927
      ],
      [
       34.7979719,
       31.9753581
      ],
      [
       34.7978948,
       31.9754174
      ],
      [
       34.7978112,
       31.97547
      ],
      [
       34.797722,
       31.9755154
      ],
      [
       34.7976279,
       31.9755531
      ],
      [
       34.79753,
       31.9755828
      ],
      [
       34.7974291,
       31.9756043
      ],
      [
       34.7973261,
       31.9756172
      ],
      [
       34.7972222,
       31.9756215
      ]
     ]
    ]
   }
  },
  {
   "type": "Feature",
   "properties": {
    "code": "LLU29",
    "nameHe": "מרחב נתב \" ג",
    "nameEn": null,
    "zoneTypeCode": "LLU_DRONE",
    "floorAmslFt": null,
    "ceilingAmslFt": null,
    "aglCeilingFt": null,
    "notes": "circle: center 31°59'38\"N 34°53'48\"E, radius 100 m (published)"
   },
   "geometry": {
    "type": "Polygon",
    "coordinates": [
     [
      [
       34.8966667,
       31.9947882
      ],
      [
       34.8965627,
       31.9947839
      ],
      [
       34.8964598,
       31.9947709
      ],
      [
       34.8963588,
       31.9947495
      ],
      [
       34.8962609,
       31.9947198
      ],
      [
       34.8961668,
       31.994682
      ],
      [
       34.8960775,
       31.9946366
      ],
      [
       34.895994,
       31.9945841
      ],
      [
       34.8959169,
       31.9945248
      ],
      [
       34.895847,
       31.9944594
      ],
      [
       34.895785,
       31.9943885
      ],
      [
       34.8957315,
       31.9943128
      ],
      [
       34.895687,
       31.994233
      ],
      [
       34.8956519,
       31.9941499
      ],
      [
       34.8956267,
       31.9940643
      ],
      [
       34.8956114,
       31.993977
      ],
      [
       34.8956063,
       31.9938889
      ],
      [
       34.8956114,
       31.9938007
      ],
      [
       34.8956267,
       31.9937134
      ],
      [
       34.8956519,
       31.9936278
      ],
      [
       34.895687,
       31.9935447
      ],
      [
       34.8957315,
       31.9934649
      ],
      [
       34.895785,
       31.9933893
      ],
      [
       34.895847,
       31.9933184
      ],
      [
       34.8959169,
       31.993253
      ],
      [
       34.895994,
       31.9931937
      ],
      [
       34.8960776,
       31.9931411
      ],
      [
       34.8961668,
       31.9930958
      ],
      [
       34.8962609,
       31.993058
      ],
      [
       34.8963589,
       31.9930283
      ],
      [
       34.8964598,
       31.9930068
      ],
      [
       34.8965627,
       31.9929939
      ],
      [
       34.8966667,
       31.9929896
      ],
      [
       34.8967706,
       31.9929939
      ],
      [
       34.8968735,
       31.9930068
      ],
      [
       34.8969745,
       31.9930283
      ],
      [
       34.8970725,
       31.993058
      ],
      [
       34.8971665,
       31.9930958
      ],
      [
       34.8972558,
       31.9931411
      ],
      [
       34.8973394,
       31.9931937
      ],
      [
       34.8974165,
       31.993253
      ],
      [
       34.8974864,
       31.9933184
      ],
      [
       34.8975483,
       31.9933893
      ],
      [
       34.8976018,
       31.9934649
      ],
      [
       34.8976463,
       31.9935447
      ],
      [
       34.8976814,
       31.9936278
      ],
      [
       34.8977067,
       31.9937134
      ],
      [
       34.8977219,
       31.9938007
      ],
      [
       34.8977271,
       31.9938889
      ],
      [
       34.897722,
       31.993977
      ],
      [
       34.8977067,
       31.9940643
      ],
      [
       34.8976814,
       31.9941499
      ],
      [
       34.8976463,
       31.994233
      ],
      [
       34.8976019,
       31.9943128
      ],
      [
       34.8975484,
       31.9943885
      ],
      [
       34.8974864,
       31.9944594
      ],
      [
       34.8974165,
       31.9945248
      ],
      [
       34.8973394,
       31.9945841
      ],
      [
       34.8972558,
       31.9946366
      ],
      [
       34.8971665,
       31.994682
      ],
      [
       34.8970725,
       31.9947198
      ],
      [
       34.8969745,
       31.9947495
      ],
      [
       34.8968735,
       31.9947709
      ],
      [
       34.8967706,
       31.9947839
      ],
      [
       34.8966667,
       31.9947882
      ]
     ]
    ]
   }
  },
  {
   "type": "Feature",
   "properties": {
    "code": "LLU30",
    "nameHe": "נקודת גשר אלנבי",
    "nameEn": null,
    "zoneTypeCode": "LLU_DRONE",
    "floorAmslFt": null,
    "ceilingAmslFt": null,
    "aglCeilingFt": null,
    "notes": "circle: center 31°52'10\"N 35°31'54\"E, radius 200 m (published)"
   },
   "geometry": {
    "type": "Polygon",
    "coordinates": [
     [
      [
       35.5316667,
       31.8712431
      ],
      [
       35.5314591,
       31.8712344
      ],
      [
       35.5312535,
       31.8712085
      ],
      [
       35.5310519,
       31.8711656
      ],
      [
       35.5308562,
       31.8711062
      ],
      [
       35.5306683,
       31.8710307
      ],
      [
       35.53049,
       31.87094
      ],
      [
       35.5303231,
       31.8708348
      ],
      [
       35.5301691,
       31.8707163
      ],
      [
       35.5300295,
       31.8705855
      ],
      [
       35.5299057,
       31.8704437
      ],
      [
       35.5297988,
       31.8702923
      ],
      [
       35.52971,
       31.8701327
      ],
      [
       35.5296399,
       31.8699665
      ],
      [
       35.5295894,
       31.8697953
      ],
      [
       35.529559,
       31.8696207
      ],
      [
       35.5295488,
       31.8694444
      ],
      [
       35.529559,
       31.8692681
      ],
      [
       35.5295895,
       31.8690935
      ],
      [
       35.52964,
       31.8689223
      ],
      [
       35.52971,
       31.8687561
      ],
      [
       35.5297989,
       31.8685966
      ],
      [
       35.5299057,
       31.8684452
      ],
      [
       35.5300295,
       31.8683034
      ],
      [
       35.5301691,
       31.8681726
      ],
      [
       35.5303231,
       31.8680541
      ],
      [
       35.53049,
       31.8679489
      ],
      [
       35.5306683,
       31.8678582
      ],
      [
       35.5308562,
       31.8677827
      ],
      [
       35.5310519,
       31.8677233
      ],
      [
       35.5312535,
       31.8676804
      ],
      [
       35.5314591,
       31.8676545
      ],
      [
       35.5316667,
       31.8676458
      ],
      [
       35.5318743,
       31.8676545
      ],
      [
       35.5320798,
       31.8676804
      ],
      [
       35.5322815,
       31.8677233
      ],
      [
       35.5324771,
       31.8677827
      ],
      [
       35.532665,
       31.8678582
      ],
      [
       35.5328433,
       31.8679489
      ],
      [
       35.5330102,
       31.8680541
      ],
      [
       35.5331642,
       31.8681726
      ],
      [
       35.5333038,
       31.8683034
      ],
      [
       35.5334276,
       31.8684452
      ],
      [
       35.5335345,
       31.8685966
      ],
      [
       35.5336233,
       31.8687561
      ],
      [
       35.5336934,
       31.8689223
      ],
      [
       35.5337439,
       31.8690935
      ],
      [
       35.5337744,
       31.8692681
      ],
      [
       35.5337846,
       31.8694444
      ],
      [
       35.5337744,
       31.8696207
      ],
      [
       35.5337439,
       31.8697953
      ],
      [
       35.5336934,
       31.8699665
      ],
      [
       35.5336234,
       31.8701327
      ],
      [
       35.5335345,
       31.8702923
      ],
      [
       35.5334277,
       31.8704437
      ],
      [
       35.5333039,
       31.8705855
      ],
      [
       35.5331643,
       31.8707163
      ],
      [
       35.5330103,
       31.8708348
      ],
      [
       35.5328433,
       31.87094
      ],
      [
       35.5326651,
       31.8710307
      ],
      [
       35.5324772,
       31.8711062
      ],
      [
       35.5322815,
       31.8711656
      ],
      [
       35.5320799,
       31.8712085
      ],
      [
       35.5318743,
       31.8712344
      ],
      [
       35.5316667,
       31.8712431
      ]
     ]
    ]
   }
  },
  {
   "type": "Feature",
   "properties": {
    "code": "LLU31",
    "nameHe": "מחוז דרום",
    "nameEn": null,
    "zoneTypeCode": "LLU_DRONE",
    "floorAmslFt": null,
    "ceilingAmslFt": null,
    "aglCeilingFt": null,
    "notes": "circle: center 31°14'45\"N 34°46'54\"E, radius 150 m (published)"
   },
   "geometry": {
    "type": "Polygon",
    "coordinates": [
     [
      [
       34.7816667,
       31.2471823
      ],
      [
       34.781512,
       31.2471758
      ],
      [
       34.7813588,
       31.2471564
      ],
      [
       34.7812086,
       31.2471242
      ],
      [
       34.7810628,
       31.2470796
      ],
      [
       34.7809229,
       31.247023
      ],
      [
       34.7807901,
       31.246955
      ],
      [
       34.7806657,
       31.2468761
      ],
      [
       34.7805509,
       31.2467872
      ],
      [
       34.780447,
       31.2466891
      ],
      [
       34.7803547,
       31.2465828
      ],
      [
       34.7802751,
       31.2464692
      ],
      [
       34.7802089,
       31.2463496
      ],
      [
       34.7801568,
       31.2462249
      ],
      [
       34.7801191,
       31.2460965
      ],
      [
       34.7800964,
       31.2459655
      ],
      [
       34.7800888,
       31.2458333
      ],
      [
       34.7800964,
       31.2457011
      ],
      [
       34.7801191,
       31.2455702
      ],
      [
       34.7801568,
       31.2454417
      ],
      [
       34.7802089,
       31.2453171
      ],
      [
       34.7802751,
       31.2451974
      ],
      [
       34.7803547,
       31.2450839
      ],
      [
       34.780447,
       31.2449775
      ],
      [
       34.780551,
       31.2448795
      ],
      [
       34.7806657,
       31.2447906
      ],
      [
       34.7807901,
       31.2447117
      ],
      [
       34.7809229,
       31.2446436
      ],
      [
       34.7810629,
       31.244587
      ],
      [
       34.7812086,
       31.2445424
      ],
      [
       34.7813588,
       31.2445103
      ],
      [
       34.781512,
       31.2444908
      ],
      [
       34.7816667,
       31.2444844
      ],
      [
       34.7818213,
       31.2444908
      ],
      [
       34.7819745,
       31.2445103
      ],
      [
       34.7821247,
       31.2445424
      ],
      [
       34.7822705,
       31.244587
      ],
      [
       34.7824104,
       31.2446436
      ],
      [
       34.7825433,
       31.2447117
      ],
      [
       34.7826676,
       31.2447906
      ],
      [
       34.7827824,
       31.2448795
      ],
      [
       34.7828863,
       31.2449775
      ],
      [
       34.7829786,
       31.2450839
      ],
      [
       34.7830582,
       31.2451974
      ],
      [
       34.7831244,
       31.2453171
      ],
      [
       34.7831766,
       31.2454417
      ],
      [
       34.7832142,
       31.2455702
      ],
      [
       34.7832369,
       31.2457011
      ],
      [
       34.7832445,
       31.2458333
      ],
      [
       34.7832369,
       31.2459655
      ],
      [
       34.7832142,
       31.2460965
      ],
      [
       34.7831766,
       31.2462249
      ],
      [
       34.7831244,
       31.2463496
      ],
      [
       34.7830582,
       31.2464692
      ],
      [
       34.7829786,
       31.2465828
      ],
      [
       34.7828864,
       31.2466891
      ],
      [
       34.7827824,
       31.2467872
      ],
      [
       34.7826677,
       31.2468761
      ],
      [
       34.7825433,
       31.246955
      ],
      [
       34.7824105,
       31.247023
      ],
      [
       34.7822705,
       31.2470796
      ],
      [
       34.7821247,
       31.2471242
      ],
      [
       34.7819745,
       31.2471564
      ],
      [
       34.7818213,
       31.2471758
      ],
      [
       34.7816667,
       31.2471823
      ]
     ]
    ]
   }
  },
  {
   "type": "Feature",
   "properties": {
    "code": "LLU32",
    "nameHe": "מחוז תל אביב",
    "nameEn": null,
    "zoneTypeCode": "LLU_DRONE",
    "floorAmslFt": null,
    "ceilingAmslFt": null,
    "aglCeilingFt": null,
    "notes": "circle: center 32°03'13\"N 34°45'44\"E, radius 100 m (published)"
   },
   "geometry": {
    "type": "Polygon",
    "coordinates": [
     [
      [
       34.7622222,
       32.0545104
      ],
      [
       34.7621182,
       32.0545061
      ],
      [
       34.7620152,
       32.0544932
      ],
      [
       34.7619142,
       32.0544717
      ],
      [
       34.7618162,
       32.054442
      ],
      [
       34.761722,
       32.0544042
      ],
      [
       34.7616327,
       32.0543589
      ],
      [
       34.7615491,
       32.0543063
      ],
      [
       34.7614719,
       32.054247
      ],
      [
       34.761402,
       32.0541816
      ],
      [
       34.76134,
       32.0541107
      ],
      [
       34.7612864,
       32.054035
      ],
      [
       34.7612419,
       32.0539553
      ],
      [
       34.7612068,
       32.0538722
      ],
      [
       34.7611815,
       32.0537866
      ],
      [
       34.7611663,
       32.0536993
      ],
      [
       34.7611611,
       32.0536111
      ],
      [
       34.7611663,
       32.053523
      ],
      [
       34.7611815,
       32.0534357
      ],
      [
       34.7612068,
       32.05335
      ],
      [
       34.7612419,
       32.053267
      ],
      [
       34.7612864,
       32.0531872
      ],
      [
       34.76134,
       32.0531115
      ],
      [
       34.761402,
       32.0530406
      ],
      [
       34.7614719,
       32.0529752
      ],
      [
       34.7615491,
       32.0529159
      ],
      [
       34.7616327,
       32.0528634
      ],
      [
       34.761722,
       32.052818
      ],
      [
       34.7618162,
       32.0527802
      ],
      [
       34.7619142,
       32.0527505
      ],
      [
       34.7620152,
       32.0527291
      ],
      [
       34.7621182,
       32.0527161
      ],
      [
       34.7622222,
       32.0527118
      ],
      [
       34.7623262,
       32.0527161
      ],
      [
       34.7624292,
       32.0527291
      ],
      [
       34.7625302,
       32.0527505
      ],
      [
       34.7626283,
       32.0527802
      ],
      [
       34.7627224,
       32.052818
      ],
      [
       34.7628117,
       32.0528634
      ],
      [
       34.7628954,
       32.0529159
      ],
      [
       34.7629725,
       32.0529752
      ],
      [
       34.7630424,
       32.0530406
      ],
      [
       34.7631045,
       32.0531115
      ],
      [
       34.763158,
       32.0531872
      ],
      [
       34.7632025,
       32.053267
      ],
      [
       34.7632376,
       32.05335
      ],
      [
       34.7632629,
       32.0534357
      ],
      [
       34.7632782,
       32.053523
      ],
      [
       34.7632833,
       32.0536111
      ],
      [
       34.7632782,
       32.0536993
      ],
      [
       34.7632629,
       32.0537866
      ],
      [
       34.7632376,
       32.0538722
      ],
      [
       34.7632025,
       32.0539553
      ],
      [
       34.763158,
       32.054035
      ],
      [
       34.7631045,
       32.0541107
      ],
      [
       34.7630425,
       32.0541816
      ],
      [
       34.7629725,
       32.054247
      ],
      [
       34.7628954,
       32.0543063
      ],
      [
       34.7628117,
       32.0543589
      ],
      [
       34.7627224,
       32.0544042
      ],
      [
       34.7626283,
       32.054442
      ],
      [
       34.7625302,
       32.0544717
      ],
      [
       34.7624292,
       32.0544932
      ],
      [
       34.7623262,
       32.0545061
      ],
      [
       34.7622222,
       32.0545104
      ]
     ]
    ]
   }
  },
  {
   "type": "Feature",
   "properties": {
    "code": "LLU33",
    "nameHe": "מחוז צפון",
    "nameEn": null,
    "zoneTypeCode": "LLU_DRONE",
    "floorAmslFt": null,
    "ceilingAmslFt": null,
    "aglCeilingFt": null,
    "notes": "circle: center 32°42'37\"N 35°18'12\"E, radius 100 m (published)"
   },
   "geometry": {
    "type": "Polygon",
    "coordinates": [
     [
      [
       35.3033333,
       32.7111771
      ],
      [
       35.3032286,
       32.7111728
      ],
      [
       35.3031248,
       32.7111598
      ],
      [
       35.3030231,
       32.7111384
      ],
      [
       35.3029243,
       32.7111086
      ],
      [
       35.3028295,
       32.7110709
      ],
      [
       35.3027395,
       32.7110255
      ],
      [
       35.3026553,
       32.710973
      ],
      [
       35.3025776,
       32.7109137
      ],
      [
       35.3025071,
       32.7108483
      ],
      [
       35.3024446,
       32.7107774
      ],
      [
       35.3023907,
       32.7107017
      ],
      [
       35.3023459,
       32.7106219
      ],
      [
       35.3023105,
       32.7105388
      ],
      [
       35.302285,
       32.7104532
      ],
      [
       35.3022697,
       32.7103659
      ],
      [
       35.3022645,
       32.7102778
      ],
      [
       35.3022697,
       32.7101896
      ],
      [
       35.3022851,
       32.7101023
      ],
      [
       35.3023105,
       32.7100167
      ],
      [
       35.3023459,
       32.7099336
      ],
      [
       35.3023907,
       32.7098538
      ],
      [
       35.3024446,
       32.7097781
      ],
      [
       35.3025071,
       32.7097073
      ],
      [
       35.3025776,
       32.7096419
      ],
      [
       35.3026553,
       32.7095826
      ],
      [
       35.3027395,
       32.70953
      ],
      [
       35.3028295,
       32.7094846
      ],
      [
       35.3029243,
       32.7094469
      ],
      [
       35.3030231,
       32.7094172
      ],
      [
       35.3031248,
       32.7093957
      ],
      [
       35.3032286,
       32.7093828
      ],
      [
       35.3033333,
       32.7093785
      ],
      [
       35.3034381,
       32.7093828
      ],
      [
       35.3035418,
       32.7093957
      ],
      [
       35.3036436,
       32.7094172
      ],
      [
       35.3037423,
       32.7094469
      ],
      [
       35.3038372,
       32.7094846
      ],
      [
       35.3039271,
       32.70953
      ],
      [
       35.3040114,
       32.7095826
      ],
      [
       35.3040891,
       32.7096419
      ],
      [
       35.3041595,
       32.7097073
      ],
      [
       35.304222,
       32.7097781
      ],
      [
       35.3042759,
       32.7098538
      ],
      [
       35.3043208,
       32.7099336
      ],
      [
       35.3043561,
       32.7100167
      ],
      [
       35.3043816,
       32.7101023
      ],
      [
       35.304397,
       32.7101896
      ],
      [
       35.3044022,
       32.7102778
      ],
      [
       35.304397,
       32.7103659
      ],
      [
       35.3043816,
       32.7104532
      ],
      [
       35.3043561,
       32.7105388
      ],
      [
       35.3043208,
       32.7106219
      ],
      [
       35.304276,
       32.7107017
      ],
      [
       35.304222,
       32.7107774
      ],
      [
       35.3041595,
       32.7108483
      ],
      [
       35.3040891,
       32.7109137
      ],
      [
       35.3040114,
       32.710973
      ],
      [
       35.3039271,
       32.7110255
      ],
      [
       35.3038372,
       32.7110709
      ],
      [
       35.3037424,
       32.7111086
      ],
      [
       35.3036436,
       32.7111384
      ],
      [
       35.3035419,
       32.7111598
      ],
      [
       35.3034381,
       32.7111728
      ],
      [
       35.3033333,
       32.7111771
      ]
     ]
    ]
   }
  },
  {
   "type": "Feature",
   "properties": {
    "code": "LLU34",
    "nameHe": "מחוז ש \" י",
    "nameEn": null,
    "zoneTypeCode": "LLU_DRONE",
    "floorAmslFt": null,
    "ceilingAmslFt": null,
    "aglCeilingFt": null,
    "notes": "circle: center 31°47'53\"N 35°17'31\"E, radius 150 m (published)"
   },
   "geometry": {
    "type": "Polygon",
    "coordinates": [
     [
      [
       35.2919444,
       31.7994045
      ],
      [
       35.2917889,
       31.799398
      ],
      [
       35.2916348,
       31.7993786
      ],
      [
       35.2914837,
       31.7993464
      ],
      [
       35.291337,
       31.7993018
      ],
      [
       35.2911962,
       31.7992452
      ],
      [
       35.2910626,
       31.7991772
      ],
      [
       35.2909375,
       31.7990983
      ],
      [
       35.2908221,
       31.7990094
      ],
      [
       35.2907175,
       31.7989113
      ],
      [
       35.2906247,
       31.798805
      ],
      [
       35.2905446,
       31.7986915
      ],
      [
       35.2904781,
       31.7985718
      ],
      [
       35.2904256,
       31.7984471
      ],
      [
       35.2903877,
       31.7983187
      ],
      [
       35.2903649,
       31.7981878
      ],
      [
       35.2903572,
       31.7980555
      ],
      [
       35.2903649,
       31.7979233
      ],
      [
       35.2903877,
       31.7977924
      ],
      [
       35.2904256,
       31.797664
      ],
      [
       35.2904781,
       31.7975393
      ],
      [
       35.2905447,
       31.7974196
      ],
      [
       35.2906247,
       31.7973061
      ],
      [
       35.2907175,
       31.7971998
      ],
      [
       35.2908221,
       31.7971017
      ],
      [
       35.2909375,
       31.7970128
      ],
      [
       35.2910627,
       31.7969339
      ],
      [
       35.2911963,
       31.7968659
      ],
      [
       35.2913371,
       31.7968093
      ],
      [
       35.2914837,
       31.7967647
      ],
      [
       35.2916348,
       31.7967325
      ],
      [
       35.2917889,
       31.7967131
      ],
      [
       35.2919444,
       31.7967066
      ],
      [
       35.2921,
       31.7967131
      ],
      [
       35.2922541,
       31.7967325
      ],
      [
       35.2924052,
       31.7967647
      ],
      [
       35.2925518,
       31.7968093
      ],
      [
       35.2926926,
       31.7968659
      ],
      [
       35.2928262,
       31.7969339
      ],
      [
       35.2929513,
       31.7970128
      ],
      [
       35.2930668,
       31.7971017
      ],
      [
       35.2931714,
       31.7971998
      ],
      [
       35.2932641,
       31.7973061
      ],
      [
       35.2933442,
       31.7974196
      ],
      [
       35.2934108,
       31.7975393
      ],
      [
       35.2934633,
       31.797664
      ],
      [
       35.2935011,
       31.7977924
      ],
      [
       35.293524,
       31.7979233
      ],
      [
       35.2935316,
       31.7980555
      ],
      [
       35.293524,
       31.7981878
      ],
      [
       35.2935012,
       31.7983187
      ],
      [
       35.2934633,
       31.7984471
      ],
      [
       35.2934108,
       31.7985718
      ],
      [
       35.2933442,
       31.7986915
      ],
      [
       35.2932642,
       31.798805
      ],
      [
       35.2931714,
       31.7989113
      ],
      [
       35.2930668,
       31.7990094
      ],
      [
       35.2929514,
       31.7990983
      ],
      [
       35.2928263,
       31.7991772
      ],
      [
       35.2926927,
       31.7992452
      ],
      [
       35.2925518,
       31.7993018
      ],
      [
       35.2924052,
       31.7993464
      ],
      [
       35.2922541,
       31.7993786
      ],
      [
       35.2921,
       31.799398
      ],
      [
       35.2919444,
       31.7994045
      ]
     ]
    ]
   }
  },
  {
   "type": "Feature",
   "properties": {
    "code": "LLU35",
    "nameHe": "מחוז ירושלים",
    "nameEn": null,
    "zoneTypeCode": "LLU_DRONE",
    "floorAmslFt": null,
    "ceilingAmslFt": null,
    "aglCeilingFt": null,
    "notes": "circle: center 31°46'54\"N 35°13'19\"E, radius 100 m (published)"
   },
   "geometry": {
    "type": "Polygon",
    "coordinates": [
     [
      [
       35.2219444,
       31.782566
      ],
      [
       35.2218407,
       31.7825617
      ],
      [
       35.221738,
       31.7825487
      ],
      [
       35.2216373,
       31.7825273
      ],
      [
       35.2215396,
       31.7824975
      ],
      [
       35.2214457,
       31.7824598
      ],
      [
       35.2213567,
       31.7824144
      ],
      [
       35.2212733,
       31.7823618
      ],
      [
       35.2211964,
       31.7823026
      ],
      [
       35.2211266,
       31.7822372
      ],
      [
       35.2210648,
       31.7821663
      ],
      [
       35.2210114,
       31.7820906
      ],
      [
       35.220967,
       31.7820108
      ],
      [
       35.220932,
       31.7819277
      ],
      [
       35.2209068,
       31.7818421
      ],
      [
       35.2208916,
       31.7817548
      ],
      [
       35.2208865,
       31.7816667
      ],
      [
       35.2208916,
       31.7815785
      ],
      [
       35.2209068,
       31.7814912
      ],
      [
       35.2209321,
       31.7814056
      ],
      [
       35.220967,
       31.7813225
      ],
      [
       35.2210114,
       31.7812427
      ],
      [
       35.2210648,
       31.781167
      ],
      [
       35.2211266,
       31.7810961
      ],
      [
       35.2211964,
       31.7810307
      ],
      [
       35.2212733,
       31.7809715
      ],
      [
       35.2213567,
       31.7809189
      ],
      [
       35.2214457,
       31.7808735
      ],
      [
       35.2215396,
       31.7808358
      ],
      [
       35.2216373,
       31.7808061
      ],
      [
       35.2217381,
       31.7807846
      ],
      [
       35.2218407,
       31.7807717
      ],
      [
       35.2219444,
       31.7807673
      ],
      [
       35.2220481,
       31.7807717
      ],
      [
       35.2221508,
       31.7807846
      ],
      [
       35.2222515,
       31.7808061
      ],
      [
       35.2223493,
       31.7808358
      ],
      [
       35.2224432,
       31.7808735
      ],
      [
       35.2225322,
       31.7809189
      ],
      [
       35.2226156,
       31.7809715
      ],
      [
       35.2226925,
       31.7810307
      ],
      [
       35.2227622,
       31.7810961
      ],
      [
       35.2228241,
       31.781167
      ],
      [
       35.2228775,
       31.7812427
      ],
      [
       35.2229219,
       31.7813225
      ],
      [
       35.2229568,
       31.7814056
      ],
      [
       35.2229821,
       31.7814912
      ],
      [
       35.2229973,
       31.7815785
      ],
      [
       35.2230024,
       31.7816667
      ],
      [
       35.2229973,
       31.7817548
      ],
      [
       35.2229821,
       31.7818421
      ],
      [
       35.2229568,
       31.7819277
      ],
      [
       35.2229219,
       31.7820108
      ],
      [
       35.2228775,
       31.7820906
      ],
      [
       35.2228241,
       31.7821663
      ],
      [
       35.2227623,
       31.7822372
      ],
      [
       35.2226925,
       31.7823026
      ],
      [
       35.2226156,
       31.7823618
      ],
      [
       35.2225322,
       31.7824144
      ],
      [
       35.2224432,
       31.7824598
      ],
      [
       35.2223493,
       31.7824975
      ],
      [
       35.2222516,
       31.7825273
      ],
      [
       35.2221508,
       31.7825487
      ],
      [
       35.2220481,
       31.7825617
      ],
      [
       35.2219444,
       31.782566
      ]
     ]
    ]
   }
  },
  {
   "type": "Feature",
   "properties": {
    "code": "LLU36",
    "nameHe": "אגף התנועה",
    "nameEn": null,
    "zoneTypeCode": "LLU_DRONE",
    "floorAmslFt": null,
    "ceilingAmslFt": null,
    "aglCeilingFt": null,
    "notes": "circle: center 32°00'02\"N 34°49'24\"E, radius 200 m (published)"
   },
   "geometry": {
    "type": "Polygon",
    "coordinates": [
     [
      [
       34.8233333,
       32.0023542
      ],
      [
       34.8231254,
       32.0023455
      ],
      [
       34.8229196,
       32.0023196
      ],
      [
       34.8227176,
       32.0022767
      ],
      [
       34.8225217,
       32.0022173
      ],
      [
       34.8223335,
       32.0021418
      ],
      [
       34.822155,
       32.0020511
      ],
      [
       34.8219878,
       32.0019459
      ],
      [
       34.8218336,
       32.0018274
      ],
      [
       34.8216938,
       32.0016966
      ],
      [
       34.8215698,
       32.0015548
      ],
      [
       34.8214628,
       32.0014034
      ],
      [
       34.8213738,
       32.0012439
      ],
      [
       34.8213037,
       32.0010777
      ],
      [
       34.8212531,
       32.0009064
      ],
      [
       34.8212226,
       32.0007318
      ],
      [
       34.8212124,
       32.0005555
      ],
      [
       34.8212226,
       32.0003792
      ],
      [
       34.8212532,
       32.0002046
      ],
      [
       34.8213037,
       32.0000334
      ],
      [
       34.8213739,
       31.9998672
      ],
      [
       34.8214629,
       31.9997077
      ],
      [
       34.8215699,
       31.9995563
      ],
      [
       34.8216939,
       31.9994145
      ],
      [
       34.8218336,
       31.9992837
      ],
      [
       34.8219878,
       31.9991652
      ],
      [
       34.822155,
       31.99906
      ],
      [
       34.8223336,
       31.9989693
      ],
      [
       34.8225217,
       31.9988938
      ],
      [
       34.8227177,
       31.9988344
      ],
      [
       34.8229196,
       31.9987915
      ],
      [
       34.8231254,
       31.9987656
      ],
      [
       34.8233333,
       31.9987569
      ],
      [
       34.8235412,
       31.9987656
      ],
      [
       34.8237471,
       31.9987915
      ],
      [
       34.823949,
       31.9988344
      ],
      [
       34.824145,
       31.9988938
      ],
      [
       34.8243331,
       31.9989693
      ],
      [
       34.8245116,
       31.99906
      ],
      [
       34.8246788,
       31.9991652
      ],
      [
       34.824833,
       31.9992837
      ],
      [
       34.8249728,
       31.9994145
      ],
      [
       34.8250968,
       31.9995563
      ],
      [
       34.8252038,
       31.9997077
      ],
      [
       34.8252928,
       31.9998672
      ],
      [
       34.8253629,
       32.0000334
      ],
      [
       34.8254135,
       32.0002046
      ],
      [
       34.825444,
       32.0003792
      ],
      [
       34.8254543,
       32.0005555
      ],
      [
       34.8254441,
       32.0007318
      ],
      [
       34.8254135,
       32.0009064
      ],
      [
       34.8253629,
       32.0010777
      ],
      [
       34.8252928,
       32.0012439
      ],
      [
       34.8252038,
       32.0014034
      ],
      [
       34.8250968,
       32.0015548
      ],
      [
       34.8249729,
       32.0016966
      ],
      [
       34.8248331,
       32.0018274
      ],
      [
       34.8246789,
       32.0019459
      ],
      [
       34.8245117,
       32.0020511
      ],
      [
       34.8243332,
       32.0021418
      ],
      [
       34.824145,
       32.0022173
      ],
      [
       34.823949,
       32.0022767
      ],
      [
       34.8237471,
       32.0023196
      ],
      [
       34.8235412,
       32.0023455
      ],
      [
       34.8233333,
       32.0023542
      ]
     ]
    ]
   }
  },
  {
   "type": "Feature",
   "properties": {
    "code": "LLU37",
    "nameHe": "מחוז חוף",
    "nameEn": null,
    "zoneTypeCode": "LLU_DRONE",
    "floorAmslFt": null,
    "ceilingAmslFt": null,
    "aglCeilingFt": null,
    "notes": "circle: center 32°48'18\"N 35°00'37\"E, radius 150 m (published)"
   },
   "geometry": {
    "type": "Polygon",
    "coordinates": [
     [
      [
       35.0102778,
       32.806349
      ],
      [
       35.0101205,
       32.8063425
      ],
      [
       35.0099647,
       32.8063231
      ],
      [
       35.0098119,
       32.8062909
      ],
      [
       35.0096636,
       32.8062463
      ],
      [
       35.0095212,
       32.8061897
      ],
      [
       35.0093861,
       32.8061216
      ],
      [
       35.0092596,
       32.8060428
      ],
      [
       35.0091429,
       32.8059539
      ],
      [
       35.0090371,
       32.8058558
      ],
      [
       35.0089433,
       32.8057494
      ],
      [
       35.0088623,
       32.8056359
      ],
      [
       35.008795,
       32.8055162
      ],
      [
       35.0087419,
       32.8053916
      ],
      [
       35.0087037,
       32.8052632
      ],
      [
       35.0086806,
       32.8051322
      ],
      [
       35.0086728,
       32.805
      ],
      [
       35.0086806,
       32.8048678
      ],
      [
       35.0087037,
       32.8047368
      ],
      [
       35.008742,
       32.8046084
      ],
      [
       35.008795,
       32.8044838
      ],
      [
       35.0088624,
       32.8043641
      ],
      [
       35.0089433,
       32.8042505
      ],
      [
       35.0090372,
       32.8041442
      ],
      [
       35.0091429,
       32.8040461
      ],
      [
       35.0092596,
       32.8039572
      ],
      [
       35.0093861,
       32.8038784
      ],
      [
       35.0095212,
       32.8038103
      ],
      [
       35.0096636,
       32.8037537
      ],
      [
       35.0098119,
       32.8037091
      ],
      [
       35.0099647,
       32.8036769
      ],
      [
       35.0101205,
       32.8036575
      ],
      [
       35.0102778,
       32.803651
      ],
      [
       35.0104351,
       32.8036575
      ],
      [
       35.0105909,
       32.8036769
      ],
      [
       35.0107437,
       32.8037091
      ],
      [
       35.010892,
       32.8037537
      ],
      [
       35.0110343,
       32.8038103
      ],
      [
       35.0111694,
       32.8038784
      ],
      [
       35.0112959,
       32.8039572
      ],
      [
       35.0114126,
       32.8040461
      ],
      [
       35.0115184,
       32.8041442
      ],
      [
       35.0116122,
       32.8042505
      ],
      [
       35.0116932,
       32.8043641
      ],
      [
       35.0117605,
       32.8044838
      ],
      [
       35.0118136,
       32.8046084
      ],
      [
       35.0118519,
       32.8047368
      ],
      [
       35.011875,
       32.8048678
      ],
      [
       35.0118827,
       32.805
      ],
      [
       35.011875,
       32.8051322
      ],
      [
       35.0118519,
       32.8052632
      ],
      [
       35.0118136,
       32.8053916
      ],
      [
       35.0117606,
       32.8055162
      ],
      [
       35.0116932,
       32.8056359
      ],
      [
       35.0116122,
       32.8057494
      ],
      [
       35.0115184,
       32.8058558
      ],
      [
       35.0114127,
       32.8059539
      ],
      [
       35.011296,
       32.8060428
      ],
      [
       35.0111694,
       32.8061216
      ],
      [
       35.0110343,
       32.8061897
      ],
      [
       35.010892,
       32.8062463
      ],
      [
       35.0107437,
       32.8062909
      ],
      [
       35.0105909,
       32.8063231
      ],
      [
       35.0104351,
       32.8063425
      ],
      [
       35.0102778,
       32.806349
      ]
     ]
    ]
   }
  },
  {
   "type": "Feature",
   "properties": {
    "code": "LLU38",
    "nameHe": "להב 433",
    "nameEn": null,
    "zoneTypeCode": "LLU_DRONE",
    "floorAmslFt": null,
    "ceilingAmslFt": null,
    "aglCeilingFt": null,
    "notes": "circle: center 31°58'02\"N 34°53'56\"E, radius 150 m (published)"
   },
   "geometry": {
    "type": "Polygon",
    "coordinates": [
     [
      [
       34.8988889,
       31.9685712
      ],
      [
       34.898733,
       31.9685647
      ],
      [
       34.8985787,
       31.9685453
      ],
      [
       34.8984273,
       31.9685131
      ],
      [
       34.8982804,
       31.9684685
      ],
      [
       34.8981393,
       31.9684119
      ],
      [
       34.8980055,
       31.9683439
      ],
      [
       34.8978801,
       31.968265
      ],
      [
       34.8977645,
       31.9681761
      ],
      [
       34.8976597,
       31.968078
      ],
      [
       34.8975667,
       31.9679717
      ],
      [
       34.8974865,
       31.9678581
      ],
      [
       34.8974198,
       31.9677384
      ],
      [
       34.8973672,
       31.9676138
      ],
      [
       34.8973293,
       31.9674854
      ],
      [
       34.8973064,
       31.9673544
      ],
      [
       34.8972988,
       31.9672222
      ],
      [
       34.8973064,
       31.96709
      ],
      [
       34.8973293,
       31.966959
      ],
      [
       34.8973672,
       31.9668306
      ],
      [
       34.8974198,
       31.966706
      ],
      [
       34.8974865,
       31.9665863
      ],
      [
       34.8975668,
       31.9664728
      ],
      [
       34.8976597,
       31.9663664
      ],
      [
       34.8977645,
       31.9662683
      ],
      [
       34.8978801,
       31.9661794
      ],
      [
       34.8980055,
       31.9661006
      ],
      [
       34.8981393,
       31.9660325
      ],
      [
       34.8982804,
       31.9659759
      ],
      [
       34.8984273,
       31.9659313
      ],
      [
       34.8985787,
       31.9658992
      ],
      [
       34.898733,
       31.9658797
      ],
      [
       34.8988889,
       31.9658732
      ],
      [
       34.8990447,
       31.9658797
      ],
      [
       34.8991991,
       31.9658992
      ],
      [
       34.8993505,
       31.9659313
      ],
      [
       34.8994974,
       31.9659759
      ],
      [
       34.8996385,
       31.9660325
      ],
      [
       34.8997723,
       31.9661006
      ],
      [
       34.8998976,
       31.9661794
      ],
      [
       34.9000133,
       31.9662683
      ],
      [
       34.9001181,
       31.9663664
      ],
      [
       34.900211,
       31.9664728
      ],
      [
       34.9002912,
       31.9665863
      ],
      [
       34.900358,
       31.966706
      ],
      [
       34.9004105,
       31.9668306
      ],
      [
       34.9004485,
       31.966959
      ],
      [
       34.9004714,
       31.96709
      ],
      [
       34.900479,
       31.9672222
      ],
      [
       34.9004714,
       31.9673544
      ],
      [
       34.9004485,
       31.9674854
      ],
      [
       34.9004105,
       31.9676138
      ],
      [
       34.900358,
       31.9677384
      ],
      [
       34.9002913,
       31.9678581
      ],
      [
       34.900211,
       31.9679717
      ],
      [
       34.9001181,
       31.968078
      ],
      [
       34.9000133,
       31.9681761
      ],
      [
       34.8998977,
       31.968265
      ],
      [
       34.8997723,
       31.9683439
      ],
      [
       34.8996385,
       31.9684119
      ],
      [
       34.8994974,
       31.9684685
      ],
      [
       34.8993505,
       31.9685131
      ],
      [
       34.8991991,
       31.9685453
      ],
      [
       34.8990448,
       31.9685647
      ],
      [
       34.8988889,
       31.9685712
      ]
     ]
    ]
   }
  },
  {
   "type": "Feature",
   "properties": {
    "code": "LLU39",
    "nameHe": "מטה ארצי ירושלים",
    "nameEn": null,
    "zoneTypeCode": "LLU_DRONE",
    "floorAmslFt": null,
    "ceilingAmslFt": null,
    "aglCeilingFt": null,
    "notes": "circle: center 31°47'52\"N 35°13'59\"E, radius 200 m (published)"
   },
   "geometry": {
    "type": "Polygon",
    "coordinates": [
     [
      [
       35.2330556,
       31.7995764
      ],
      [
       35.2328481,
       31.7995678
      ],
      [
       35.2326427,
       31.7995419
      ],
      [
       35.2324412,
       31.799499
      ],
      [
       35.2322457,
       31.7994395
      ],
      [
       35.2320579,
       31.799364
      ],
      [
       35.2318798,
       31.7992733
      ],
      [
       35.231713,
       31.7991681
      ],
      [
       35.2315591,
       31.7990496
      ],
      [
       35.2314196,
       31.7989188
      ],
      [
       35.2312959,
       31.798777
      ],
      [
       35.2311892,
       31.7986256
      ],
      [
       35.2311004,
       31.7984661
      ],
      [
       35.2310304,
       31.7982999
      ],
      [
       35.2309799,
       31.7981287
      ],
      [
       35.2309495,
       31.7979541
      ],
      [
       35.2309393,
       31.7977778
      ],
      [
       35.2309495,
       31.7976015
      ],
      [
       35.23098,
       31.7974269
      ],
      [
       35.2310304,
       31.7972556
      ],
      [
       35.2311004,
       31.7970895
      ],
      [
       35.2311892,
       31.7969299
      ],
      [
       35.231296,
       31.7967785
      ],
      [
       35.2314197,
       31.7966367
      ],
      [
       35.2315592,
       31.7965059
      ],
      [
       35.231713,
       31.7963874
      ],
      [
       35.2318798,
       31.7962823
      ],
      [
       35.232058,
       31.7961915
      ],
      [
       35.2322457,
       31.796116
      ],
      [
       35.2324412,
       31.7960566
      ],
      [
       35.2326427,
       31.7960137
      ],
      [
       35.2328481,
       31.7959878
      ],
      [
       35.2330556,
       31.7959791
      ],
      [
       35.233263,
       31.7959878
      ],
      [
       35.2334684,
       31.7960137
      ],
      [
       35.2336699,
       31.7960566
      ],
      [
       35.2338654,
       31.796116
      ],
      [
       35.2340531,
       31.7961915
      ],
      [
       35.2342313,
       31.7962823
      ],
      [
       35.2343981,
       31.7963874
      ],
      [
       35.234552,
       31.7965059
      ],
      [
       35.2346914,
       31.7966367
      ],
      [
       35.2348151,
       31.7967785
      ],
      [
       35.2349219,
       31.7969299
      ],
      [
       35.2350107,
       31.7970895
      ],
      [
       35.2350807,
       31.7972556
      ],
      [
       35.2351311,
       31.7974269
      ],
      [
       35.2351616,
       31.7976015
      ],
      [
       35.2351718,
       31.7977778
      ],
      [
       35.2351616,
       31.7979541
      ],
      [
       35.2351312,
       31.7981287
      ],
      [
       35.2350807,
       31.7982999
      ],
      [
       35.2350107,
       31.7984661
      ],
      [
       35.234922,
       31.7986256
      ],
      [
       35.2348152,
       31.798777
      ],
      [
       35.2346915,
       31.7989188
      ],
      [
       35.234552,
       31.7990496
      ],
      [
       35.2343981,
       31.7991681
      ],
      [
       35.2342313,
       31.7992733
      ],
      [
       35.2340532,
       31.799364
      ],
      [
       35.2338654,
       31.7994395
      ],
      [
       35.2336699,
       31.799499
      ],
      [
       35.2334684,
       31.7995419
      ],
      [
       35.233263,
       31.7995678
      ],
      [
       35.2330556,
       31.7995764
      ]
     ]
    ]
   }
  },
  {
   "type": "Feature",
   "properties": {
    "code": "LLU40",
    "nameHe": "המכל לה הלאומית לשוטרים",
    "nameEn": null,
    "zoneTypeCode": "LLU_DRONE",
    "floorAmslFt": null,
    "ceilingAmslFt": null,
    "aglCeilingFt": null,
    "notes": "circle: center 31°44'14\"N 34°56'58\"E, radius 500 m (published)"
   },
   "geometry": {
    "type": "Polygon",
    "coordinates": [
     [
      [
       34.9494444,
       31.7417188
      ],
      [
       34.9489262,
       31.7416972
      ],
      [
       34.9484129,
       31.7416324
      ],
      [
       34.9479096,
       31.7415252
      ],
      [
       34.947421,
       31.7413765
      ],
      [
       34.946952,
       31.7411878
      ],
      [
       34.9465069,
       31.740961
      ],
      [
       34.9460902,
       31.7406981
      ],
      [
       34.9457057,
       31.7404017
      ],
      [
       34.9453573,
       31.7400748
      ],
      [
       34.9450482,
       31.7397203
      ],
      [
       34.9447814,
       31.7393418
      ],
      [
       34.9445596,
       31.7389429
      ],
      [
       34.9443848,
       31.7385274
      ],
      [
       34.9442588,
       31.7380994
      ],
      [
       34.9441827,
       31.7376629
      ],
      [
       34.9441572,
       31.7372221
      ],
      [
       34.9441827,
       31.7367814
      ],
      [
       34.9442589,
       31.7363449
      ],
      [
       34.944385,
       31.7359168
      ],
      [
       34.9445598,
       31.7355014
      ],
      [
       34.9447817,
       31.7351025
      ],
      [
       34.9450484,
       31.734724
      ],
      [
       34.9453575,
       31.7343695
      ],
      [
       34.945706,
       31.7340426
      ],
      [
       34.9460904,
       31.7337463
      ],
      [
       34.9465072,
       31.7334834
      ],
      [
       34.9469522,
       31.7332565
      ],
      [
       34.9474212,
       31.7330679
      ],
      [
       34.9479097,
       31.7329192
      ],
      [
       34.948413,
       31.732812
      ],
      [
       34.9489262,
       31.7327473
      ],
      [
       34.9494444,
       31.7327256
      ],
      [
       34.9499627,
       31.7327473
      ],
      [
       34.9504759,
       31.732812
      ],
      [
       34.9509792,
       31.7329192
      ],
      [
       34.9514677,
       31.7330679
      ],
      [
       34.9519367,
       31.7332565
      ],
      [
       34.9523817,
       31.7334834
      ],
      [
       34.9527985,
       31.7337463
      ],
      [
       34.9531829,
       31.7340426
      ],
      [
       34.9535314,
       31.7343695
      ],
      [
       34.9538405,
       31.734724
      ],
      [
       34.9541072,
       31.7351025
      ],
      [
       34.9543291,
       31.7355014
      ],
      [
       34.9545039,
       31.7359168
      ],
      [
       34.95463,
       31.7363449
      ],
      [
       34.9547062,
       31.7367814
      ],
      [
       34.9547316,
       31.7372221
      ],
      [
       34.9547062,
       31.7376629
      ],
      [
       34.9546301,
       31.7380994
      ],
      [
       34.954504,
       31.7385274
      ],
      [
       34.9543293,
       31.7389429
      ],
      [
       34.9541074,
       31.7393418
      ],
      [
       34.9538407,
       31.7397203
      ],
      [
       34.9535316,
       31.7400748
      ],
      [
       34.9531832,
       31.7404017
      ],
      [
       34.9527987,
       31.7406981
      ],
      [
       34.952382,
       31.740961
      ],
      [
       34.9519369,
       31.7411878
      ],
      [
       34.9514679,
       31.7413765
      ],
      [
       34.9509793,
       31.7415252
      ],
      [
       34.950476,
       31.7416324
      ],
      [
       34.9499627,
       31.7416972
      ],
      [
       34.9494444,
       31.7417188
      ]
     ]
    ]
   }
  },
  {
   "type": "Feature",
   "properties": {
    "code": "LLU41",
    "nameHe": "נקודת נמל תעופה אילת רמון",
    "nameEn": null,
    "zoneTypeCode": "LLU_DRONE",
    "floorAmslFt": null,
    "ceilingAmslFt": null,
    "aglCeilingFt": null,
    "notes": "circle: center 29°42'53\"N 35°00'07\"E, radius 100 m (published)"
   },
   "geometry": {
    "type": "Polygon",
    "coordinates": [
     [
      [
       35.0019444,
       29.7156215
      ],
      [
       35.0018429,
       29.7156172
      ],
      [
       35.0017424,
       29.7156043
      ],
      [
       35.0016439,
       29.7155828
      ],
      [
       35.0015482,
       29.7155531
      ],
      [
       35.0014563,
       29.7155154
      ],
      [
       35.0013692,
       29.71547
      ],
      [
       35.0012875,
       29.7154174
      ],
      [
       35.0012122,
       29.7153581
      ],
      [
       35.001144,
       29.7152927
      ],
      [
       35.0010835,
       29.7152219
      ],
      [
       35.0010312,
       29.7151462
      ],
      [
       35.0009878,
       29.7150664
      ],
      [
       35.0009535,
       29.7149833
      ],
      [
       35.0009289,
       29.7148977
      ],
      [
       35.0009139,
       29.7148104
      ],
      [
       35.000909,
       29.7147222
      ],
      [
       35.0009139,
       29.7146341
      ],
      [
       35.0009289,
       29.7145468
      ],
      [
       35.0009536,
       29.7144612
      ],
      [
       35.0009878,
       29.7143781
      ],
      [
       35.0010312,
       29.7142983
      ],
      [
       35.0010835,
       29.7142226
      ],
      [
       35.001144,
       29.7141517
      ],
      [
       35.0012123,
       29.7140863
      ],
      [
       35.0012875,
       29.714027
      ],
      [
       35.0013692,
       29.7139745
      ],
      [
       35.0014563,
       29.7139291
      ],
      [
       35.0015482,
       29.7138914
      ],
      [
       35.0016439,
       29.7138616
      ],
      [
       35.0017424,
       29.7138402
      ],
      [
       35.001843,
       29.7138272
      ],
      [
       35.0019444,
       29.7138229
      ],
      [
       35.0020459,
       29.7138272
      ],
      [
       35.0021465,
       29.7138402
      ],
      [
       35.002245,
       29.7138616
      ],
      [
       35.0023407,
       29.7138914
      ],
      [
       35.0024326,
       29.7139291
      ],
      [
       35.0025197,
       29.7139745
      ],
      [
       35.0026013,
       29.714027
      ],
      [
       35.0026766,
       29.7140863
      ],
      [
       35.0027449,
       29.7141517
      ],
      [
       35.0028054,
       29.7142226
      ],
      [
       35.0028577,
       29.7142983
      ],
      [
       35.0029011,
       29.7143781
      ],
      [
       35.0029353,
       29.7144612
      ],
      [
       35.00296,
       29.7145468
      ],
      [
       35.0029749,
       29.7146341
      ],
      [
       35.0029799,
       29.7147222
      ],
      [
       35.0029749,
       29.7148104
      ],
      [
       35.00296,
       29.7148977
      ],
      [
       35.0029353,
       29.7149833
      ],
      [
       35.0029011,
       29.7150664
      ],
      [
       35.0028577,
       29.7151462
      ],
      [
       35.0028054,
       29.7152219
      ],
      [
       35.0027449,
       29.7152927
      ],
      [
       35.0026766,
       29.7153581
      ],
      [
       35.0026014,
       29.7154174
      ],
      [
       35.0025197,
       29.71547
      ],
      [
       35.0024326,
       29.7155154
      ],
      [
       35.0023407,
       29.7155531
      ],
      [
       35.002245,
       29.7155828
      ],
      [
       35.0021465,
       29.7156043
      ],
      [
       35.0020459,
       29.7156172
      ],
      [
       35.0019444,
       29.7156215
      ]
     ]
    ]
   }
  },
  {
   "type": "Feature",
   "properties": {
    "code": "LLU42",
    "nameHe": "מטה מג \" ב לוד",
    "nameEn": null,
    "zoneTypeCode": "LLU_DRONE",
    "floorAmslFt": null,
    "ceilingAmslFt": null,
    "aglCeilingFt": null,
    "notes": "circle: center 31°56'56\"N 34°53'52\"E, radius 150 m (published)"
   },
   "geometry": {
    "type": "Polygon",
    "coordinates": [
     [
      [
       34.8977778,
       31.9502379
      ],
      [
       34.8976219,
       31.9502314
      ],
      [
       34.8974676,
       31.9502119
      ],
      [
       34.8973163,
       31.9501798
      ],
      [
       34.8971694,
       31.9501352
      ],
      [
       34.8970283,
       31.9500786
      ],
      [
       34.8968945,
       31.9500105
      ],
      [
       34.8967692,
       31.9499317
      ],
      [
       34.8966536,
       31.9498428
      ],
      [
       34.8965488,
       31.9497447
      ],
      [
       34.8964559,
       31.9496383
      ],
      [
       34.8963757,
       31.9495248
      ],
      [
       34.896309,
       31.9494051
      ],
      [
       34.8962564,
       31.9492805
      ],
      [
       34.8962185,
       31.9491521
      ],
      [
       34.8961956,
       31.9490211
      ],
      [
       34.896188,
       31.9488889
      ],
      [
       34.8961956,
       31.9487567
      ],
      [
       34.8962185,
       31.9486257
      ],
      [
       34.8962564,
       31.9484973
      ],
      [
       34.896309,
       31.9483726
      ],
      [
       34.8963757,
       31.948253
      ],
      [
       34.8964559,
       31.9481394
      ],
      [
       34.8965489,
       31.9480331
      ],
      [
       34.8966536,
       31.947935
      ],
      [
       34.8967692,
       31.9478461
      ],
      [
       34.8968945,
       31.9477672
      ],
      [
       34.8970284,
       31.9476992
      ],
      [
       34.8971694,
       31.9476426
      ],
      [
       34.8973163,
       31.947598
      ],
      [
       34.8974676,
       31.9475658
      ],
      [
       34.897622,
       31.9475464
      ],
      [
       34.8977778,
       31.9475399
      ],
      [
       34.8979336,
       31.9475464
      ],
      [
       34.8980879,
       31.9475658
      ],
      [
       34.8982393,
       31.947598
      ],
      [
       34.8983862,
       31.9476426
      ],
      [
       34.8985272,
       31.9476992
      ],
      [
       34.898661,
       31.9477672
      ],
      [
       34.8987863,
       31.9478461
      ],
      [
       34.8989019,
       31.947935
      ],
      [
       34.8990067,
       31.9480331
      ],
      [
       34.8990996,
       31.9481394
      ],
      [
       34.8991798,
       31.948253
      ],
      [
       34.8992466,
       31.9483726
      ],
      [
       34.8992991,
       31.9484973
      ],
      [
       34.899337,
       31.9486257
      ],
      [
       34.8993599,
       31.9487567
      ],
      [
       34.8993676,
       31.9488889
      ],
      [
       34.8993599,
       31.9490211
      ],
      [
       34.899337,
       31.9491521
      ],
      [
       34.8992991,
       31.9492805
      ],
      [
       34.8992466,
       31.9494051
      ],
      [
       34.8991799,
       31.9495248
      ],
      [
       34.8990997,
       31.9496383
      ],
      [
       34.8990067,
       31.9497447
      ],
      [
       34.898902,
       31.9498428
      ],
      [
       34.8987863,
       31.9499317
      ],
      [
       34.898661,
       31.9500105
      ],
      [
       34.8985272,
       31.9500786
      ],
      [
       34.8983862,
       31.9501352
      ],
      [
       34.8982393,
       31.9501798
      ],
      [
       34.8980879,
       31.9502119
      ],
      [
       34.8979336,
       31.9502314
      ],
      [
       34.8977778,
       31.9502379
      ]
     ]
    ]
   }
  },
  {
   "type": "Feature",
   "properties": {
    "code": "LLU43",
    "nameHe": "בה \" ד מג \" ב בית חורון",
    "nameEn": null,
    "zoneTypeCode": "LLU_DRONE",
    "floorAmslFt": null,
    "ceilingAmslFt": null,
    "aglCeilingFt": null,
    "notes": "circle: center 31°52'25\"N 35°08'04\"E, radius 250 m (published)"
   },
   "geometry": {
    "type": "Polygon",
    "coordinates": [
     [
      [
       35.1344444,
       31.8758594
      ],
      [
       35.1341849,
       31.8758486
      ],
      [
       35.1339279,
       31.8758162
      ],
      [
       35.1336759,
       31.8757626
      ],
      [
       35.1334313,
       31.8756883
      ],
      [
       35.1331964,
       31.8755939
      ],
      [
       35.1329735,
       31.8754805
      ],
      [
       35.1327649,
       31.8753491
      ],
      [
       35.1325723,
       31.8752009
      ],
      [
       35.1323979,
       31.8750374
      ],
      [
       35.1322431,
       31.8748602
      ],
      [
       35.1321095,
       31.8746709
      ],
      [
       35.1319984,
       31.8744715
      ],
      [
       35.1319109,
       31.8742637
      ],
      [
       35.1318478,
       31.8740497
      ],
      [
       35.1318097,
       31.8738315
      ],
      [
       35.1317969,
       31.8736111
      ],
      [
       35.1318097,
       31.8733907
      ],
      [
       35.1318478,
       31.8731725
      ],
      [
       35.131911,
       31.8729584
      ],
      [
       35.1319985,
       31.8727507
      ],
      [
       35.1321096,
       31.8725512
      ],
      [
       35.1322432,
       31.872362
      ],
      [
       35.1323979,
       31.8721848
      ],
      [
       35.1325724,
       31.8720213
      ],
      [
       35.1327649,
       31.8718731
      ],
      [
       35.1329736,
       31.8717417
      ],
      [
       35.1331964,
       31.8716283
      ],
      [
       35.1334313,
       31.8715339
      ],
      [
       35.1336759,
       31.8714596
      ],
      [
       35.133928,
       31.871406
      ],
      [
       35.1341849,
       31.8713736
      ],
      [
       35.1344444,
       31.8713628
      ],
      [
       35.1347039,
       31.8713736
      ],
      [
       35.1349609,
       31.871406
      ],
      [
       35.135213,
       31.8714596
      ],
      [
       35.1354576,
       31.8715339
      ],
      [
       35.1356924,
       31.8716283
      ],
      [
       35.1359153,
       31.8717417
      ],
      [
       35.136124,
       31.8718731
      ],
      [
       35.1363165,
       31.8720213
      ],
      [
       35.136491,
       31.8721848
      ],
      [
       35.1366457,
       31.872362
      ],
      [
       35.1367793,
       31.8725512
      ],
      [
       35.1368904,
       31.8727507
      ],
      [
       35.1369779,
       31.8729584
      ],
      [
       35.1370411,
       31.8731725
      ],
      [
       35.1370792,
       31.8733907
      ],
      [
       35.1370919,
       31.8736111
      ],
      [
       35.1370792,
       31.8738315
      ],
      [
       35.1370411,
       31.8740497
      ],
      [
       35.136978,
       31.8742637
      ],
      [
       35.1368904,
       31.8744715
      ],
      [
       35.1367794,
       31.8746709
      ],
      [
       35.1366458,
       31.8748602
      ],
      [
       35.136491,
       31.8750374
      ],
      [
       35.1363165,
       31.8752009
      ],
      [
       35.136124,
       31.8753491
      ],
      [
       35.1359153,
       31.8754805
      ],
      [
       35.1356925,
       31.8755939
      ],
      [
       35.1354576,
       31.8756883
      ],
      [
       35.135213,
       31.8757626
      ],
      [
       35.134961,
       31.8758162
      ],
      [
       35.134704,
       31.8758486
      ],
      [
       35.1344444,
       31.8758594
      ]
     ]
    ]
   }
  },
  {
   "type": "Feature",
   "properties": {
    "code": "LLU44",
    "nameHe": "קריית הממשלה",
    "nameEn": null,
    "zoneTypeCode": "LLU_DRONE",
    "floorAmslFt": null,
    "ceilingAmslFt": null,
    "aglCeilingFt": null,
    "notes": "circle: center 31°46'48\"N 35°12'02\"E, radius 500 m (published)"
   },
   "geometry": {
    "type": "Polygon",
    "coordinates": [
     [
      [
       35.2005556,
       31.7844966
      ],
      [
       35.2000371,
       31.7844749
      ],
      [
       35.1995235,
       31.7844102
      ],
      [
       35.19902,
       31.784303
      ],
      [
       35.1985312,
       31.7841543
      ],
      [
       35.1980619,
       31.7839656
      ],
      [
       35.1976167,
       31.7837388
      ],
      [
       35.1971997,
       31.7834759
      ],
      [
       35.1968151,
       31.7831795
      ],
      [
       35.1964665,
       31.7828525
      ],
      [
       35.1961573,
       31.7824981
      ],
      [
       35.1958904,
       31.7821196
      ],
      [
       35.1956685,
       31.7817207
      ],
      [
       35.1954936,
       31.7813052
      ],
      [
       35.1953675,
       31.7808771
      ],
      [
       35.1952914,
       31.7804406
      ],
      [
       35.1952659,
       31.7799999
      ],
      [
       35.1952914,
       31.7795591
      ],
      [
       35.1953676,
       31.7791227
      ],
      [
       35.1954938,
       31.7786946
      ],
      [
       35.1956687,
       31.7782791
      ],
      [
       35.1958906,
       31.7778802
      ],
      [
       35.1961575,
       31.7775017
      ],
      [
       35.1964667,
       31.7771473
      ],
      [
       35.1968153,
       31.7768204
      ],
      [
       35.1972,
       31.776524
      ],
      [
       35.1976169,
       31.7762612
      ],
      [
       35.1980621,
       31.7760343
      ],
      [
       35.1985314,
       31.7758457
      ],
      [
       35.1990201,
       31.775697
      ],
      [
       35.1995236,
       31.7755898
      ],
      [
       35.2000371,
       31.775525
      ],
      [
       35.2005556,
       31.7755034
      ],
      [
       35.201074,
       31.775525
      ],
      [
       35.2015875,
       31.7755898
      ],
      [
       35.202091,
       31.775697
      ],
      [
       35.2025797,
       31.7758457
      ],
      [
       35.203049,
       31.7760343
      ],
      [
       35.2034942,
       31.7762612
      ],
      [
       35.2039111,
       31.776524
      ],
      [
       35.2042958,
       31.7768204
      ],
      [
       35.2046444,
       31.7771473
      ],
      [
       35.2049536,
       31.7775017
      ],
      [
       35.2052205,
       31.7778802
      ],
      [
       35.2054425,
       31.7782791
      ],
      [
       35.2056174,
       31.7786946
      ],
      [
       35.2057435,
       31.7791227
      ],
      [
       35.2058197,
       31.7795591
      ],
      [
       35.2058452,
       31.7799999
      ],
      [
       35.2058198,
       31.7804406
      ],
      [
       35.2057436,
       31.7808771
      ],
      [
       35.2056175,
       31.7813052
      ],
      [
       35.2054426,
       31.7817207
      ],
      [
       35.2052207,
       31.7821196
      ],
      [
       35.2049539,
       31.7824981
      ],
      [
       35.2046446,
       31.7828525
      ],
      [
       35.204296,
       31.7831795
      ],
      [
       35.2039114,
       31.7834759
      ],
      [
       35.2034944,
       31.7837388
      ],
      [
       35.2030492,
       31.7839656
      ],
      [
       35.2025799,
       31.7841543
      ],
      [
       35.2020911,
       31.784303
      ],
      [
       35.2015876,
       31.7844102
      ],
      [
       35.2010741,
       31.7844749
      ],
      [
       35.2005556,
       31.7844966
      ]
     ]
    ]
   }
  },
  {
   "type": "Feature",
   "properties": {
    "code": "LLU45",
    "nameHe": "מעון בלפור",
    "nameEn": null,
    "zoneTypeCode": "LLU_DRONE",
    "floorAmslFt": null,
    "ceilingAmslFt": null,
    "aglCeilingFt": null,
    "notes": "circle: center 31°46'25\"N 35°13'02\"E, radius 500 m (published)"
   },
   "geometry": {
    "type": "Polygon",
    "coordinates": [
     [
      [
       35.2172222,
       31.7781077
      ],
      [
       35.2167038,
       31.7780861
      ],
      [
       35.2161903,
       31.7780213
      ],
      [
       35.2156868,
       31.7779141
      ],
      [
       35.215198,
       31.7777654
      ],
      [
       35.2147288,
       31.7775767
      ],
      [
       35.2142835,
       31.7773499
      ],
      [
       35.2138666,
       31.777087
      ],
      [
       35.213482,
       31.7767906
      ],
      [
       35.2131334,
       31.7764637
      ],
      [
       35.2128242,
       31.7761092
      ],
      [
       35.2125574,
       31.7757307
      ],
      [
       35.2123355,
       31.7753318
      ],
      [
       35.2121606,
       31.7749163
      ],
      [
       35.2120345,
       31.7744882
      ],
      [
       35.2119584,
       31.7740517
      ],
      [
       35.2119329,
       31.773611
      ],
      [
       35.2119584,
       31.7731703
      ],
      [
       35.2120346,
       31.7727338
      ],
      [
       35.2121608,
       31.7723057
      ],
      [
       35.2123357,
       31.7718902
      ],
      [
       35.2125576,
       31.7714913
      ],
      [
       35.2128245,
       31.7711129
      ],
      [
       35.2131337,
       31.7707584
      ],
      [
       35.2134823,
       31.7704315
      ],
      [
       35.2138669,
       31.7701351
      ],
      [
       35.2142838,
       31.7698723
      ],
      [
       35.214729,
       31.7696454
      ],
      [
       35.2151982,
       31.7694568
      ],
      [
       35.2156869,
       31.7693081
      ],
      [
       35.2161904,
       31.7692009
      ],
      [
       35.2167038,
       31.7691362
      ],
      [
       35.2172222,
       31.7691145
      ],
      [
       35.2177406,
       31.7691362
      ],
      [
       35.2182541,
       31.7692009
      ],
      [
       35.2187575,
       31.7693081
      ],
      [
       35.2192463,
       31.7694568
      ],
      [
       35.2197155,
       31.7696454
      ],
      [
       35.2201607,
       31.7698723
      ],
      [
       35.2205776,
       31.7701351
      ],
      [
       35.2209622,
       31.7704315
      ],
      [
       35.2213108,
       31.7707584
      ],
      [
       35.22162,
       31.7711129
      ],
      [
       35.2218868,
       31.7714913
      ],
      [
       35.2221088,
       31.7718902
      ],
      [
       35.2222837,
       31.7723057
      ],
      [
       35.2224098,
       31.7727338
      ],
      [
       35.222486,
       31.7731703
      ],
      [
       35.2225115,
       31.773611
      ],
      [
       35.2224861,
       31.7740517
      ],
      [
       35.2224099,
       31.7744882
      ],
      [
       35.2222838,
       31.7749163
      ],
      [
       35.222109,
       31.7753318
      ],
      [
       35.2218871,
       31.7757307
      ],
      [
       35.2216202,
       31.7761092
      ],
      [
       35.221311,
       31.7764637
      ],
      [
       35.2209624,
       31.7767906
      ],
      [
       35.2205778,
       31.777087
      ],
      [
       35.2201609,
       31.7773499
      ],
      [
       35.2197157,
       31.7775767
      ],
      [
       35.2192464,
       31.7777654
      ],
      [
       35.2187577,
       31.7779141
      ],
      [
       35.2182542,
       31.7780213
      ],
      [
       35.2177407,
       31.7780861
      ],
      [
       35.2172222,
       31.7781077
      ]
     ]
    ]
   }
  },
  {
   "type": "Feature",
   "properties": {
    "code": "LLU46",
    "nameHe": "אזור סחר תל אביב",
    "nameEn": null,
    "zoneTypeCode": "LLU_DRONE",
    "floorAmslFt": null,
    "ceilingAmslFt": null,
    "aglCeilingFt": null,
    "notes": "circle: center 32°04'22\"N 34°46'46\"E, radius 200 m (published)"
   },
   "geometry": {
    "type": "Polygon",
    "coordinates": [
     [
      [
       34.7794444,
       32.0745764
      ],
      [
       34.7792364,
       32.0745678
      ],
      [
       34.7790303,
       32.0745419
      ],
      [
       34.7788283,
       32.074499
      ],
      [
       34.7786321,
       32.0744395
      ],
      [
       34.7784438,
       32.074364
      ],
      [
       34.7782652,
       32.0742733
      ],
      [
       34.7780979,
       32.0741681
      ],
      [
       34.7779435,
       32.0740496
      ],
      [
       34.7778036,
       32.0739188
      ],
      [
       34.7776795,
       32.073777
      ],
      [
       34.7775725,
       32.0736256
      ],
      [
       34.7774834,
       32.0734661
      ],
      [
       34.7774132,
       32.0732999
      ],
      [
       34.7773626,
       32.0731287
      ],
      [
       34.7773321,
       32.0729541
      ],
      [
       34.7773218,
       32.0727778
      ],
      [
       34.7773321,
       32.0726015
      ],
      [
       34.7773626,
       32.0724269
      ],
      [
       34.7774132,
       32.0722556
      ],
      [
       34.7774834,
       32.0720895
      ],
      [
       34.7775725,
       32.0719299
      ],
      [
       34.7776796,
       32.0717785
      ],
      [
       34.7778037,
       32.0716367
      ],
      [
       34.7779436,
       32.0715059
      ],
      [
       34.7780979,
       32.0713874
      ],
      [
       34.7782652,
       32.0712823
      ],
      [
       34.7784439,
       32.0711915
      ],
      [
       34.7786322,
       32.071116
      ],
      [
       34.7788283,
       32.0710566
      ],
      [
       34.7790304,
       32.0710137
      ],
      [
       34.7792364,
       32.0709878
      ],
      [
       34.7794444,
       32.0709791
      ],
      [
       34.7796525,
       32.0709878
      ],
      [
       34.7798585,
       32.0710137
      ],
      [
       34.7800606,
       32.0710566
      ],
      [
       34.7802567,
       32.071116
      ],
      [
       34.780445,
       32.0711915
      ],
      [
       34.7806237,
       32.0712823
      ],
      [
       34.780791,
       32.0713874
      ],
      [
       34.7809453,
       32.0715059
      ],
      [
       34.7810852,
       32.0716367
      ],
      [
       34.7812093,
       32.0717785
      ],
      [
       34.7813164,
       32.0719299
      ],
      [
       34.7814055,
       32.0720895
      ],
      [
       34.7814756,
       32.0722556
      ],
      [
       34.7815263,
       32.0724269
      ],
      [
       34.7815568,
       32.0726015
      ],
      [
       34.781567,
       32.0727778
      ],
      [
       34.7815568,
       32.0729541
      ],
      [
       34.7815263,
       32.0731287
      ],
      [
       34.7814757,
       32.0732999
      ],
      [
       34.7814055,
       32.0734661
      ],
      [
       34.7813164,
       32.0736256
      ],
      [
       34.7812093,
       32.073777
      ],
      [
       34.7810853,
       32.0739188
      ],
      [
       34.7809454,
       32.0740496
      ],
      [
       34.780791,
       32.0741681
      ],
      [
       34.7806237,
       32.0742733
      ],
      [
       34.7804451,
       32.074364
      ],
      [
       34.7802567,
       32.0744395
      ],
      [
       34.7800606,
       32.074499
      ],
      [
       34.7798586,
       32.0745419
      ],
      [
       34.7796525,
       32.0745678
      ],
      [
       34.7794444,
       32.0745764
      ]
     ]
    ]
   }
  },
  {
   "type": "Feature",
   "properties": {
    "code": "LLU47",
    "nameHe": "אזור סחר ראש העין",
    "nameEn": null,
    "zoneTypeCode": "LLU_DRONE",
    "floorAmslFt": null,
    "ceilingAmslFt": null,
    "aglCeilingFt": null,
    "notes": "circle: center 32°05'40\"N 34°58'28\"E, radius 200 m (published)"
   },
   "geometry": {
    "type": "Polygon",
    "coordinates": [
     [
      [
       34.9744444,
       32.0962431
      ],
      [
       34.9742363,
       32.0962344
      ],
      [
       34.9740302,
       32.0962085
      ],
      [
       34.9738281,
       32.0961656
      ],
      [
       34.973632,
       32.0961062
      ],
      [
       34.9734436,
       32.0960307
      ],
      [
       34.9732649,
       32.09594
      ],
      [
       34.9730975,
       32.0958348
      ],
      [
       34.9729432,
       32.0957163
      ],
      [
       34.9728032,
       32.0955855
      ],
      [
       34.9726791,
       32.0954437
      ],
      [
       34.972572,
       32.0952923
      ],
      [
       34.9724829,
       32.0951327
      ],
      [
       34.9724127,
       32.0949665
      ],
      [
       34.9723621,
       32.0947953
      ],
      [
       34.9723316,
       32.0946207
      ],
      [
       34.9723213,
       32.0944444
      ],
      [
       34.9723316,
       32.0942681
      ],
      [
       34.9723621,
       32.0940935
      ],
      [
       34.9724128,
       32.0939223
      ],
      [
       34.972483,
       32.0937561
      ],
      [
       34.972572,
       32.0935966
      ],
      [
       34.9726792,
       32.0934452
      ],
      [
       34.9728033,
       32.0933034
      ],
      [
       34.9729432,
       32.0931726
      ],
      [
       34.9730976,
       32.0930541
      ],
      [
       34.9732649,
       32.0929489
      ],
      [
       34.9734436,
       32.0928582
      ],
      [
       34.973632,
       32.0927827
      ],
      [
       34.9738282,
       32.0927233
      ],
      [
       34.9740303,
       32.0926804
      ],
      [
       34.9742363,
       32.0926545
      ],
      [
       34.9744444,
       32.0926458
      ],
      [
       34.9746525,
       32.0926545
      ],
      [
       34.9748586,
       32.0926804
      ],
      [
       34.9750607,
       32.0927233
      ],
      [
       34.9752569,
       32.0927827
      ],
      [
       34.9754453,
       32.0928582
      ],
      [
       34.975624,
       32.0929489
      ],
      [
       34.9757913,
       32.0930541
      ],
      [
       34.9759457,
       32.0931726
      ],
      [
       34.9760856,
       32.0933034
      ],
      [
       34.9762097,
       32.0934452
      ],
      [
       34.9763168,
       32.0935966
      ],
      [
       34.9764059,
       32.0937561
      ],
      [
       34.9764761,
       32.0939223
      ],
      [
       34.9765267,
       32.0940935
      ],
      [
       34.9765573,
       32.0942681
      ],
      [
       34.9765676,
       32.0944444
      ],
      [
       34.9765573,
       32.0946207
      ],
      [
       34.9765268,
       32.0947953
      ],
      [
       34.9764761,
       32.0949665
      ],
      [
       34.976406,
       32.0951327
      ],
      [
       34.9763169,
       32.0952923
      ],
      [
       34.9762098,
       32.0954437
      ],
      [
       34.9760856,
       32.0955855
      ],
      [
       34.9759457,
       32.0957163
      ],
      [
       34.9757914,
       32.0958348
      ],
      [
       34.975624,
       32.09594
      ],
      [
       34.9754453,
       32.0960307
      ],
      [
       34.9752569,
       32.0961062
      ],
      [
       34.9750608,
       32.0961656
      ],
      [
       34.9748587,
       32.0962085
      ],
      [
       34.9746525,
       32.0962344
      ],
      [
       34.9744444,
       32.0962431
      ]
     ]
    ]
   }
  },
  {
   "type": "Feature",
   "properties": {
    "code": "LLU48",
    "nameHe": "תעשייה מודיעין",
    "nameEn": null,
    "zoneTypeCode": "LLU_DRONE",
    "floorAmslFt": null,
    "ceilingAmslFt": null,
    "aglCeilingFt": null,
    "notes": "circle: center 31°54'23\"N 35°00'22\"E, radius 200 m (published)"
   },
   "geometry": {
    "type": "Polygon",
    "coordinates": [
     [
      [
       35.0061111,
       31.9081875
      ],
      [
       35.0059034,
       31.9081789
      ],
      [
       35.0056978,
       31.908153
      ],
      [
       35.0054961,
       31.9081101
      ],
      [
       35.0053003,
       31.9080506
      ],
      [
       35.0051123,
       31.9079751
      ],
      [
       35.004934,
       31.9078844
      ],
      [
       35.004767,
       31.9077792
      ],
      [
       35.0046129,
       31.9076607
      ],
      [
       35.0044733,
       31.9075299
      ],
      [
       35.0043494,
       31.9073881
      ],
      [
       35.0042425,
       31.9072367
      ],
      [
       35.0041536,
       31.9070772
      ],
      [
       35.0040836,
       31.906911
      ],
      [
       35.0040331,
       31.9067398
      ],
      [
       35.0040026,
       31.9065652
      ],
      [
       35.0039924,
       31.9063889
      ],
      [
       35.0040026,
       31.9062126
      ],
      [
       35.0040331,
       31.906038
      ],
      [
       35.0040836,
       31.9058668
      ],
      [
       35.0041536,
       31.9057006
      ],
      [
       35.0042426,
       31.905541
      ],
      [
       35.0043494,
       31.9053896
      ],
      [
       35.0044733,
       31.9052478
      ],
      [
       35.0046129,
       31.905117
      ],
      [
       35.004767,
       31.9049985
      ],
      [
       35.004934,
       31.9048934
      ],
      [
       35.0051124,
       31.9048026
      ],
      [
       35.0053003,
       31.9047272
      ],
      [
       35.0054961,
       31.9046677
      ],
      [
       35.0056978,
       31.9046248
      ],
      [
       35.0059034,
       31.9045989
      ],
      [
       35.0061111,
       31.9045902
      ],
      [
       35.0063188,
       31.9045989
      ],
      [
       35.0065245,
       31.9046248
      ],
      [
       35.0067261,
       31.9046677
      ],
      [
       35.0069219,
       31.9047272
      ],
      [
       35.0071099,
       31.9048026
      ],
      [
       35.0072882,
       31.9048934
      ],
      [
       35.0074552,
       31.9049985
      ],
      [
       35.0076093,
       31.905117
      ],
      [
       35.0077489,
       31.9052478
      ],
      [
       35.0078728,
       31.9053896
      ],
      [
       35.0079797,
       31.905541
      ],
      [
       35.0080686,
       31.9057006
      ],
      [
       35.0081386,
       31.9058668
      ],
      [
       35.0081891,
       31.906038
      ],
      [
       35.0082197,
       31.9062126
      ],
      [
       35.0082299,
       31.9063889
      ],
      [
       35.0082197,
       31.9065652
      ],
      [
       35.0081892,
       31.9067398
      ],
      [
       35.0081386,
       31.906911
      ],
      [
       35.0080686,
       31.9070772
      ],
      [
       35.0079797,
       31.9072367
      ],
      [
       35.0078728,
       31.9073881
      ],
      [
       35.007749,
       31.9075299
      ],
      [
       35.0076093,
       31.9076607
      ],
      [
       35.0074553,
       31.9077792
      ],
      [
       35.0072882,
       31.9078844
      ],
      [
       35.0071099,
       31.9079751
      ],
      [
       35.0069219,
       31.9080506
      ],
      [
       35.0067262,
       31.9081101
      ],
      [
       35.0065245,
       31.908153
      ],
      [
       35.0063188,
       31.9081789
      ],
      [
       35.0061111,
       31.9081875
      ]
     ]
    ]
   }
  },
  {
   "type": "Feature",
   "properties": {
    "code": "LLU49",
    "nameHe": "עיריית רעננה",
    "nameEn": null,
    "zoneTypeCode": "LLU_DRONE",
    "floorAmslFt": null,
    "ceilingAmslFt": null,
    "aglCeilingFt": null,
    "notes": "circle: center 32°11'07\"N 34°53'05\"E, radius 200 m (published)"
   },
   "geometry": {
    "type": "Polygon",
    "coordinates": [
     [
      [
       34.8847222,
       32.1870764
      ],
      [
       34.8845139,
       32.1870678
      ],
      [
       34.8843076,
       32.1870419
      ],
      [
       34.8841053,
       32.186999
      ],
      [
       34.8839089,
       32.1869395
      ],
      [
       34.8837204,
       32.186864
      ],
      [
       34.8835415,
       32.1867733
      ],
      [
       34.883374,
       32.1866681
      ],
      [
       34.8832194,
       32.1865496
      ],
      [
       34.8830794,
       32.1864188
      ],
      [
       34.8829551,
       32.186277
      ],
      [
       34.8828479,
       32.1861256
      ],
      [
       34.8827588,
       32.1859661
      ],
      [
       34.8826885,
       32.1857999
      ],
      [
       34.8826378,
       32.1856287
      ],
      [
       34.8826072,
       32.1854541
      ],
      [
       34.882597,
       32.1852778
      ],
      [
       34.8826072,
       32.1851015
      ],
      [
       34.8826378,
       32.1849269
      ],
      [
       34.8826885,
       32.1847556
      ],
      [
       34.8827588,
       32.1845895
      ],
      [
       34.882848,
       32.1844299
      ],
      [
       34.8829552,
       32.1842785
      ],
      [
       34.8830794,
       32.1841367
      ],
      [
       34.8832195,
       32.1840059
      ],
      [
       34.883374,
       32.1838874
      ],
      [
       34.8835415,
       32.1837823
      ],
      [
       34.8837204,
       32.1836915
      ],
      [
       34.8839089,
       32.183616
      ],
      [
       34.8841053,
       32.1835566
      ],
      [
       34.8843076,
       32.1835137
      ],
      [
       34.8845139,
       32.1834878
      ],
      [
       34.8847222,
       32.1834791
      ],
      [
       34.8849305,
       32.1834878
      ],
      [
       34.8851368,
       32.1835137
      ],
      [
       34.8853391,
       32.1835566
      ],
      [
       34.8855355,
       32.183616
      ],
      [
       34.885724,
       32.1836915
      ],
      [
       34.8859029,
       32.1837823
      ],
      [
       34.8860704,
       32.1838874
      ],
      [
       34.886225,
       32.1840059
      ],
      [
       34.886365,
       32.1841367
      ],
      [
       34.8864893,
       32.1842785
      ],
      [
       34.8865965,
       32.1844299
      ],
      [
       34.8866857,
       32.1845895
      ],
      [
       34.8867559,
       32.1847556
      ],
      [
       34.8868066,
       32.1849269
      ],
      [
       34.8868372,
       32.1851015
      ],
      [
       34.8868474,
       32.1852778
      ],
      [
       34.8868372,
       32.1854541
      ],
      [
       34.8868066,
       32.1856287
      ],
      [
       34.8867559,
       32.1857999
      ],
      [
       34.8866857,
       32.1859661
      ],
      [
       34.8865965,
       32.1861256
      ],
      [
       34.8864893,
       32.186277
      ],
      [
       34.8863651,
       32.1864188
      ],
      [
       34.886225,
       32.1865496
      ],
      [
       34.8860705,
       32.1866681
      ],
      [
       34.885903,
       32.1867733
      ],
      [
       34.8857241,
       32.186864
      ],
      [
       34.8855355,
       32.1869395
      ],
      [
       34.8853392,
       32.186999
      ],
      [
       34.8851368,
       32.1870419
      ],
      [
       34.8849305,
       32.1870678
      ],
      [
       34.8847222,
       32.1870764
      ]
     ]
    ]
   }
  },
  {
   "type": "Feature",
   "properties": {
    "code": "LLU50",
    "nameHe": "אזור סחר תל אביב",
    "nameEn": null,
    "zoneTypeCode": "LLU_DRONE",
    "floorAmslFt": null,
    "ceilingAmslFt": null,
    "aglCeilingFt": null,
    "notes": "circle: center 32°07'41\"N 34°47'56\"E, radius 200 m (published)"
   },
   "geometry": {
    "type": "Polygon",
    "coordinates": [
     [
      [
       34.7988889,
       32.1298542
      ],
      [
       34.7986807,
       32.1298455
      ],
      [
       34.7984745,
       32.1298196
      ],
      [
       34.7982723,
       32.1297767
      ],
      [
       34.7980761,
       32.1297173
      ],
      [
       34.7978877,
       32.1296418
      ],
      [
       34.7977089,
       32.1295511
      ],
      [
       34.7975415,
       32.1294459
      ],
      [
       34.7973871,
       32.1293274
      ],
      [
       34.7972471,
       32.1291966
      ],
      [
       34.7971229,
       32.1290548
      ],
      [
       34.7970158,
       32.1289034
      ],
      [
       34.7969267,
       32.1287439
      ],
      [
       34.7968564,
       32.1285777
      ],
      [
       34.7968058,
       32.1284064
      ],
      [
       34.7967752,
       32.1282318
      ],
      [
       34.796765,
       32.1280555
      ],
      [
       34.7967752,
       32.1278792
      ],
      [
       34.7968058,
       32.1277046
      ],
      [
       34.7968565,
       32.1275334
      ],
      [
       34.7969267,
       32.1273672
      ],
      [
       34.7970158,
       32.1272077
      ],
      [
       34.797123,
       32.1270563
      ],
      [
       34.7972471,
       32.1269145
      ],
      [
       34.7973871,
       32.1267837
      ],
      [
       34.7975415,
       32.1266652
      ],
      [
       34.7977089,
       32.12656
      ],
      [
       34.7978877,
       32.1264693
      ],
      [
       34.7980761,
       32.1263938
      ],
      [
       34.7982724,
       32.1263344
      ],
      [
       34.7984745,
       32.1262915
      ],
      [
       34.7986807,
       32.1262656
      ],
      [
       34.7988889,
       32.1262569
      ],
      [
       34.7990971,
       32.1262656
      ],
      [
       34.7993032,
       32.1262915
      ],
      [
       34.7995054,
       32.1263344
      ],
      [
       34.7997017,
       32.1263938
      ],
      [
       34.7998901,
       32.1264693
      ],
      [
       34.8000688,
       32.12656
      ],
      [
       34.8002362,
       32.1266652
      ],
      [
       34.8003907,
       32.1267837
      ],
      [
       34.8005307,
       32.1269145
      ],
      [
       34.8006548,
       32.1270563
      ],
      [
       34.800762,
       32.1272077
      ],
      [
       34.8008511,
       32.1273672
      ],
      [
       34.8009213,
       32.1275334
      ],
      [
       34.800972,
       32.1277046
      ],
      [
       34.8010025,
       32.1278792
      ],
      [
       34.8010128,
       32.1280555
      ],
      [
       34.8010026,
       32.1282318
      ],
      [
       34.800972,
       32.1284064
      ],
      [
       34.8009213,
       32.1285777
      ],
      [
       34.8008511,
       32.1287439
      ],
      [
       34.800762,
       32.1289034
      ],
      [
       34.8006549,
       32.1290548
      ],
      [
       34.8005307,
       32.1291966
      ],
      [
       34.8003907,
       32.1293274
      ],
      [
       34.8002363,
       32.1294459
      ],
      [
       34.8000689,
       32.1295511
      ],
      [
       34.7998901,
       32.1296418
      ],
      [
       34.7997017,
       32.1297173
      ],
      [
       34.7995054,
       32.1297767
      ],
      [
       34.7993032,
       32.1298196
      ],
      [
       34.7990971,
       32.1298455
      ],
      [
       34.7988889,
       32.1298542
      ]
     ]
    ]
   }
  },
  {
   "type": "Feature",
   "properties": {
    "code": "LLU51",
    "nameHe": "מחנה זיקים",
    "nameEn": null,
    "zoneTypeCode": "LLU_DRONE",
    "floorAmslFt": null,
    "ceilingAmslFt": null,
    "aglCeilingFt": null,
    "notes": "circle: center 31°35'46\"N 34°30'49\"E, radius 300 m (published)"
   },
   "geometry": {
    "type": "Polygon",
    "coordinates": [
     [
      [
       34.5136111,
       31.5988091
      ],
      [
       34.5133006,
       31.5987961
      ],
      [
       34.5129931,
       31.5987572
      ],
      [
       34.5126916,
       31.5986929
      ],
      [
       34.5123989,
       31.5986037
      ],
      [
       34.5121179,
       31.5984905
      ],
      [
       34.5118513,
       31.5983544
      ],
      [
       34.5116016,
       31.5981966
      ],
      [
       34.5113713,
       31.5980188
      ],
      [
       34.5111626,
       31.5978227
      ],
      [
       34.5109774,
       31.59761
      ],
      [
       34.5108176,
       31.5973829
      ],
      [
       34.5106847,
       31.5971435
      ],
      [
       34.51058,
       31.5968943
      ],
      [
       34.5105045,
       31.5966374
      ],
      [
       34.5104589,
       31.5963755
      ],
      [
       34.5104436,
       31.5961111
      ],
      [
       34.5104589,
       31.5958466
      ],
      [
       34.5105045,
       31.5955847
      ],
      [
       34.51058,
       31.5953279
      ],
      [
       34.5106848,
       31.5950786
      ],
      [
       34.5108177,
       31.5948393
      ],
      [
       34.5109775,
       31.5946122
      ],
      [
       34.5111626,
       31.5943995
      ],
      [
       34.5113714,
       31.5942033
      ],
      [
       34.5116017,
       31.5940255
      ],
      [
       34.5118514,
       31.5938678
      ],
      [
       34.512118,
       31.5937317
      ],
      [
       34.512399,
       31.5936185
      ],
      [
       34.5126917,
       31.5935293
      ],
      [
       34.5129932,
       31.593465
      ],
      [
       34.5133007,
       31.5934261
      ],
      [
       34.5136111,
       31.5934132
      ],
      [
       34.5139216,
       31.5934261
      ],
      [
       34.514229,
       31.593465
      ],
      [
       34.5145306,
       31.5935293
      ],
      [
       34.5148232,
       31.5936185
      ],
      [
       34.5151042,
       31.5937317
      ],
      [
       34.5153708,
       31.5938678
      ],
      [
       34.5156205,
       31.5940255
      ],
      [
       34.5158508,
       31.5942033
      ],
      [
       34.5160596,
       31.5943995
      ],
      [
       34.5162448,
       31.5946122
      ],
      [
       34.5164046,
       31.5948393
      ],
      [
       34.5165375,
       31.5950786
      ],
      [
       34.5166422,
       31.5953279
      ],
      [
       34.5167177,
       31.5955847
      ],
      [
       34.5167634,
       31.5958466
      ],
      [
       34.5167786,
       31.5961111
      ],
      [
       34.5167634,
       31.5963755
      ],
      [
       34.5167178,
       31.5966374
      ],
      [
       34.5166422,
       31.5968943
      ],
      [
       34.5165375,
       31.5971435
      ],
      [
       34.5164046,
       31.5973829
      ],
      [
       34.5162448,
       31.59761
      ],
      [
       34.5160597,
       31.5978227
      ],
      [
       34.5158509,
       31.5980188
      ],
      [
       34.5156206,
       31.5981966
      ],
      [
       34.5153709,
       31.5983544
      ],
      [
       34.5151043,
       31.5984905
      ],
      [
       34.5148233,
       31.5986037
      ],
      [
       34.5145306,
       31.5986929
      ],
      [
       34.5142291,
       31.5987572
      ],
      [
       34.5139216,
       31.5987961
      ],
      [
       34.5136111,
       31.5988091
      ]
     ]
    ]
   }
  },
  {
   "type": "Feature",
   "properties": {
    "code": "LLU52",
    "nameHe": "אשל הנשיא",
    "nameEn": null,
    "zoneTypeCode": "LLU_DRONE",
    "floorAmslFt": null,
    "ceilingAmslFt": null,
    "aglCeilingFt": null,
    "notes": "circle: center 31°19'57\"N 34°41'40\"E, radius 300 m (published)"
   },
   "geometry": {
    "type": "Polygon",
    "coordinates": [
     [
      [
       34.6944444,
       31.335198
      ],
      [
       34.6941348,
       31.335185
      ],
      [
       34.6938282,
       31.3351461
      ],
      [
       34.6935275,
       31.3350818
      ],
      [
       34.6932357,
       31.3349926
      ],
      [
       34.6929555,
       31.3348794
      ],
      [
       34.6926896,
       31.3347433
      ],
      [
       34.6924406,
       31.3345855
      ],
      [
       34.6922109,
       31.3344077
      ],
      [
       34.6920028,
       31.3342115
      ],
      [
       34.6918181,
       31.3339989
      ],
      [
       34.6916588,
       31.3337718
      ],
      [
       34.6915262,
       31.3335324
      ],
      [
       34.6914218,
       31.3332831
      ],
      [
       34.6913465,
       31.3330263
      ],
      [
       34.691301,
       31.3327644
      ],
      [
       34.6912858,
       31.3325
      ],
      [
       34.6913011,
       31.3322355
      ],
      [
       34.6913466,
       31.3319736
      ],
      [
       34.6914219,
       31.3317168
      ],
      [
       34.6915263,
       31.3314675
      ],
      [
       34.6916588,
       31.3312282
      ],
      [
       34.6918182,
       31.3310011
      ],
      [
       34.6920029,
       31.3307884
      ],
      [
       34.692211,
       31.3305922
      ],
      [
       34.6924407,
       31.3304144
      ],
      [
       34.6926897,
       31.3302567
      ],
      [
       34.6929555,
       31.3301206
      ],
      [
       34.6932357,
       31.3300074
      ],
      [
       34.6935276,
       31.3299182
      ],
      [
       34.6938282,
       31.3298539
      ],
      [
       34.6941349,
       31.329815
      ],
      [
       34.6944444,
       31.329802
      ],
      [
       34.694754,
       31.329815
      ],
      [
       34.6950606,
       31.3298539
      ],
      [
       34.6953613,
       31.3299182
      ],
      [
       34.6956532,
       31.3300074
      ],
      [
       34.6959334,
       31.3301206
      ],
      [
       34.6961992,
       31.3302567
      ],
      [
       34.6964482,
       31.3304144
      ],
      [
       34.6966779,
       31.3305922
      ],
      [
       34.696886,
       31.3307884
      ],
      [
       34.6970707,
       31.3310011
      ],
      [
       34.69723,
       31.3312282
      ],
      [
       34.6973626,
       31.3314675
      ],
      [
       34.697467,
       31.3317168
      ],
      [
       34.6975423,
       31.3319736
      ],
      [
       34.6975878,
       31.3322355
      ],
      [
       34.697603,
       31.3325
      ],
      [
       34.6975878,
       31.3327644
      ],
      [
       34.6975424,
       31.3330263
      ],
      [
       34.6974671,
       31.3332831
      ],
      [
       34.6973626,
       31.3335324
      ],
      [
       34.6972301,
       31.3337718
      ],
      [
       34.6970708,
       31.3339989
      ],
      [
       34.6968861,
       31.3342115
      ],
      [
       34.696678,
       31.3344077
      ],
      [
       34.6964483,
       31.3345855
      ],
      [
       34.6961993,
       31.3347433
      ],
      [
       34.6959334,
       31.3348794
      ],
      [
       34.6956532,
       31.3349926
      ],
      [
       34.6953614,
       31.3350818
      ],
      [
       34.6950607,
       31.3351461
      ],
      [
       34.6947541,
       31.335185
      ],
      [
       34.6944444,
       31.335198
      ]
     ]
    ]
   }
  },
  {
   "type": "Feature",
   "properties": {
    "code": "LLU53",
    "nameHe": "השירות המטאורולוגי הישראלי",
    "nameEn": null,
    "zoneTypeCode": "LLU_DRONE",
    "floorAmslFt": null,
    "ceilingAmslFt": null,
    "aglCeilingFt": null,
    "notes": "circle: center 32°00'22\"N 34°48'52\"E, radius 300 m (published)"
   },
   "geometry": {
    "type": "Polygon",
    "coordinates": [
     [
      [
       34.8144444,
       32.0088091
      ],
      [
       34.8141326,
       32.0087961
      ],
      [
       34.8138237,
       32.0087572
      ],
      [
       34.8135209,
       32.0086929
      ],
      [
       34.8132269,
       32.0086037
      ],
      [
       34.8129446,
       32.0084905
      ],
      [
       34.8126768,
       32.0083544
      ],
      [
       34.812426,
       32.0081966
      ],
      [
       34.8121947,
       32.0080188
      ],
      [
       34.811985,
       32.0078227
      ],
      [
       34.811799,
       32.00761
      ],
      [
       34.8116385,
       32.0073829
      ],
      [
       34.811505,
       32.0071435
      ],
      [
       34.8113998,
       32.0068943
      ],
      [
       34.811324,
       32.0066374
      ],
      [
       34.8112782,
       32.0063755
      ],
      [
       34.8112629,
       32.0061111
      ],
      [
       34.8112782,
       32.0058466
      ],
      [
       34.811324,
       32.0055847
      ],
      [
       34.8113999,
       32.0053279
      ],
      [
       34.8115051,
       32.0050786
      ],
      [
       34.8116386,
       32.0048393
      ],
      [
       34.8117991,
       32.0046122
      ],
      [
       34.8119851,
       32.0043995
      ],
      [
       34.8121948,
       32.0042033
      ],
      [
       34.8124261,
       32.0040255
      ],
      [
       34.8126769,
       32.0038678
      ],
      [
       34.8129447,
       32.0037317
      ],
      [
       34.8132269,
       32.0036185
      ],
      [
       34.8135209,
       32.0035293
      ],
      [
       34.8138238,
       32.003465
      ],
      [
       34.8141326,
       32.0034261
      ],
      [
       34.8144444,
       32.0034132
      ],
      [
       34.8147563,
       32.0034261
      ],
      [
       34.8150651,
       32.003465
      ],
      [
       34.815368,
       32.0035293
      ],
      [
       34.815662,
       32.0036185
      ],
      [
       34.8159442,
       32.0037317
      ],
      [
       34.816212,
       32.0038678
      ],
      [
       34.8164628,
       32.0040255
      ],
      [
       34.8166941,
       32.0042033
      ],
      [
       34.8169038,
       32.0043995
      ],
      [
       34.8170898,
       32.0046122
      ],
      [
       34.8172503,
       32.0048393
      ],
      [
       34.8173838,
       32.0050786
      ],
      [
       34.817489,
       32.0053279
      ],
      [
       34.8175649,
       32.0055847
      ],
      [
       34.8176107,
       32.0058466
      ],
      [
       34.817626,
       32.0061111
      ],
      [
       34.8176107,
       32.0063755
      ],
      [
       34.8175649,
       32.0066374
      ],
      [
       34.8174891,
       32.0068943
      ],
      [
       34.8173839,
       32.0071435
      ],
      [
       34.8172504,
       32.0073829
      ],
      [
       34.8170899,
       32.00761
      ],
      [
       34.8169039,
       32.0078227
      ],
      [
       34.8166942,
       32.0080188
      ],
      [
       34.8164629,
       32.0081966
      ],
      [
       34.8162121,
       32.0083544
      ],
      [
       34.8159443,
       32.0084905
      ],
      [
       34.815662,
       32.0086037
      ],
      [
       34.815368,
       32.0086929
      ],
      [
       34.8150652,
       32.0087572
      ],
      [
       34.8147563,
       32.0087961
      ],
      [
       34.8144444,
       32.0088091
      ]
     ]
    ]
   }
  },
  {
   "type": "Feature",
   "properties": {
    "code": "LLU54",
    "nameHe": "מחנה בית ליד",
    "nameEn": null,
    "zoneTypeCode": "LLU_DRONE",
    "floorAmslFt": null,
    "ceilingAmslFt": null,
    "aglCeilingFt": null,
    "notes": "circle: center 32°19'50\"N 34°55'19\"E, radius 300 m (published)"
   },
   "geometry": {
    "type": "Polygon",
    "coordinates": [
     [
      [
       34.9219444,
       32.3332535
      ],
      [
       34.9216315,
       32.3332405
      ],
      [
       34.9213215,
       32.3332017
      ],
      [
       34.9210176,
       32.3331373
      ],
      [
       34.9207225,
       32.3330481
      ],
      [
       34.9204393,
       32.3329349
      ],
      [
       34.9201705,
       32.3327988
      ],
      [
       34.9199188,
       32.3326411
      ],
      [
       34.9196866,
       32.3324633
      ],
      [
       34.9194762,
       32.3322671
      ],
      [
       34.9192896,
       32.3320544
      ],
      [
       34.9191285,
       32.3318273
      ],
      [
       34.9189945,
       32.331588
      ],
      [
       34.918889,
       32.3313387
      ],
      [
       34.9188128,
       32.3310819
      ],
      [
       34.9187669,
       32.33082
      ],
      [
       34.9187515,
       32.3305555
      ],
      [
       34.9187669,
       32.3302911
      ],
      [
       34.9188129,
       32.3300292
      ],
      [
       34.918889,
       32.3297723
      ],
      [
       34.9189946,
       32.3295231
      ],
      [
       34.9191286,
       32.3292837
      ],
      [
       34.9192897,
       32.3290566
      ],
      [
       34.9194763,
       32.328844
      ],
      [
       34.9196867,
       32.3286478
      ],
      [
       34.9199189,
       32.32847
      ],
      [
       34.9201706,
       32.3283123
      ],
      [
       34.9204393,
       32.3281762
      ],
      [
       34.9207226,
       32.328063
      ],
      [
       34.9210176,
       32.3279738
      ],
      [
       34.9213216,
       32.3279094
      ],
      [
       34.9216315,
       32.3278706
      ],
      [
       34.9219444,
       32.3278576
      ],
      [
       34.9222574,
       32.3278706
      ],
      [
       34.9225673,
       32.3279094
      ],
      [
       34.9228713,
       32.3279738
      ],
      [
       34.9231663,
       32.328063
      ],
      [
       34.9234495,
       32.3281762
      ],
      [
       34.9237183,
       32.3283123
      ],
      [
       34.92397,
       32.32847
      ],
      [
       34.9242021,
       32.3286478
      ],
      [
       34.9244126,
       32.328844
      ],
      [
       34.9245992,
       32.3290566
      ],
      [
       34.9247603,
       32.3292837
      ],
      [
       34.9248943,
       32.3295231
      ],
      [
       34.9249999,
       32.3297723
      ],
      [
       34.925076,
       32.3300292
      ],
      [
       34.925122,
       32.3302911
      ],
      [
       34.9251374,
       32.3305555
      ],
      [
       34.925122,
       32.33082
      ],
      [
       34.9250761,
       32.3310819
      ],
      [
       34.9249999,
       32.3313387
      ],
      [
       34.9248944,
       32.331588
      ],
      [
       34.9247604,
       32.3318273
      ],
      [
       34.9245993,
       32.3320544
      ],
      [
       34.9244127,
       32.3322671
      ],
      [
       34.9242022,
       32.3324633
      ],
      [
       34.9239701,
       32.3326411
      ],
      [
       34.9237184,
       32.3327988
      ],
      [
       34.9234496,
       32.3329349
      ],
      [
       34.9231664,
       32.3330481
      ],
      [
       34.9228713,
       32.3331373
      ],
      [
       34.9225674,
       32.3332017
      ],
      [
       34.9222574,
       32.3332405
      ],
      [
       34.9219444,
       32.3332535
      ]
     ]
    ]
   }
  },
  {
   "type": "Feature",
   "properties": {
    "code": "LLU55",
    "nameHe": "דור",
    "nameEn": null,
    "zoneTypeCode": "LLU_DRONE",
    "floorAmslFt": null,
    "ceilingAmslFt": null,
    "aglCeilingFt": null,
    "notes": "polygon zone: מרחב אווירי (4 vertices)"
   },
   "geometry": {
    "type": "Polygon",
    "coordinates": [
     [
      [
       34.9266667,
       32.5958333
      ],
      [
       34.9266667,
       32.6047222
      ],
      [
       34.9302778,
       32.6047222
      ],
      [
       34.9302778,
       32.5958333
      ],
      [
       34.9266667,
       32.5958333
      ]
     ]
    ]
   }
  },
  {
   "type": "Feature",
   "properties": {
    "code": "LLU56",
    "nameHe": "מתחם אשמורת",
    "nameEn": null,
    "zoneTypeCode": "LLU_DRONE",
    "floorAmslFt": null,
    "ceilingAmslFt": null,
    "aglCeilingFt": null,
    "notes": "circle: center 32°19'22\"N 34°54'10\"E, radius 1000 m (published)"
   },
   "geometry": {
    "type": "Polygon",
    "coordinates": [
     [
      [
       34.9027778,
       32.331771
      ],
      [
       34.9017346,
       32.3317277
      ],
      [
       34.9007014,
       32.3315982
      ],
      [
       34.8996882,
       32.3313837
      ],
      [
       34.8987048,
       32.3310863
      ],
      [
       34.8977606,
       32.330709
      ],
      [
       34.8968648,
       32.3302552
      ],
      [
       34.8960259,
       32.3297294
      ],
      [
       34.8952521,
       32.3291367
      ],
      [
       34.8945507,
       32.3284827
      ],
      [
       34.8939286,
       32.3277738
      ],
      [
       34.8933917,
       32.3270168
      ],
      [
       34.8929453,
       32.3262189
      ],
      [
       34.8925935,
       32.325388
      ],
      [
       34.8923398,
       32.3245318
      ],
      [
       34.8921867,
       32.3236588
      ],
      [
       34.8921356,
       32.3227773
      ],
      [
       34.8921869,
       32.3218958
      ],
      [
       34.8923402,
       32.3210229
      ],
      [
       34.8925941,
       32.3201668
      ],
      [
       34.892946,
       32.3193358
      ],
      [
       34.8933926,
       32.3185381
      ],
      [
       34.8939296,
       32.3177811
      ],
      [
       34.8945517,
       32.3170723
      ],
      [
       34.8952531,
       32.3164184
      ],
      [
       34.8960269,
       32.3158258
      ],
      [
       34.8968658,
       32.3153001
      ],
      [
       34.8977615,
       32.3148464
      ],
      [
       34.8987055,
       32.3144691
      ],
      [
       34.8996888,
       32.3141718
      ],
      [
       34.9007018,
       32.3139574
      ],
      [
       34.9017348,
       32.3138279
      ],
      [
       34.9027778,
       32.3137846
      ],
      [
       34.9038208,
       32.3138279
      ],
      [
       34.9048538,
       32.3139574
      ],
      [
       34.9058668,
       32.3141718
      ],
      [
       34.90685,
       32.3144691
      ],
      [
       34.907794,
       32.3148464
      ],
      [
       34.9086898,
       32.3153001
      ],
      [
       34.9095286,
       32.3158258
      ],
      [
       34.9103024,
       32.3164184
      ],
      [
       34.9110038,
       32.3170723
      ],
      [
       34.911626,
       32.3177811
      ],
      [
       34.9121629,
       32.3185381
      ],
      [
       34.9126095,
       32.3193358
      ],
      [
       34.9129615,
       32.3201668
      ],
      [
       34.9132153,
       32.3210229
      ],
      [
       34.9133687,
       32.3218958
      ],
      [
       34.91342,
       32.3227773
      ],
      [
       34.9133689,
       32.3236588
      ],
      [
       34.9132157,
       32.3245318
      ],
      [
       34.912962,
       32.325388
      ],
      [
       34.9126103,
       32.3262189
      ],
      [
       34.9121638,
       32.3270168
      ],
      [
       34.911627,
       32.3277738
      ],
      [
       34.9110048,
       32.3284827
      ],
      [
       34.9103035,
       32.3291367
      ],
      [
       34.9095297,
       32.3297294
      ],
      [
       34.9086908,
       32.3302552
      ],
      [
       34.9077949,
       32.330709
      ],
      [
       34.9068508,
       32.3310863
      ],
      [
       34.9058673,
       32.3313837
      ],
      [
       34.9048542,
       32.3315982
      ],
      [
       34.903821,
       32.3317277
      ],
      [
       34.9027778,
       32.331771
      ]
     ]
    ]
   }
  },
  {
   "type": "Feature",
   "properties": {
    "code": "LLU57",
    "nameHe": "אילת",
    "nameEn": null,
    "zoneTypeCode": "LLU_DRONE",
    "floorAmslFt": null,
    "ceilingAmslFt": null,
    "aglCeilingFt": null,
    "notes": "circle: center 29°34'10\"N 34°57'04\"E, radius 1000 m (published)"
   },
   "geometry": {
    "type": "Polygon",
    "coordinates": [
     [
      [
       34.9511111,
       29.5784376
      ],
      [
       34.9500975,
       29.5783943
      ],
      [
       34.9490937,
       29.5782648
      ],
      [
       34.9481093,
       29.5780504
      ],
      [
       34.9471539,
       29.577753
      ],
      [
       34.9462365,
       29.5773757
      ],
      [
       34.9453662,
       29.5769219
      ],
      [
       34.9445511,
       29.5763961
      ],
      [
       34.9437992,
       29.5758034
      ],
      [
       34.9431178,
       29.5751494
      ],
      [
       34.9425134,
       29.5744405
      ],
      [
       34.9419918,
       29.5736835
      ],
      [
       34.941558,
       29.5728857
      ],
      [
       34.9412162,
       29.5720547
      ],
      [
       34.9409697,
       29.5711985
      ],
      [
       34.9408209,
       29.5703255
      ],
      [
       34.9407712,
       29.569444
      ],
      [
       34.9408211,
       29.5685626
      ],
      [
       34.9409701,
       29.5676896
      ],
      [
       34.9412167,
       29.5668335
      ],
      [
       34.9415586,
       29.5660026
      ],
      [
       34.9419925,
       29.5652048
      ],
      [
       34.9425142,
       29.5644478
      ],
      [
       34.9431187,
       29.563739
      ],
      [
       34.9438002,
       29.5630851
      ],
      [
       34.944552,
       29.5624924
      ],
      [
       34.945367,
       29.5619667
      ],
      [
       34.9462373,
       29.5615131
      ],
      [
       34.9471545,
       29.5611357
      ],
      [
       34.9481099,
       29.5608385
      ],
      [
       34.9490941,
       29.560624
      ],
      [
       34.9500977,
       29.5604945
      ],
      [
       34.9511111,
       29.5604512
      ],
      [
       34.9521245,
       29.5604945
      ],
      [
       34.9531281,
       29.560624
      ],
      [
       34.9541124,
       29.5608385
      ],
      [
       34.9550677,
       29.5611357
      ],
      [
       34.9559849,
       29.5615131
      ],
      [
       34.9568552,
       29.5619667
      ],
      [
       34.9576702,
       29.5624924
      ],
      [
       34.9584221,
       29.5630851
      ],
      [
       34.9591035,
       29.563739
      ],
      [
       34.959708,
       29.5644478
      ],
      [
       34.9602297,
       29.5652048
      ],
      [
       34.9606636,
       29.5660026
      ],
      [
       34.9610055,
       29.5668335
      ],
      [
       34.9612521,
       29.5676896
      ],
      [
       34.9614011,
       29.5685626
      ],
      [
       34.961451,
       29.569444
      ],
      [
       34.9614013,
       29.5703255
      ],
      [
       34.9612525,
       29.5711985
      ],
      [
       34.961006,
       29.5720547
      ],
      [
       34.9606642,
       29.5728857
      ],
      [
       34.9602305,
       29.5736835
      ],
      [
       34.9597088,
       29.5744405
      ],
      [
       34.9591044,
       29.5751494
      ],
      [
       34.958423,
       29.5758034
      ],
      [
       34.9576711,
       29.5763961
      ],
      [
       34.9568561,
       29.5769219
      ],
      [
       34.9559857,
       29.5773757
      ],
      [
       34.9550683,
       29.577753
      ],
      [
       34.9541129,
       29.5780504
      ],
      [
       34.9531285,
       29.5782648
      ],
      [
       34.9521247,
       29.5783943
      ],
      [
       34.9511111,
       29.5784376
      ]
     ]
    ]
   }
  },
  {
   "type": "Feature",
   "properties": {
    "code": "LLU58",
    "nameHe": "ה מכללה ה לאומית ל מקצועות ה כליאה",
    "nameEn": null,
    "zoneTypeCode": "LLU_DRONE",
    "floorAmslFt": null,
    "ceilingAmslFt": null,
    "aglCeilingFt": null,
    "notes": "circle: center 31°45'42\"N 34°47'38\"E, radius 1000 m (published)"
   },
   "geometry": {
    "type": "Polygon",
    "coordinates": [
     [
      [
       34.7938889,
       31.7706599
      ],
      [
       34.792852,
       31.7706166
      ],
      [
       34.7918252,
       31.7704871
      ],
      [
       34.7908182,
       31.7702726
      ],
      [
       34.7898408,
       31.7699752
      ],
      [
       34.7889024,
       31.7695979
      ],
      [
       34.788012,
       31.7691441
      ],
      [
       34.7871783,
       31.7686183
      ],
      [
       34.7864092,
       31.7680256
      ],
      [
       34.7857121,
       31.7673716
      ],
      [
       34.7850938,
       31.7666627
      ],
      [
       34.7845602,
       31.7659057
      ],
      [
       34.7841165,
       31.7651078
      ],
      [
       34.7837669,
       31.7642769
      ],
      [
       34.7835147,
       31.7634207
      ],
      [
       34.7833625,
       31.7625477
      ],
      [
       34.7833117,
       31.7616662
      ],
      [
       34.7833627,
       31.7607847
      ],
      [
       34.7835151,
       31.7599118
      ],
      [
       34.7837674,
       31.7590557
      ],
      [
       34.7841172,
       31.7582247
      ],
      [
       34.7845611,
       31.757427
      ],
      [
       34.7850948,
       31.75667
      ],
      [
       34.7857131,
       31.7559612
      ],
      [
       34.7864102,
       31.7553073
      ],
      [
       34.7871793,
       31.7547147
      ],
      [
       34.788013,
       31.754189
      ],
      [
       34.7889033,
       31.7537353
      ],
      [
       34.7898415,
       31.753358
      ],
      [
       34.7908188,
       31.7530607
      ],
      [
       34.7918256,
       31.7528462
      ],
      [
       34.7928522,
       31.7527168
      ],
      [
       34.7938889,
       31.7526735
      ],
      [
       34.7949255,
       31.7527168
      ],
      [
       34.7959522,
       31.7528462
      ],
      [
       34.796959,
       31.7530607
      ],
      [
       34.7979362,
       31.753358
      ],
      [
       34.7988745,
       31.7537353
      ],
      [
       34.7997648,
       31.754189
      ],
      [
       34.8005985,
       31.7547147
      ],
      [
       34.8013676,
       31.7553073
      ],
      [
       34.8020647,
       31.7559612
      ],
      [
       34.802683,
       31.75667
      ],
      [
       34.8032167,
       31.757427
      ],
      [
       34.8036606,
       31.7582247
      ],
      [
       34.8040103,
       31.7590557
      ],
      [
       34.8042626,
       31.7599118
      ],
      [
       34.804415,
       31.7607847
      ],
      [
       34.8044661,
       31.7616662
      ],
      [
       34.8044152,
       31.7625477
      ],
      [
       34.804263,
       31.7634207
      ],
      [
       34.8040109,
       31.7642769
      ],
      [
       34.8036613,
       31.7651078
      ],
      [
       34.8032176,
       31.7659057
      ],
      [
       34.802684,
       31.7666627
      ],
      [
       34.8020657,
       31.7673716
      ],
      [
       34.8013686,
       31.7680256
      ],
      [
       34.8005995,
       31.7686183
      ],
      [
       34.7997657,
       31.7691441
      ],
      [
       34.7988754,
       31.7695979
      ],
      [
       34.797937,
       31.7699752
      ],
      [
       34.7969596,
       31.7702726
      ],
      [
       34.7959526,
       31.7704871
      ],
      [
       34.7949257,
       31.7706166
      ],
      [
       34.7938889,
       31.7706599
      ]
     ]
    ]
   }
  },
  {
   "type": "Feature",
   "properties": {
    "code": "LLU59",
    "nameHe": "מישר",
    "nameEn": null,
    "zoneTypeCode": "LLU_DRONE",
    "floorAmslFt": null,
    "ceilingAmslFt": null,
    "aglCeilingFt": null,
    "notes": "circle: center 32°59'27\"N 35°31'02\"E, radius 500 m (published)"
   },
   "geometry": {
    "type": "Polygon",
    "coordinates": [
     [
      [
       35.5172222,
       32.9953299
      ],
      [
       35.5166967,
       32.9953083
      ],
      [
       35.5161763,
       32.9952435
      ],
      [
       35.5156659,
       32.9951363
      ],
      [
       35.5151705,
       32.9949876
      ],
      [
       35.5146949,
       32.994799
      ],
      [
       35.5142437,
       32.9945721
      ],
      [
       35.5138211,
       32.9943092
      ],
      [
       35.5134313,
       32.9940129
      ],
      [
       35.513078,
       32.9936859
      ],
      [
       35.5127646,
       32.9933314
      ],
      [
       35.5124941,
       32.9929529
      ],
      [
       35.5122692,
       32.992554
      ],
      [
       35.512092,
       32.9921385
      ],
      [
       35.5119642,
       32.9917105
      ],
      [
       35.511887,
       32.991274
      ],
      [
       35.5118612,
       32.9908332
      ],
      [
       35.511887,
       32.9903925
      ],
      [
       35.5119643,
       32.989956
      ],
      [
       35.5120921,
       32.9895279
      ],
      [
       35.5122694,
       32.9891125
      ],
      [
       35.5124943,
       32.9887136
      ],
      [
       35.5127648,
       32.9883351
      ],
      [
       35.5130782,
       32.9879807
      ],
      [
       35.5134315,
       32.9876537
      ],
      [
       35.5138214,
       32.9873574
      ],
      [
       35.5142439,
       32.9870945
      ],
      [
       35.5146952,
       32.9868677
      ],
      [
       35.5151707,
       32.986679
      ],
      [
       35.5156661,
       32.9865303
      ],
      [
       35.5161764,
       32.9864231
      ],
      [
       35.5166968,
       32.9863584
      ],
      [
       35.5172222,
       32.9863367
      ],
      [
       35.5177477,
       32.9863584
      ],
      [
       35.5182681,
       32.9864231
      ],
      [
       35.5187784,
       32.9865303
      ],
      [
       35.5192737,
       32.986679
      ],
      [
       35.5197493,
       32.9868677
      ],
      [
       35.5202005,
       32.9870945
      ],
      [
       35.5206231,
       32.9873574
      ],
      [
       35.5210129,
       32.9876537
      ],
      [
       35.5213662,
       32.9879807
      ],
      [
       35.5216796,
       32.9883351
      ],
      [
       35.5219501,
       32.9887136
      ],
      [
       35.5221751,
       32.9891125
      ],
      [
       35.5223523,
       32.9895279
      ],
      [
       35.5224802,
       32.989956
      ],
      [
       35.5225574,
       32.9903925
      ],
      [
       35.5225832,
       32.9908332
      ],
      [
       35.5225575,
       32.991274
      ],
      [
       35.5224803,
       32.9917105
      ],
      [
       35.5223525,
       32.9921385
      ],
      [
       35.5221753,
       32.992554
      ],
      [
       35.5219503,
       32.9929529
      ],
      [
       35.5216799,
       32.9933314
      ],
      [
       35.5213665,
       32.9936859
      ],
      [
       35.5210132,
       32.9940129
      ],
      [
       35.5206234,
       32.9943092
      ],
      [
       35.5202008,
       32.9945721
      ],
      [
       35.5197495,
       32.994799
      ],
      [
       35.5192739,
       32.9949876
      ],
      [
       35.5187785,
       32.9951363
      ],
      [
       35.5182682,
       32.9952435
      ],
      [
       35.5177477,
       32.9953083
      ],
      [
       35.5172222,
       32.9953299
      ]
     ]
    ]
   }
  },
  {
   "type": "Feature",
   "properties": {
    "code": "LLU60",
    "nameHe": "ירקון",
    "nameEn": null,
    "zoneTypeCode": "LLU_DRONE",
    "floorAmslFt": null,
    "ceilingAmslFt": null,
    "aglCeilingFt": null,
    "notes": "circle: center 31°18'39\"N 34°32'37\"E, radius 500 m (published)"
   },
   "geometry": {
    "type": "Polygon",
    "coordinates": [
     [
      [
       34.5436111,
       31.3153299
      ],
      [
       34.5430952,
       31.3153083
      ],
      [
       34.5425843,
       31.3152435
      ],
      [
       34.5420832,
       31.3151363
      ],
      [
       34.5415969,
       31.3149876
      ],
      [
       34.54113,
       31.314799
      ],
      [
       34.540687,
       31.3145721
      ],
      [
       34.5402721,
       31.3143092
      ],
      [
       34.5398894,
       31.3140129
      ],
      [
       34.5395425,
       31.3136859
      ],
      [
       34.5392349,
       31.3133314
      ],
      [
       34.5389693,
       31.3129529
      ],
      [
       34.5387485,
       31.312554
      ],
      [
       34.5385746,
       31.3121385
      ],
      [
       34.5384491,
       31.3117105
      ],
      [
       34.5383733,
       31.311274
      ],
      [
       34.538348,
       31.3108332
      ],
      [
       34.5383734,
       31.3103925
      ],
      [
       34.5384492,
       31.309956
      ],
      [
       34.5385747,
       31.3095279
      ],
      [
       34.5387487,
       31.3091125
      ],
      [
       34.5389696,
       31.3087136
      ],
      [
       34.5392351,
       31.3083351
      ],
      [
       34.5395428,
       31.3079807
      ],
      [
       34.5398896,
       31.3076537
      ],
      [
       34.5402723,
       31.3073574
      ],
      [
       34.5406872,
       31.3070945
      ],
      [
       34.5411302,
       31.3068677
      ],
      [
       34.5415971,
       31.306679
      ],
      [
       34.5420834,
       31.3065303
      ],
      [
       34.5425844,
       31.3064231
      ],
      [
       34.5430953,
       31.3063584
      ],
      [
       34.5436111,
       31.3063367
      ],
      [
       34.544127,
       31.3063584
      ],
      [
       34.5446378,
       31.3064231
      ],
      [
       34.5451388,
       31.3065303
      ],
      [
       34.5456251,
       31.306679
      ],
      [
       34.546092,
       31.3068677
      ],
      [
       34.546535,
       31.3070945
      ],
      [
       34.5469499,
       31.3073574
      ],
      [
       34.5473326,
       31.3076537
      ],
      [
       34.5476794,
       31.3079807
      ],
      [
       34.5479871,
       31.3083351
      ],
      [
       34.5482527,
       31.3087136
      ],
      [
       34.5484735,
       31.3091125
      ],
      [
       34.5486475,
       31.3095279
      ],
      [
       34.5487731,
       31.309956
      ],
      [
       34.5488489,
       31.3103925
      ],
      [
       34.5488742,
       31.3108332
      ],
      [
       34.5488489,
       31.311274
      ],
      [
       34.5487731,
       31.3117105
      ],
      [
       34.5486477,
       31.3121385
      ],
      [
       34.5484737,
       31.312554
      ],
      [
       34.5482529,
       31.3129529
      ],
      [
       34.5479874,
       31.3133314
      ],
      [
       34.5476797,
       31.3136859
      ],
      [
       34.5473328,
       31.3140129
      ],
      [
       34.5469501,
       31.3143092
      ],
      [
       34.5465353,
       31.3145721
      ],
      [
       34.5460922,
       31.314799
      ],
      [
       34.5456253,
       31.3149876
      ],
      [
       34.545139,
       31.3151363
      ],
      [
       34.5446379,
       31.3152435
      ],
      [
       34.544127,
       31.3153083
      ],
      [
       34.5436111,
       31.3153299
      ]
     ]
    ]
   }
  },
  {
   "type": "Feature",
   "properties": {
    "code": "LLU61",
    "nameHe": "צניפים",
    "nameEn": null,
    "zoneTypeCode": "LLU_DRONE",
    "floorAmslFt": null,
    "ceilingAmslFt": null,
    "aglCeilingFt": null,
    "notes": "circle: center 31°45'30\"N 35°09'13\"E, radius 500 m (published)"
   },
   "geometry": {
    "type": "Polygon",
    "coordinates": [
     [
      [
       35.1536111,
       31.7628299
      ],
      [
       35.1530927,
       31.7628083
      ],
      [
       35.1525793,
       31.7627435
      ],
      [
       35.1520759,
       31.7626363
      ],
      [
       35.1515872,
       31.7624876
      ],
      [
       35.1511181,
       31.762299
      ],
      [
       35.1506729,
       31.7620721
      ],
      [
       35.1502561,
       31.7618092
      ],
      [
       35.1498715,
       31.7615129
      ],
      [
       35.149523,
       31.7611859
      ],
      [
       35.1492138,
       31.7608314
      ],
      [
       35.148947,
       31.7604529
      ],
      [
       35.1487252,
       31.760054
      ],
      [
       35.1485504,
       31.7596385
      ],
      [
       35.1484243,
       31.7592105
      ],
      [
       35.1483481,
       31.758774
      ],
      [
       35.1483227,
       31.7583332
      ],
      [
       35.1483482,
       31.7578925
      ],
      [
       35.1484244,
       31.757456
      ],
      [
       35.1485505,
       31.7570279
      ],
      [
       35.1487254,
       31.7566125
      ],
      [
       35.1489473,
       31.7562136
      ],
      [
       35.1492141,
       31.7558351
      ],
      [
       35.1495232,
       31.7554807
      ],
      [
       35.1498718,
       31.7551537
      ],
      [
       35.1502563,
       31.7548574
      ],
      [
       35.1506731,
       31.7545945
      ],
      [
       35.1511183,
       31.7543677
      ],
      [
       35.1515874,
       31.754179
      ],
      [
       35.152076,
       31.7540303
      ],
      [
       35.1525794,
       31.7539231
      ],
      [
       35.1530928,
       31.7538584
      ],
      [
       35.1536111,
       31.7538367
      ],
      [
       35.1541294,
       31.7538584
      ],
      [
       35.1546428,
       31.7539231
      ],
      [
       35.1551462,
       31.7540303
      ],
      [
       35.1556348,
       31.754179
      ],
      [
       35.1561039,
       31.7543677
      ],
      [
       35.1565491,
       31.7545945
      ],
      [
       35.1569659,
       31.7548574
      ],
      [
       35.1573504,
       31.7551537
      ],
      [
       35.157699,
       31.7554807
      ],
      [
       35.1580081,
       31.7558351
      ],
      [
       35.158275,
       31.7562136
      ],
      [
       35.1584969,
       31.7566125
      ],
      [
       35.1586717,
       31.7570279
      ],
      [
       35.1587979,
       31.757456
      ],
      [
       35.158874,
       31.7578925
      ],
      [
       35.1588995,
       31.7583332
      ],
      [
       35.1588741,
       31.758774
      ],
      [
       35.1587979,
       31.7592105
      ],
      [
       35.1586719,
       31.7596385
      ],
      [
       35.1584971,
       31.760054
      ],
      [
       35.1582752,
       31.7604529
      ],
      [
       35.1580084,
       31.7608314
      ],
      [
       35.1576992,
       31.7611859
      ],
      [
       35.1573507,
       31.7615129
      ],
      [
       35.1569662,
       31.7618092
      ],
      [
       35.1565493,
       31.7620721
      ],
      [
       35.1561042,
       31.762299
      ],
      [
       35.155635,
       31.7624876
      ],
      [
       35.1551463,
       31.7626363
      ],
      [
       35.1546429,
       31.7627435
      ],
      [
       35.1541295,
       31.7628083
      ],
      [
       35.1536111,
       31.7628299
      ]
     ]
    ]
   }
  },
  {
   "type": "Feature",
   "properties": {
    "code": "LLU62",
    "nameHe": "ארסוף",
    "nameEn": null,
    "zoneTypeCode": "LLU_DRONE",
    "floorAmslFt": null,
    "ceilingAmslFt": null,
    "aglCeilingFt": null,
    "notes": "circle: center 32°08'42\"N 34°49'14\"E, radius 500 m (published)"
   },
   "geometry": {
    "type": "Polygon",
    "coordinates": [
     [
      [
       34.8205556,
       32.1494966
      ],
      [
       34.820035,
       32.1494749
      ],
      [
       34.8195194,
       32.1494102
      ],
      [
       34.8190139,
       32.149303
      ],
      [
       34.8185231,
       32.1491543
      ],
      [
       34.818052,
       32.1489656
      ],
      [
       34.817605,
       32.1487388
      ],
      [
       34.8171863,
       32.1484759
      ],
      [
       34.8168002,
       32.1481795
      ],
      [
       34.8164502,
       32.1478525
      ],
      [
       34.8161397,
       32.1474981
      ],
      [
       34.8158718,
       32.1471196
      ],
      [
       34.815649,
       32.1467207
      ],
      [
       34.8154734,
       32.1463052
      ],
      [
       34.8153468,
       32.1458771
      ],
      [
       34.8152704,
       32.1454406
      ],
      [
       34.8152448,
       32.1449999
      ],
      [
       34.8152704,
       32.1445591
      ],
      [
       34.8153469,
       32.1441226
      ],
      [
       34.8154736,
       32.1436946
      ],
      [
       34.8156492,
       32.1432791
      ],
      [
       34.815872,
       32.1428802
      ],
      [
       34.81614,
       32.1425017
      ],
      [
       34.8164504,
       32.1421473
      ],
      [
       34.8168004,
       32.1418204
      ],
      [
       34.8171866,
       32.141524
      ],
      [
       34.8176052,
       32.1412612
      ],
      [
       34.8180522,
       32.1410343
      ],
      [
       34.8185233,
       32.1408457
      ],
      [
       34.819014,
       32.140697
      ],
      [
       34.8195195,
       32.1405898
      ],
      [
       34.820035,
       32.140525
      ],
      [
       34.8205556,
       32.1405034
      ],
      [
       34.8210761,
       32.140525
      ],
      [
       34.8215916,
       32.1405898
      ],
      [
       34.8220971,
       32.140697
      ],
      [
       34.8225878,
       32.1408457
      ],
      [
       34.8230589,
       32.1410343
      ],
      [
       34.8235059,
       32.1412612
      ],
      [
       34.8239245,
       32.141524
      ],
      [
       34.8243107,
       32.1418204
      ],
      [
       34.8246607,
       32.1421473
      ],
      [
       34.8249711,
       32.1425017
      ],
      [
       34.8252391,
       32.1428802
      ],
      [
       34.8254619,
       32.1432791
      ],
      [
       34.8256375,
       32.1436946
      ],
      [
       34.8257642,
       32.1441226
      ],
      [
       34.8258407,
       32.1445591
      ],
      [
       34.8258663,
       32.1449999
      ],
      [
       34.8258407,
       32.1454406
      ],
      [
       34.8257643,
       32.1458771
      ],
      [
       34.8256377,
       32.1463052
      ],
      [
       34.8254621,
       32.1467207
      ],
      [
       34.8252393,
       32.1471196
      ],
      [
       34.8249714,
       32.1474981
      ],
      [
       34.8246609,
       32.1478525
      ],
      [
       34.8243109,
       32.1481795
      ],
      [
       34.8239248,
       32.1484759
      ],
      [
       34.8235061,
       32.1487388
      ],
      [
       34.8230591,
       32.1489656
      ],
      [
       34.822588,
       32.1491543
      ],
      [
       34.8220972,
       32.149303
      ],
      [
       34.8215917,
       32.1494102
      ],
      [
       34.8210761,
       32.1494749
      ],
      [
       34.8205556,
       32.1494966
      ]
     ]
    ]
   }
  },
  {
   "type": "Feature",
   "properties": {
    "code": "LLU63",
    "nameHe": "הרצים",
    "nameEn": null,
    "zoneTypeCode": "LLU_DRONE",
    "floorAmslFt": null,
    "ceilingAmslFt": null,
    "aglCeilingFt": null,
    "notes": "circle: center 32°08'36\"N 34°48'48\"E, radius 500 m (published)"
   },
   "geometry": {
    "type": "Polygon",
    "coordinates": [
     [
      [
       34.8133333,
       32.1478299
      ],
      [
       34.8128128,
       32.1478083
      ],
      [
       34.8122972,
       32.1477435
      ],
      [
       34.8117917,
       32.1476363
      ],
      [
       34.811301,
       32.1474876
      ],
      [
       34.8108298,
       32.147299
      ],
      [
       34.8103828,
       32.1470721
      ],
      [
       34.8099642,
       32.1468092
      ],
      [
       34.809578,
       32.1465129
      ],
      [
       34.809228,
       32.1461859
      ],
      [
       34.8089176,
       32.1458314
      ],
      [
       34.8086497,
       32.1454529
      ],
      [
       34.8084269,
       32.145054
      ],
      [
       34.8082513,
       32.1446385
      ],
      [
       34.8081247,
       32.1442105
      ],
      [
       34.8080483,
       32.143774
      ],
      [
       34.8080227,
       32.1433332
      ],
      [
       34.8080483,
       32.1428925
      ],
      [
       34.8081248,
       32.142456
      ],
      [
       34.8082515,
       32.1420279
      ],
      [
       34.8084271,
       32.1416125
      ],
      [
       34.8086499,
       32.1412136
      ],
      [
       34.8089178,
       32.1408351
      ],
      [
       34.8092283,
       32.1404807
      ],
      [
       34.8095783,
       32.1401537
      ],
      [
       34.8099644,
       32.1398574
      ],
      [
       34.810383,
       32.1395945
      ],
      [
       34.81083,
       32.1393677
      ],
      [
       34.8113011,
       32.139179
      ],
      [
       34.8117918,
       32.1390303
      ],
      [
       34.8122973,
       32.1389231
      ],
      [
       34.8128128,
       32.1388584
      ],
      [
       34.8133333,
       32.1388367
      ],
      [
       34.8138538,
       32.1388584
      ],
      [
       34.8143693,
       32.1389231
      ],
      [
       34.8148749,
       32.1390303
      ],
      [
       34.8153655,
       32.139179
      ],
      [
       34.8158366,
       32.1393677
      ],
      [
       34.8162836,
       32.1395945
      ],
      [
       34.8167022,
       32.1398574
      ],
      [
       34.8170884,
       32.1401537
      ],
      [
       34.8174384,
       32.1404807
      ],
      [
       34.8177488,
       32.1408351
      ],
      [
       34.8180168,
       32.1412136
      ],
      [
       34.8182396,
       32.1416125
      ],
      [
       34.8184152,
       32.1420279
      ],
      [
       34.8185419,
       32.142456
      ],
      [
       34.8186183,
       32.1428925
      ],
      [
       34.8186439,
       32.1433332
      ],
      [
       34.8186184,
       32.143774
      ],
      [
       34.818542,
       32.1442105
      ],
      [
       34.8184153,
       32.1446385
      ],
      [
       34.8182398,
       32.145054
      ],
      [
       34.818017,
       32.1454529
      ],
      [
       34.8177491,
       32.1458314
      ],
      [
       34.8174386,
       32.1461859
      ],
      [
       34.8170886,
       32.1465129
      ],
      [
       34.8167025,
       32.1468092
      ],
      [
       34.8162839,
       32.1470721
      ],
      [
       34.8158368,
       32.147299
      ],
      [
       34.8153657,
       32.1474876
      ],
      [
       34.814875,
       32.1476363
      ],
      [
       34.8143694,
       32.1477435
      ],
      [
       34.8138539,
       32.1478083
      ],
      [
       34.8133333,
       32.1478299
      ]
     ]
    ]
   }
  },
  {
   "type": "Feature",
   "properties": {
    "code": "LLU64",
    "nameHe": "ברקאי",
    "nameEn": null,
    "zoneTypeCode": "LLU_DRONE",
    "floorAmslFt": null,
    "ceilingAmslFt": null,
    "aglCeilingFt": null,
    "notes": "circle: center 32°28'10\"N 35°01'25\"E, radius 500 m (published)"
   },
   "geometry": {
    "type": "Polygon",
    "coordinates": [
     [
      [
       35.0236111,
       32.473941
      ],
      [
       35.0230887,
       32.4739194
      ],
      [
       35.0225713,
       32.4738546
      ],
      [
       35.0220639,
       32.4737474
      ],
      [
       35.0215714,
       32.4735987
      ],
      [
       35.0210986,
       32.4734101
      ],
      [
       35.0206499,
       32.4731832
      ],
      [
       35.0202298,
       32.4729203
      ],
      [
       35.0198423,
       32.472624
      ],
      [
       35.019491,
       32.472297
      ],
      [
       35.0191795,
       32.4719425
      ],
      [
       35.0189106,
       32.471564
      ],
      [
       35.018687,
       32.4711651
      ],
      [
       35.0185108,
       32.4707496
      ],
      [
       35.0183837,
       32.4703216
      ],
      [
       35.018307,
       32.4698851
      ],
      [
       35.0182813,
       32.4694443
      ],
      [
       35.018307,
       32.4690036
      ],
      [
       35.0183838,
       32.4685671
      ],
      [
       35.0185109,
       32.468139
      ],
      [
       35.0186871,
       32.4677236
      ],
      [
       35.0189108,
       32.4673247
      ],
      [
       35.0191797,
       32.4669462
      ],
      [
       35.0194913,
       32.4665918
      ],
      [
       35.0198425,
       32.4662648
      ],
      [
       35.0202301,
       32.4659685
      ],
      [
       35.0206502,
       32.4657056
      ],
      [
       35.0210988,
       32.4654788
      ],
      [
       35.0215716,
       32.4652901
      ],
      [
       35.022064,
       32.4651415
      ],
      [
       35.0225714,
       32.4650342
      ],
      [
       35.0230887,
       32.4649695
      ],
      [
       35.0236111,
       32.4649478
      ],
      [
       35.0241335,
       32.4649695
      ],
      [
       35.0246508,
       32.4650342
      ],
      [
       35.0251582,
       32.4651415
      ],
      [
       35.0256506,
       32.4652901
      ],
      [
       35.0261234,
       32.4654788
      ],
      [
       35.026572,
       32.4657056
      ],
      [
       35.0269921,
       32.4659685
      ],
      [
       35.0273797,
       32.4662648
      ],
      [
       35.0277309,
       32.4665918
      ],
      [
       35.0280425,
       32.4669462
      ],
      [
       35.0283114,
       32.4673247
      ],
      [
       35.0285351,
       32.4677236
      ],
      [
       35.0287113,
       32.468139
      ],
      [
       35.0288384,
       32.4685671
      ],
      [
       35.0289152,
       32.4690036
      ],
      [
       35.0289409,
       32.4694443
      ],
      [
       35.0289152,
       32.4698851
      ],
      [
       35.0288385,
       32.4703216
      ],
      [
       35.0287114,
       32.4707496
      ],
      [
       35.0285353,
       32.4711651
      ],
      [
       35.0283117,
       32.471564
      ],
      [
       35.0280428,
       32.4719425
      ],
      [
       35.0277312,
       32.472297
      ],
      [
       35.02738,
       32.472624
      ],
      [
       35.0269924,
       32.4729203
      ],
      [
       35.0265723,
       32.4731832
      ],
      [
       35.0261237,
       32.4734101
      ],
      [
       35.0256508,
       32.4735987
      ],
      [
       35.0251583,
       32.4737474
      ],
      [
       35.0246509,
       32.4738546
      ],
      [
       35.0241335,
       32.4739194
      ],
      [
       35.0236111,
       32.473941
      ]
     ]
    ]
   }
  },
  {
   "type": "Feature",
   "properties": {
    "code": "LLU65",
    "nameHe": "רמות",
    "nameEn": null,
    "zoneTypeCode": "LLU_DRONE",
    "floorAmslFt": null,
    "ceilingAmslFt": null,
    "aglCeilingFt": null,
    "notes": "circle: center 31°16'48\"N 34°49'11\"E, radius 500 m (published)"
   },
   "geometry": {
    "type": "Polygon",
    "coordinates": [
     [
      [
       34.8197222,
       31.2844966
      ],
      [
       34.8192065,
       31.2844749
      ],
      [
       34.8186957,
       31.2844102
      ],
      [
       34.8181948,
       31.284303
      ],
      [
       34.8177087,
       31.2841543
      ],
      [
       34.8172419,
       31.2839656
      ],
      [
       34.816799,
       31.2837388
      ],
      [
       34.8163843,
       31.2834759
      ],
      [
       34.8160017,
       31.2831795
      ],
      [
       34.815655,
       31.2828525
      ],
      [
       34.8153474,
       31.2824981
      ],
      [
       34.815082,
       31.2821196
      ],
      [
       34.8148612,
       31.2817207
      ],
      [
       34.8146873,
       31.2813052
      ],
      [
       34.8145619,
       31.2808771
      ],
      [
       34.8144861,
       31.2804406
      ],
      [
       34.8144608,
       31.2799999
      ],
      [
       34.8144862,
       31.2795591
      ],
      [
       34.814562,
       31.2791227
      ],
      [
       34.8146874,
       31.2786946
      ],
      [
       34.8148614,
       31.2782791
      ],
      [
       34.8150822,
       31.2778802
      ],
      [
       34.8153476,
       31.2775017
      ],
      [
       34.8156552,
       31.2771473
      ],
      [
       34.816002,
       31.2768204
      ],
      [
       34.8163845,
       31.276524
      ],
      [
       34.8167993,
       31.2762612
      ],
      [
       34.8172421,
       31.2760343
      ],
      [
       34.8177089,
       31.2758457
      ],
      [
       34.818195,
       31.275697
      ],
      [
       34.8186958,
       31.2755898
      ],
      [
       34.8192065,
       31.275525
      ],
      [
       34.8197222,
       31.2755034
      ],
      [
       34.8202379,
       31.275525
      ],
      [
       34.8207486,
       31.2755898
      ],
      [
       34.8212495,
       31.275697
      ],
      [
       34.8217356,
       31.2758457
      ],
      [
       34.8222023,
       31.2760343
      ],
      [
       34.8226452,
       31.2762612
      ],
      [
       34.8230599,
       31.276524
      ],
      [
       34.8234425,
       31.2768204
      ],
      [
       34.8237892,
       31.2771473
      ],
      [
       34.8240968,
       31.2775017
      ],
      [
       34.8243623,
       31.2778802
      ],
      [
       34.824583,
       31.2782791
      ],
      [
       34.824757,
       31.2786946
      ],
      [
       34.8248825,
       31.2791227
      ],
      [
       34.8249583,
       31.2795591
      ],
      [
       34.8249836,
       31.2799999
      ],
      [
       34.8249583,
       31.2804406
      ],
      [
       34.8248826,
       31.2808771
      ],
      [
       34.8247571,
       31.2813052
      ],
      [
       34.8245832,
       31.2817207
      ],
      [
       34.8243625,
       31.2821196
      ],
      [
       34.824097,
       31.2824981
      ],
      [
       34.8237895,
       31.2828525
      ],
      [
       34.8234427,
       31.2831795
      ],
      [
       34.8230601,
       31.2834759
      ],
      [
       34.8226454,
       31.2837388
      ],
      [
       34.8222025,
       31.2839656
      ],
      [
       34.8217358,
       31.2841543
      ],
      [
       34.8212496,
       31.284303
      ],
      [
       34.8207487,
       31.2844102
      ],
      [
       34.820238,
       31.2844749
      ],
      [
       34.8197222,
       31.2844966
      ]
     ]
    ]
   }
  },
  {
   "type": "Feature",
   "properties": {
    "code": "LLU66",
    "nameHe": "מפרסית",
    "nameEn": null,
    "zoneTypeCode": "LLU_DRONE",
    "floorAmslFt": null,
    "ceilingAmslFt": null,
    "aglCeilingFt": null,
    "notes": "circle: center 30°54'20\"N 34°31'24\"E, radius 500 m (published)"
   },
   "geometry": {
    "type": "Polygon",
    "coordinates": [
     [
      [
       34.5233333,
       30.9100522
      ],
      [
       34.5228196,
       30.9100305
      ],
      [
       34.5223109,
       30.9099658
      ],
      [
       34.521812,
       30.9098585
      ],
      [
       34.5213277,
       30.9097099
      ],
      [
       34.5208628,
       30.9095212
      ],
      [
       34.5204216,
       30.9092943
      ],
      [
       34.5200085,
       30.9090314
      ],
      [
       34.5196275,
       30.9087351
      ],
      [
       34.5192821,
       30.9084081
      ],
      [
       34.5189757,
       30.9080537
      ],
      [
       34.5187113,
       30.9076752
      ],
      [
       34.5184915,
       30.9072762
      ],
      [
       34.5183182,
       30.9068608
      ],
      [
       34.5181933,
       30.9064327
      ],
      [
       34.5181178,
       30.9059962
      ],
      [
       34.5180926,
       30.9055554
      ],
      [
       34.5181179,
       30.9051147
      ],
      [
       34.5181934,
       30.9046782
      ],
      [
       34.5183184,
       30.9042502
      ],
      [
       34.5184916,
       30.9038347
      ],
      [
       34.5187115,
       30.9034358
      ],
      [
       34.518976,
       30.9030573
      ],
      [
       34.5192823,
       30.9027029
      ],
      [
       34.5196277,
       30.9023759
      ],
      [
       34.5200088,
       30.9020796
      ],
      [
       34.5204219,
       30.9018167
      ],
      [
       34.520863,
       30.9015899
      ],
      [
       34.5213279,
       30.9014012
      ],
      [
       34.5218121,
       30.9012526
      ],
      [
       34.522311,
       30.9011454
      ],
      [
       34.5228197,
       30.9010806
      ],
      [
       34.5233333,
       30.901059
      ],
      [
       34.523847,
       30.9010806
      ],
      [
       34.5243557,
       30.9011454
      ],
      [
       34.5248546,
       30.9012526
      ],
      [
       34.5253388,
       30.9014012
      ],
      [
       34.5258037,
       30.9015899
      ],
      [
       34.5262448,
       30.9018167
      ],
      [
       34.5266579,
       30.9020796
      ],
      [
       34.5270389,
       30.9023759
      ],
      [
       34.5273843,
       30.9027029
      ],
      [
       34.5276907,
       30.9030573
      ],
      [
       34.5279551,
       30.9034358
      ],
      [
       34.528175,
       30.9038347
      ],
      [
       34.5283483,
       30.9042502
      ],
      [
       34.5284733,
       30.9046782
      ],
      [
       34.5285488,
       30.9051147
      ],
      [
       34.528574,
       30.9055554
      ],
      [
       34.5285488,
       30.9059962
      ],
      [
       34.5284734,
       30.9064327
      ],
      [
       34.5283484,
       30.9068608
      ],
      [
       34.5281752,
       30.9072762
      ],
      [
       34.5279553,
       30.9076752
      ],
      [
       34.5276909,
       30.9080537
      ],
      [
       34.5273846,
       30.9084081
      ],
      [
       34.5270392,
       30.9087351
      ],
      [
       34.5266581,
       30.9090314
      ],
      [
       34.526245,
       30.9092943
      ],
      [
       34.5258039,
       30.9095212
      ],
      [
       34.525339,
       30.9097099
      ],
      [
       34.5248547,
       30.9098585
      ],
      [
       34.5243558,
       30.9099658
      ],
      [
       34.523847,
       30.9100305
      ],
      [
       34.5233333,
       30.9100522
      ]
     ]
    ]
   }
  },
  {
   "type": "Feature",
   "properties": {
    "code": "LLU67",
    "nameHe": "שישים",
    "nameEn": null,
    "zoneTypeCode": "LLU_DRONE",
    "floorAmslFt": null,
    "ceilingAmslFt": null,
    "aglCeilingFt": null,
    "notes": "circle: center 32°03'53\"N 34°48'05\"E, radius 500 m (published)"
   },
   "geometry": {
    "type": "Polygon",
    "coordinates": [
     [
      [
       34.8013889,
       32.0692188
      ],
      [
       34.8008688,
       32.0691972
      ],
      [
       34.8003537,
       32.0691324
      ],
      [
       34.7998486,
       32.0690252
      ],
      [
       34.7993583,
       32.0688765
      ],
      [
       34.7988875,
       32.0686878
      ],
      [
       34.7984409,
       32.068461
      ],
      [
       34.7980226,
       32.0681981
      ],
      [
       34.7976368,
       32.0679017
      ],
      [
       34.7972871,
       32.0675748
      ],
      [
       34.796977,
       32.0672203
      ],
      [
       34.7967093,
       32.0668418
      ],
      [
       34.7964867,
       32.0664429
      ],
      [
       34.7963112,
       32.0660274
      ],
      [
       34.7961847,
       32.0655994
      ],
      [
       34.7961084,
       32.0651629
      ],
      [
       34.7960828,
       32.0647221
      ],
      [
       34.7961084,
       32.0642814
      ],
      [
       34.7961848,
       32.0638449
      ],
      [
       34.7963114,
       32.0634168
      ],
      [
       34.7964868,
       32.0630014
      ],
      [
       34.7967095,
       32.0626025
      ],
      [
       34.7969772,
       32.062224
      ],
      [
       34.7972874,
       32.0618695
      ],
      [
       34.7976371,
       32.0615426
      ],
      [
       34.7980229,
       32.0612463
      ],
      [
       34.7984411,
       32.0609834
      ],
      [
       34.7988877,
       32.0607565
      ],
      [
       34.7993584,
       32.0605679
      ],
      [
       34.7998487,
       32.0604192
      ],
      [
       34.8003538,
       32.060312
      ],
      [
       34.8008688,
       32.0602473
      ],
      [
       34.8013889,
       32.0602256
      ],
      [
       34.8019089,
       32.0602473
      ],
      [
       34.802424,
       32.060312
      ],
      [
       34.8029291,
       32.0604192
      ],
      [
       34.8034193,
       32.0605679
      ],
      [
       34.80389,
       32.0607565
      ],
      [
       34.8043366,
       32.0609834
      ],
      [
       34.8047549,
       32.0612463
      ],
      [
       34.8051407,
       32.0615426
      ],
      [
       34.8054904,
       32.0618695
      ],
      [
       34.8058006,
       32.062224
      ],
      [
       34.8060683,
       32.0626025
      ],
      [
       34.8062909,
       32.0630014
      ],
      [
       34.8064664,
       32.0634168
      ],
      [
       34.8065929,
       32.0638449
      ],
      [
       34.8066694,
       32.0642814
      ],
      [
       34.8066949,
       32.0647221
      ],
      [
       34.8066694,
       32.0651629
      ],
      [
       34.806593,
       32.0655994
      ],
      [
       34.8064665,
       32.0660274
      ],
      [
       34.8062911,
       32.0664429
      ],
      [
       34.8060685,
       32.0668418
      ],
      [
       34.8058008,
       32.0672203
      ],
      [
       34.8054906,
       32.0675748
      ],
      [
       34.805141,
       32.0679017
      ],
      [
       34.8047551,
       32.0681981
      ],
      [
       34.8043369,
       32.068461
      ],
      [
       34.8038902,
       32.0686878
      ],
      [
       34.8034195,
       32.0688765
      ],
      [
       34.8029292,
       32.0690252
      ],
      [
       34.8024241,
       32.0691324
      ],
      [
       34.801909,
       32.0691972
      ],
      [
       34.8013889,
       32.0692188
      ]
     ]
    ]
   }
  },
  {
   "type": "Feature",
   "properties": {
    "code": "LLU68",
    "nameHe": "צפריר",
    "nameEn": null,
    "zoneTypeCode": "LLU_DRONE",
    "floorAmslFt": null,
    "ceilingAmslFt": null,
    "aglCeilingFt": null,
    "notes": "circle: center 32°05'02\"N 34°55'24\"E, radius 500 m (published)"
   },
   "geometry": {
    "type": "Polygon",
    "coordinates": [
     [
      [
       34.9233333,
       32.0883855
      ],
      [
       34.9228131,
       32.0883638
      ],
      [
       34.9222979,
       32.0882991
      ],
      [
       34.9217927,
       32.0881919
      ],
      [
       34.9213023,
       32.0880432
      ],
      [
       34.9208314,
       32.0878545
      ],
      [
       34.9203847,
       32.0876276
      ],
      [
       34.9199664,
       32.0873648
      ],
      [
       34.9195805,
       32.0870684
      ],
      [
       34.9192307,
       32.0867414
      ],
      [
       34.9189205,
       32.086387
      ],
      [
       34.9186527,
       32.0860085
      ],
      [
       34.9184301,
       32.0856096
      ],
      [
       34.9182546,
       32.0851941
      ],
      [
       34.9181281,
       32.084766
      ],
      [
       34.9180517,
       32.0843295
      ],
      [
       34.9180262,
       32.0838888
      ],
      [
       34.9180518,
       32.083448
      ],
      [
       34.9181282,
       32.0830115
      ],
      [
       34.9182548,
       32.0825835
      ],
      [
       34.9184303,
       32.082168
      ],
      [
       34.9186529,
       32.0817691
      ],
      [
       34.9189207,
       32.0813906
      ],
      [
       34.919231,
       32.0810362
      ],
      [
       34.9195807,
       32.0807093
      ],
      [
       34.9199666,
       32.0804129
      ],
      [
       34.920385,
       32.0801501
      ],
      [
       34.9208317,
       32.0799232
      ],
      [
       34.9213025,
       32.0797346
      ],
      [
       34.9217928,
       32.0795859
      ],
      [
       34.922298,
       32.0794787
      ],
      [
       34.9228132,
       32.0794139
      ],
      [
       34.9233333,
       32.0793923
      ],
      [
       34.9238535,
       32.0794139
      ],
      [
       34.9243687,
       32.0794787
      ],
      [
       34.9248738,
       32.0795859
      ],
      [
       34.9253642,
       32.0797346
      ],
      [
       34.925835,
       32.0799232
      ],
      [
       34.9262817,
       32.0801501
      ],
      [
       34.9267,
       32.0804129
      ],
      [
       34.9270859,
       32.0807093
      ],
      [
       34.9274357,
       32.0810362
      ],
      [
       34.927746,
       32.0813906
      ],
      [
       34.9280137,
       32.0817691
      ],
      [
       34.9282364,
       32.082168
      ],
      [
       34.9284119,
       32.0825835
      ],
      [
       34.9285385,
       32.0830115
      ],
      [
       34.9286149,
       32.083448
      ],
      [
       34.9286405,
       32.0838888
      ],
      [
       34.928615,
       32.0843295
      ],
      [
       34.9285386,
       32.084766
      ],
      [
       34.928412,
       32.0851941
      ],
      [
       34.9282366,
       32.0856096
      ],
      [
       34.9280139,
       32.0860085
      ],
      [
       34.9277462,
       32.086387
      ],
      [
       34.9274359,
       32.0867414
      ],
      [
       34.9270862,
       32.0870684
      ],
      [
       34.9267003,
       32.0873648
      ],
      [
       34.926282,
       32.0876276
      ],
      [
       34.9258352,
       32.0878545
      ],
      [
       34.9253644,
       32.0880432
      ],
      [
       34.924874,
       32.0881919
      ],
      [
       34.9243688,
       32.0882991
      ],
      [
       34.9238536,
       32.0883638
      ],
      [
       34.9233333,
       32.0883855
      ]
     ]
    ]
   }
  },
  {
   "type": "Feature",
   "properties": {
    "code": "LLU69",
    "nameHe": "מעריב",
    "nameEn": null,
    "zoneTypeCode": "LLU_DRONE",
    "floorAmslFt": null,
    "ceilingAmslFt": null,
    "aglCeilingFt": null,
    "notes": "circle: center 32°04'01\"N 34°47'05\"E, radius 500 m (published)"
   },
   "geometry": {
    "type": "Polygon",
    "coordinates": [
     [
      [
       34.7847222,
       32.071441
      ],
      [
       34.7842021,
       32.0714194
      ],
      [
       34.783687,
       32.0713546
      ],
      [
       34.7831818,
       32.0712474
      ],
      [
       34.7826915,
       32.0710987
      ],
      [
       34.7822208,
       32.0709101
      ],
      [
       34.7817741,
       32.0706832
      ],
      [
       34.7813559,
       32.0704203
      ],
      [
       34.7809701,
       32.070124
      ],
      [
       34.7806204,
       32.069797
      ],
      [
       34.7803102,
       32.0694425
      ],
      [
       34.7800425,
       32.069064
      ],
      [
       34.7798199,
       32.0686651
      ],
      [
       34.7796445,
       32.0682496
      ],
      [
       34.779518,
       32.0678216
      ],
      [
       34.7794416,
       32.0673851
      ],
      [
       34.779416,
       32.0669443
      ],
      [
       34.7794416,
       32.0665036
      ],
      [
       34.7795181,
       32.0660671
      ],
      [
       34.7796446,
       32.065639
      ],
      [
       34.77982,
       32.0652236
      ],
      [
       34.7800427,
       32.0648247
      ],
      [
       34.7803104,
       32.0644462
      ],
      [
       34.7806206,
       32.0640918
      ],
      [
       34.7809703,
       32.0637648
      ],
      [
       34.7813561,
       32.0634685
      ],
      [
       34.7817744,
       32.0632056
      ],
      [
       34.782221,
       32.0629788
      ],
      [
       34.7826917,
       32.0627901
      ],
      [
       34.783182,
       32.0626415
      ],
      [
       34.7836871,
       32.0625342
      ],
      [
       34.7842022,
       32.0624695
      ],
      [
       34.7847222,
       32.0624478
      ],
      [
       34.7852423,
       32.0624695
      ],
      [
       34.7857574,
       32.0625342
      ],
      [
       34.7862625,
       32.0626415
      ],
      [
       34.7867527,
       32.0627901
      ],
      [
       34.7872234,
       32.0629788
      ],
      [
       34.7876701,
       32.0632056
      ],
      [
       34.7880883,
       32.0634685
      ],
      [
       34.7884741,
       32.0637648
      ],
      [
       34.7888238,
       32.0640918
      ],
      [
       34.789134,
       32.0644462
      ],
      [
       34.7894017,
       32.0648247
      ],
      [
       34.7896244,
       32.0652236
      ],
      [
       34.7897998,
       32.065639
      ],
      [
       34.7899264,
       32.0660671
      ],
      [
       34.7900028,
       32.0665036
      ],
      [
       34.7900284,
       32.0669443
      ],
      [
       34.7900029,
       32.0673851
      ],
      [
       34.7899265,
       32.0678216
      ],
      [
       34.7898,
       32.0682496
      ],
      [
       34.7896246,
       32.0686651
      ],
      [
       34.789402,
       32.069064
      ],
      [
       34.7891343,
       32.0694425
      ],
      [
       34.7888241,
       32.069797
      ],
      [
       34.7884744,
       32.070124
      ],
      [
       34.7880886,
       32.0704203
      ],
      [
       34.7876703,
       32.0706832
      ],
      [
       34.7872236,
       32.0709101
      ],
      [
       34.7867529,
       32.0710987
      ],
      [
       34.7862626,
       32.0712474
      ],
      [
       34.7857575,
       32.0713546
      ],
      [
       34.7852423,
       32.0714194
      ],
      [
       34.7847222,
       32.071441
      ]
     ]
    ]
   }
  },
  {
   "type": "Feature",
   "properties": {
    "code": "LLU70",
    "nameHe": "לינקולן",
    "nameEn": null,
    "zoneTypeCode": "LLU_DRONE",
    "floorAmslFt": null,
    "ceilingAmslFt": null,
    "aglCeilingFt": null,
    "notes": "circle: center 32°04'04\"N 34°46'51\"E, radius 500 m (published)"
   },
   "geometry": {
    "type": "Polygon",
    "coordinates": [
     [
      [
       34.7808333,
       32.0722744
      ],
      [
       34.7803132,
       32.0722527
      ],
      [
       34.7797981,
       32.072188
      ],
      [
       34.7792929,
       32.0720807
      ],
      [
       34.7788026,
       32.0719321
      ],
      [
       34.7783319,
       32.0717434
      ],
      [
       34.7778852,
       32.0715165
      ],
      [
       34.777467,
       32.0712537
      ],
      [
       34.7770811,
       32.0709573
      ],
      [
       34.7767314,
       32.0706303
      ],
      [
       34.7764213,
       32.0702759
      ],
      [
       34.7761536,
       32.0698974
      ],
      [
       34.7759309,
       32.0694985
      ],
      [
       34.7757555,
       32.069083
      ],
      [
       34.775629,
       32.0686549
      ],
      [
       34.7755526,
       32.0682184
      ],
      [
       34.7755271,
       32.0677777
      ],
      [
       34.7755527,
       32.0673369
      ],
      [
       34.7756291,
       32.0669004
      ],
      [
       34.7757557,
       32.0664724
      ],
      [
       34.7759311,
       32.0660569
      ],
      [
       34.7761538,
       32.065658
      ],
      [
       34.7764215,
       32.0652795
      ],
      [
       34.7767317,
       32.0649251
      ],
      [
       34.7770814,
       32.0645981
      ],
      [
       34.7774672,
       32.0643018
      ],
      [
       34.7778855,
       32.064039
      ],
      [
       34.7783321,
       32.0638121
      ],
      [
       34.7788028,
       32.0636234
      ],
      [
       34.7792931,
       32.0634748
      ],
      [
       34.7797982,
       32.0633676
      ],
      [
       34.7803133,
       32.0633028
      ],
      [
       34.7808333,
       32.0632812
      ],
      [
       34.7813534,
       32.0633028
      ],
      [
       34.7818685,
       32.0633676
      ],
      [
       34.7823736,
       32.0634748
      ],
      [
       34.7828638,
       32.0636234
      ],
      [
       34.7833346,
       32.0638121
      ],
      [
       34.7837812,
       32.064039
      ],
      [
       34.7841994,
       32.0643018
      ],
      [
       34.7845853,
       32.0645981
      ],
      [
       34.784935,
       32.0649251
      ],
      [
       34.7852452,
       32.0652795
      ],
      [
       34.7855129,
       32.065658
      ],
      [
       34.7857356,
       32.0660569
      ],
      [
       34.785911,
       32.0664724
      ],
      [
       34.7860375,
       32.0669004
      ],
      [
       34.786114,
       32.0673369
      ],
      [
       34.7861396,
       32.0677777
      ],
      [
       34.786114,
       32.0682184
      ],
      [
       34.7860376,
       32.0686549
      ],
      [
       34.7859111,
       32.069083
      ],
      [
       34.7857357,
       32.0694985
      ],
      [
       34.7855131,
       32.0698974
      ],
      [
       34.7852454,
       32.0702759
      ],
      [
       34.7849352,
       32.0706303
      ],
      [
       34.7845855,
       32.0709573
      ],
      [
       34.7841997,
       32.0712537
      ],
      [
       34.7837814,
       32.0715165
      ],
      [
       34.7833348,
       32.0717434
      ],
      [
       34.782864,
       32.0719321
      ],
      [
       34.7823737,
       32.0720807
      ],
      [
       34.7818686,
       32.072188
      ],
      [
       34.7813535,
       32.0722527
      ],
      [
       34.7808333,
       32.0722744
      ]
     ]
    ]
   }
  },
  {
   "type": "Feature",
   "properties": {
    "code": "LLU71",
    "nameHe": "סרדין",
    "nameEn": null,
    "zoneTypeCode": "LLU_DRONE",
    "floorAmslFt": null,
    "ceilingAmslFt": null,
    "aglCeilingFt": null,
    "notes": "circle: center 32°07'44\"N 34°47'57\"E, radius 500 m (published)"
   },
   "geometry": {
    "type": "Polygon",
    "coordinates": [
     [
      [
       34.7991667,
       32.1333855
      ],
      [
       34.7986462,
       32.1333638
      ],
      [
       34.7981307,
       32.1332991
      ],
      [
       34.7976252,
       32.1331919
      ],
      [
       34.7971346,
       32.1330432
      ],
      [
       34.7966635,
       32.1328545
      ],
      [
       34.7962166,
       32.1326276
      ],
      [
       34.7957981,
       32.1323648
      ],
      [
       34.795412,
       32.1320684
      ],
      [
       34.795062,
       32.1317414
      ],
      [
       34.7947516,
       32.131387
      ],
      [
       34.7944838,
       32.1310085
      ],
      [
       34.794261,
       32.1306096
      ],
      [
       34.7940855,
       32.1301941
      ],
      [
       34.7939589,
       32.129766
      ],
      [
       34.7938824,
       32.1293295
      ],
      [
       34.7938569,
       32.1288888
      ],
      [
       34.7938825,
       32.128448
      ],
      [
       34.793959,
       32.1280115
      ],
      [
       34.7940856,
       32.1275835
      ],
      [
       34.7942612,
       32.127168
      ],
      [
       34.794484,
       32.1267691
      ],
      [
       34.7947519,
       32.1263906
      ],
      [
       34.7950623,
       32.1260362
      ],
      [
       34.7954122,
       32.1257093
      ],
      [
       34.7957983,
       32.1254129
      ],
      [
       34.7962168,
       32.1251501
      ],
      [
       34.7966638,
       32.1249232
      ],
      [
       34.7971348,
       32.1247346
      ],
      [
       34.7976254,
       32.1245859
      ],
      [
       34.7981308,
       32.1244787
      ],
      [
       34.7986462,
       32.1244139
      ],
      [
       34.7991667,
       32.1243923
      ],
      [
       34.7996871,
       32.1244139
      ],
      [
       34.8002025,
       32.1244787
      ],
      [
       34.8007079,
       32.1245859
      ],
      [
       34.8011985,
       32.1247346
      ],
      [
       34.8016696,
       32.1249232
      ],
      [
       34.8021165,
       32.1251501
      ],
      [
       34.802535,
       32.1254129
      ],
      [
       34.8029211,
       32.1257093
      ],
      [
       34.803271,
       32.1260362
      ],
      [
       34.8035815,
       32.1263906
      ],
      [
       34.8038494,
       32.1267691
      ],
      [
       34.8040722,
       32.127168
      ],
      [
       34.8042477,
       32.1275835
      ],
      [
       34.8043744,
       32.1280115
      ],
      [
       34.8044508,
       32.128448
      ],
      [
       34.8044764,
       32.1288888
      ],
      [
       34.8044509,
       32.1293295
      ],
      [
       34.8043745,
       32.129766
      ],
      [
       34.8042479,
       32.1301941
      ],
      [
       34.8040723,
       32.1306096
      ],
      [
       34.8038496,
       32.1310085
      ],
      [
       34.8035817,
       32.131387
      ],
      [
       34.8032713,
       32.1317414
      ],
      [
       34.8029214,
       32.1320684
      ],
      [
       34.8025353,
       32.1323648
      ],
      [
       34.8021167,
       32.1326276
      ],
      [
       34.8016698,
       32.1328545
      ],
      [
       34.8011987,
       32.1330432
      ],
      [
       34.8007081,
       32.1331919
      ],
      [
       34.8002026,
       32.1332991
      ],
      [
       34.7996871,
       32.1333638
      ],
      [
       34.7991667,
       32.1333855
      ]
     ]
    ]
   }
  },
  {
   "type": "Feature",
   "properties": {
    "code": "LLU72",
    "nameHe": "תמנע",
    "nameEn": null,
    "zoneTypeCode": "LLU_DRONE",
    "floorAmslFt": null,
    "ceilingAmslFt": null,
    "aglCeilingFt": null,
    "notes": "circle: center 31°37'57\"N 34°45'04\"E, radius 500 m (published)"
   },
   "geometry": {
    "type": "Polygon",
    "coordinates": [
     [
      [
       34.7511111,
       31.6369966
      ],
      [
       34.7505934,
       31.6369749
      ],
      [
       34.7500807,
       31.6369102
      ],
      [
       34.749578,
       31.636803
      ],
      [
       34.74909,
       31.6366543
      ],
      [
       34.7486214,
       31.6364656
      ],
      [
       34.7481769,
       31.6362388
      ],
      [
       34.7477606,
       31.6359759
      ],
      [
       34.7473766,
       31.6356795
      ],
      [
       34.7470285,
       31.6353525
      ],
      [
       34.7467198,
       31.6349981
      ],
      [
       34.7464534,
       31.6346196
      ],
      [
       34.7462318,
       31.6342207
      ],
      [
       34.7460572,
       31.6338052
      ],
      [
       34.7459313,
       31.6333771
      ],
      [
       34.7458553,
       31.6329406
      ],
      [
       34.7458299,
       31.6324999
      ],
      [
       34.7458553,
       31.6320591
      ],
      [
       34.7459314,
       31.6316227
      ],
      [
       34.7460574,
       31.6311946
      ],
      [
       34.746232,
       31.6307791
      ],
      [
       34.7464536,
       31.6303802
      ],
      [
       34.74672,
       31.6300017
      ],
      [
       34.7470288,
       31.6296473
      ],
      [
       34.7473768,
       31.6293204
      ],
      [
       34.7477609,
       31.629024
      ],
      [
       34.7481771,
       31.6287612
      ],
      [
       34.7486217,
       31.6285343
      ],
      [
       34.7490902,
       31.6283457
      ],
      [
       34.7495781,
       31.628197
      ],
      [
       34.7500808,
       31.6280898
      ],
      [
       34.7505935,
       31.628025
      ],
      [
       34.7511111,
       31.6280034
      ],
      [
       34.7516287,
       31.628025
      ],
      [
       34.7521414,
       31.6280898
      ],
      [
       34.7526441,
       31.628197
      ],
      [
       34.7531321,
       31.6283457
      ],
      [
       34.7536006,
       31.6285343
      ],
      [
       34.7540451,
       31.6287612
      ],
      [
       34.7544614,
       31.629024
      ],
      [
       34.7548454,
       31.6293204
      ],
      [
       34.7551934,
       31.6296473
      ],
      [
       34.7555022,
       31.6300017
      ],
      [
       34.7557686,
       31.6303802
      ],
      [
       34.7559902,
       31.6307791
      ],
      [
       34.7561649,
       31.6311946
      ],
      [
       34.7562908,
       31.6316227
      ],
      [
       34.7563669,
       31.6320591
      ],
      [
       34.7563923,
       31.6324999
      ],
      [
       34.7563669,
       31.6329406
      ],
      [
       34.7562909,
       31.6333771
      ],
      [
       34.756165,
       31.6338052
      ],
      [
       34.7559904,
       31.6342207
      ],
      [
       34.7557689,
       31.6346196
      ],
      [
       34.7555024,
       31.6349981
      ],
      [
       34.7551937,
       31.6353525
      ],
      [
       34.7548456,
       31.6356795
      ],
      [
       34.7544616,
       31.6359759
      ],
      [
       34.7540453,
       31.6362388
      ],
      [
       34.7536008,
       31.6364656
      ],
      [
       34.7531322,
       31.6366543
      ],
      [
       34.7526442,
       31.636803
      ],
      [
       34.7521415,
       31.6369102
      ],
      [
       34.7516288,
       31.6369749
      ],
      [
       34.7511111,
       31.6369966
      ]
     ]
    ]
   }
  },
  {
   "type": "Feature",
   "properties": {
    "code": "LLU73",
    "nameHe": "תחנת אגירה כוכב הירדן",
    "nameEn": null,
    "zoneTypeCode": "LLU_DRONE",
    "floorAmslFt": null,
    "ceilingAmslFt": null,
    "aglCeilingFt": null,
    "notes": "circle: center 32°35'53\"N 35°32'28\"E, radius 200 m (published)"
   },
   "geometry": {
    "type": "Polygon",
    "coordinates": [
     [
      [
       35.5411111,
       32.5998542
      ],
      [
       35.5409018,
       32.5998455
      ],
      [
       35.5406946,
       32.5998196
      ],
      [
       35.5404914,
       32.5997767
      ],
      [
       35.5402941,
       32.5997173
      ],
      [
       35.5401047,
       32.5996418
      ],
      [
       35.539925,
       32.5995511
      ],
      [
       35.5397567,
       32.5994459
      ],
      [
       35.5396014,
       32.5993274
      ],
      [
       35.5394607,
       32.5991966
      ],
      [
       35.5393359,
       32.5990548
      ],
      [
       35.5392282,
       32.5989034
      ],
      [
       35.5391387,
       32.5987439
      ],
      [
       35.5390681,
       32.5985777
      ],
      [
       35.5390172,
       32.5984064
      ],
      [
       35.5389864,
       32.5982318
      ],
      [
       35.5389762,
       32.5980555
      ],
      [
       35.5389864,
       32.5978792
      ],
      [
       35.5390172,
       32.5977046
      ],
      [
       35.5390681,
       32.5975334
      ],
      [
       35.5391387,
       32.5973672
      ],
      [
       35.5392283,
       32.5972077
      ],
      [
       35.539336,
       32.5970563
      ],
      [
       35.5394608,
       32.5969145
      ],
      [
       35.5396015,
       32.5967837
      ],
      [
       35.5397567,
       32.5966652
      ],
      [
       35.539925,
       32.59656
      ],
      [
       35.5401047,
       32.5964693
      ],
      [
       35.5402941,
       32.5963938
      ],
      [
       35.5404914,
       32.5963344
      ],
      [
       35.5406946,
       32.5962915
      ],
      [
       35.5409019,
       32.5962656
      ],
      [
       35.5411111,
       32.5962569
      ],
      [
       35.5413204,
       32.5962656
      ],
      [
       35.5415276,
       32.5962915
      ],
      [
       35.5417308,
       32.5963344
      ],
      [
       35.5419281,
       32.5963938
      ],
      [
       35.5421175,
       32.5964693
      ],
      [
       35.5422972,
       32.59656
      ],
      [
       35.5424655,
       32.5966652
      ],
      [
       35.5426207,
       32.5967837
      ],
      [
       35.5427614,
       32.5969145
      ],
      [
       35.5428862,
       32.5970563
      ],
      [
       35.542994,
       32.5972077
      ],
      [
       35.5430835,
       32.5973672
      ],
      [
       35.5431541,
       32.5975334
      ],
      [
       35.543205,
       32.5977046
      ],
      [
       35.5432358,
       32.5978792
      ],
      [
       35.5432461,
       32.5980555
      ],
      [
       35.5432358,
       32.5982318
      ],
      [
       35.5432051,
       32.5984064
      ],
      [
       35.5431542,
       32.5985777
      ],
      [
       35.5430836,
       32.5987439
      ],
      [
       35.542994,
       32.5989034
      ],
      [
       35.5428863,
       32.5990548
      ],
      [
       35.5427615,
       32.5991966
      ],
      [
       35.5426208,
       32.5993274
      ],
      [
       35.5424655,
       32.5994459
      ],
      [
       35.5422973,
       32.5995511
      ],
      [
       35.5421175,
       32.5996418
      ],
      [
       35.5419281,
       32.5997173
      ],
      [
       35.5417309,
       32.5997767
      ],
      [
       35.5415276,
       32.5998196
      ],
      [
       35.5413204,
       32.5998455
      ],
      [
       35.5411111,
       32.5998542
      ]
     ]
    ]
   }
  }
 ]
}
